{
  "title": "Crashlytics - Custom logs",
  "bundle_identifier": "hu.microsec.eszigno.mobile",
  "platform": "apple",
  "display_version": "3.7.1",
  "build_version": "2759",
  "issue_id": "66ab9689c1addf4cdac8881ddf52eff2",
  "session_id": "ef7bec7bc1f8417594cc4a5d608224c6_DNE_7_v2",
  "event_timestamp": "Mon Jun 08 2026 10:12:17 GMT+0200 (Central European Summer Time)",
  "logs_and_breadcrumbs": [
    {
      "timestamp": "Mon Jun 08 2026 09:42:21 GMT+0200 (Central European Summer Time)",
      "name": "screen_view",
      "source": "analytics",
      "params": {
        "firebase_screen_class": "EULAScreen"
      }
    },
    {
      "timestamp": "Mon Jun 08 2026 09:42:26 GMT+0200 (Central European Summer Time)",
      "name": "screen_view",
      "source": "analytics",
      "params": {
        "firebase_screen_class": "LoginStartScreen"
      }
    },
    {
      "timestamp": "Mon Jun 08 2026 09:42:29 GMT+0200 (Central European Summer Time)",
      "name": "screen_view",
      "source": "analytics",
      "params": {
        "firebase_screen_class": "LoginQrReaderScreen"
      }
    },
    {
      "timestamp": "Mon Jun 08 2026 09:42:31 GMT+0200 (Central European Summer Time)",
      "name": "screen_view",
      "source": "analytics",
      "params": {
        "firebase_screen_class": "VideoUserAgreementsScreen"
      }
    },
    {
      "timestamp": "Mon Jun 08 2026 09:42:33 GMT+0200 (Central European Summer Time)",
      "name": "screen_view",
      "source": "analytics",
      "params": {
        "firebase_screen_class": "VideoAssistanceScreen"
      }
    },
    {
      "timestamp": "Mon Jun 08 2026 09:42:35 GMT+0200 (Central European Summer Time)",
      "message": "FaceKom started from: videoId",
      "source": "crashlytics"
    },
    {
      "timestamp": "Mon Jun 08 2026 09:42:35 GMT+0200 (Central European Summer Time)",
      "message": "FaceKom started with assistance: false",
      "source": "crashlytics"
    },
    {
      "timestamp": "Mon Jun 08 2026 09:42:36 GMT+0200 (Central European Summer Time)",
      "name": "screen_view",
      "source": "analytics",
      "params": {
        "firebase_screen_class": "VideoIntroScreen"
      }
    },
    {
      "timestamp": "Mon Jun 08 2026 09:42:55 GMT+0200 (Central European Summer Time)",
      "message": "FaceKom ID Verified",
      "source": "crashlytics"
    },
    {
      "timestamp": "Mon Jun 08 2026 09:42:55 GMT+0200 (Central European Summer Time)",
      "name": "screen_view",
      "source": "analytics",
      "params": {
        "firebase_screen_class": "IdVerificationScreen"
      }
    },
    {
      "timestamp": "Mon Jun 08 2026 09:43:00 GMT+0200 (Central European Summer Time)",
      "message": "FaceKom SelfService started",
      "source": "crashlytics"
    },
    {
      "timestamp": "Mon Jun 08 2026 09:43:00 GMT+0200 (Central European Summer Time)",
      "message": "FaceKom getSettings success",
      "source": "crashlytics"
    },
    {
      "timestamp": "Mon Jun 08 2026 09:43:00 GMT+0200 (Central European Summer Time)",
      "message": "FaceKom status changed: connecting",
      "source": "crashlytics"
    },
    {
      "timestamp": "Mon Jun 08 2026 09:43:01 GMT+0200 (Central European Summer Time)",
      "message": "FaceKom connectSocket success",
      "source": "crashlytics"
    },
    {
      "timestamp": "Mon Jun 08 2026 09:43:01 GMT+0200 (Central European Summer Time)",
      "message": "FaceKom status changed: connected",
      "source": "crashlytics"
    },
    {
      "timestamp": "Mon Jun 08 2026 09:43:01 GMT+0200 (Central European Summer Time)",
      "name": "screen_view",
      "source": "analytics",
      "params": {
        "firebase_screen_class": "SelfServiceViewController"
      }
    },
    {
      "timestamp": "Mon Jun 08 2026 09:43:01 GMT+0200 (Central European Summer Time)",
      "message": "Facekom flow successfully started, Listening...",
      "source": "crashlytics"
    },
    {
      "timestamp": "Mon Jun 08 2026 09:43:01 GMT+0200 (Central European Summer Time)",
      "message": "FaceKom auth success",
      "source": "crashlytics"
    },
    {
      "timestamp": "Mon Jun 08 2026 09:43:01 GMT+0200 (Central European Summer Time)",
      "message": "FaceKom nextStep: custom(type: \"voice-liveness-check\", data: FaceKomSDK.FKSelfService.Step.SData(retry: Optional(false), isRequired: true, additionalData: Optional([\"voiceLivenessCheckNumber\": 3253, \"startVideo\": 1]), availableStreamIDs: nil, maxRetryNumber: nil))",
      "source": "crashlytics"
    },
    {
      "timestamp": "Mon Jun 08 2026 09:43:33 GMT+0200 (Central European Summer Time)",
      "message": "FaceKom WebRTC started",
      "source": "crashlytics"
    },
    {
      "timestamp": "Mon Jun 08 2026 09:43:33 GMT+0200 (Central European Summer Time)",
      "name": "screen_view",
      "source": "analytics",
      "params": {
        "firebase_screen_class": "SelfieViewController"
      }
    },
    {
      "timestamp": "Mon Jun 08 2026 09:43:39 GMT+0200 (Central European Summer Time)",
      "message": "FaceKom handleNewMessageStep: detection:status:face, currentStep: voice-liveness-check",
      "source": "crashlytics"
    },
    {
      "timestamp": "Mon Jun 08 2026 09:43:39 GMT+0200 (Central European Summer Time)",
      "message": "FaceKom consent voice: nil, face: Optional(eSzigno.MessageStep.faceDetection)",
      "source": "crashlytics"
    },
    {
      "timestamp": "Mon Jun 08 2026 09:43:39 GMT+0200 (Central European Summer Time)",
      "message": "FaceKom -> StepMessage: task(step: \"voice-liveness-check\", data: FaceKomSDK.FKSelfService.StepMessageDataTask(instruction: \"detection:status:face\", message: Optional(\"success\")))",
      "source": "crashlytics"
    },
    {
      "timestamp": "Mon Jun 08 2026 09:44:39 GMT+0200 (Central European Summer Time)",
      "message": "FaceKom status changed: disconnected",
      "source": "crashlytics"
    },
    {
      "timestamp": "Mon Jun 08 2026 09:44:39 GMT+0200 (Central European Summer Time)",
      "message": "FaceKom status changed: disconnected",
      "source": "crashlytics"
    },
    {
      "timestamp": "Mon Jun 08 2026 09:44:39 GMT+0200 (Central European Summer Time)",
      "message": "FaceKom session disconnected: consent timer expired, user waited for more than 60 seconds for detection",
      "source": "crashlytics"
    },
    {
      "timestamp": "Mon Jun 08 2026 09:44:39 GMT+0200 (Central European Summer Time)",
      "message": "FaceKom user initiated closing, isAlreadyClosed: true, currentStep: voiceLivenessCheck",
      "source": "crashlytics"
    },
    {
      "timestamp": "Mon Jun 08 2026 09:44:39 GMT+0200 (Central European Summer Time)",
      "message": "FaceKom stopStream",
      "source": "crashlytics"
    },
    {
      "timestamp": "Mon Jun 08 2026 09:44:40 GMT+0200 (Central European Summer Time)",
      "name": "screen_view",
      "source": "analytics",
      "params": {
        "firebase_screen_class": "LoginQrReaderScreen"
      }
    },
    {
      "timestamp": "Mon Jun 08 2026 09:44:41 GMT+0200 (Central European Summer Time)",
      "name": "screen_view",
      "source": "analytics",
      "params": {
        "firebase_screen_class": "LoginStartScreen"
      }
    },
    {
      "timestamp": "Mon Jun 08 2026 09:44:44 GMT+0200 (Central European Summer Time)",
      "name": "screen_view",
      "source": "analytics",
      "params": {
        "firebase_screen_class": "LoginQrReaderScreen"
      }
    },
    {
      "timestamp": "Mon Jun 08 2026 09:44:48 GMT+0200 (Central European Summer Time)",
      "name": "screen_view",
      "source": "analytics",
      "params": {
        "firebase_screen_class": "VideoUserAgreementsScreen"
      }
    },
    {
      "timestamp": "Mon Jun 08 2026 09:44:56 GMT+0200 (Central European Summer Time)",
      "name": "screen_view",
      "source": "analytics",
      "params": {
        "firebase_screen_class": "VideoAssistanceScreen"
      }
    },
    {
      "timestamp": "Mon Jun 08 2026 09:44:57 GMT+0200 (Central European Summer Time)",
      "message": "FaceKom started from: videoId",
      "source": "crashlytics"
    },
    {
      "timestamp": "Mon Jun 08 2026 09:44:57 GMT+0200 (Central European Summer Time)",
      "message": "FaceKom started with assistance: false",
      "source": "crashlytics"
    },
    {
      "timestamp": "Mon Jun 08 2026 09:44:58 GMT+0200 (Central European Summer Time)",
      "name": "screen_view",
      "source": "analytics",
      "params": {
        "firebase_screen_class": "VideoIntroScreen"
      }
    },
    {
      "timestamp": "Mon Jun 08 2026 09:45:11 GMT+0200 (Central European Summer Time)",
      "message": "FaceKom ID Verified",
      "source": "crashlytics"
    },
    {
      "timestamp": "Mon Jun 08 2026 09:45:12 GMT+0200 (Central European Summer Time)",
      "name": "screen_view",
      "source": "analytics",
      "params": {
        "firebase_screen_class": "IdVerificationScreen"
      }
    },
    {
      "timestamp": "Mon Jun 08 2026 09:45:12 GMT+0200 (Central European Summer Time)",
      "message": "FaceKom SelfService started",
      "source": "crashlytics"
    },
    {
      "timestamp": "Mon Jun 08 2026 09:45:12 GMT+0200 (Central European Summer Time)",
      "message": "FaceKom getSettings success",
      "source": "crashlytics"
    },
    {
      "timestamp": "Mon Jun 08 2026 09:45:12 GMT+0200 (Central European Summer Time)",
      "message": "FaceKom status changed: connecting",
      "source": "crashlytics"
    },
    {
      "timestamp": "Mon Jun 08 2026 09:45:13 GMT+0200 (Central European Summer Time)",
      "message": "FaceKom connectSocket success",
      "source": "crashlytics"
    },
    {
      "timestamp": "Mon Jun 08 2026 09:45:13 GMT+0200 (Central European Summer Time)",
      "message": "FaceKom status changed: connected",
      "source": "crashlytics"
    },
    {
      "timestamp": "Mon Jun 08 2026 09:45:13 GMT+0200 (Central European Summer Time)",
      "name": "screen_view",
      "source": "analytics",
      "params": {
        "firebase_screen_class": "SelfServiceViewController"
      }
    },
    {
      "timestamp": "Mon Jun 08 2026 09:45:13 GMT+0200 (Central European Summer Time)",
      "message": "Facekom flow successfully started, Listening...",
      "source": "crashlytics"
    },
    {
      "timestamp": "Mon Jun 08 2026 09:45:13 GMT+0200 (Central European Summer Time)",
      "message": "FaceKom auth success",
      "source": "crashlytics"
    },
    {
      "timestamp": "Mon Jun 08 2026 09:45:13 GMT+0200 (Central European Summer Time)",
      "message": "FaceKom nextStep: custom(type: \"voice-liveness-check\", data: FaceKomSDK.FKSelfService.Step.SData(retry: Optional(false), isRequired: true, additionalData: Optional([\"voiceLivenessCheckNumber\": 1812, \"startVideo\": 1]), availableStreamIDs: nil, maxRetryNumber: nil))",
      "source": "crashlytics"
    },
    {
      "timestamp": "Mon Jun 08 2026 09:45:15 GMT+0200 (Central European Summer Time)",
      "name": "screen_view",
      "source": "analytics",
      "params": {
        "firebase_screen_class": "SelfieViewController"
      }
    },
    {
      "timestamp": "Mon Jun 08 2026 09:45:15 GMT+0200 (Central European Summer Time)",
      "message": "FaceKom WebRTC started",
      "source": "crashlytics"
    },
    {
      "timestamp": "Mon Jun 08 2026 09:45:19 GMT+0200 (Central European Summer Time)",
      "message": "FaceKom handleNewMessageStep: detection:status:voice, currentStep: voice-liveness-check",
      "source": "crashlytics"
    },
    {
      "timestamp": "Mon Jun 08 2026 09:45:19 GMT+0200 (Central European Summer Time)",
      "message": "FaceKom consent voice: Optional(eSzigno.MessageStep.voiceDetection), face: nil",
      "source": "crashlytics"
    },
    {
      "timestamp": "Mon Jun 08 2026 09:45:19 GMT+0200 (Central European Summer Time)",
      "message": "FaceKom -> StepMessage: task(step: \"voice-liveness-check\", data: FaceKomSDK.FKSelfService.StepMessageDataTask(instruction: \"detection:status:voice\", message: Optional(\"success\")))",
      "source": "crashlytics"
    },
    {
      "timestamp": "Mon Jun 08 2026 09:46:19 GMT+0200 (Central European Summer Time)",
      "message": "FaceKom status changed: disconnected",
      "source": "crashlytics"
    },
    {
      "timestamp": "Mon Jun 08 2026 09:46:19 GMT+0200 (Central European Summer Time)",
      "message": "FaceKom status changed: disconnected",
      "source": "crashlytics"
    },
    {
      "timestamp": "Mon Jun 08 2026 09:46:19 GMT+0200 (Central European Summer Time)",
      "message": "FaceKom session disconnected: consent timer expired, user waited for more than 60 seconds for detection",
      "source": "crashlytics"
    },
    {
      "timestamp": "Mon Jun 08 2026 09:46:19 GMT+0200 (Central European Summer Time)",
      "message": "FaceKom user initiated closing, isAlreadyClosed: true, currentStep: voiceLivenessCheck",
      "source": "crashlytics"
    },
    {
      "timestamp": "Mon Jun 08 2026 09:46:19 GMT+0200 (Central European Summer Time)",
      "message": "FaceKom stopStream",
      "source": "crashlytics"
    },
    {
      "timestamp": "Mon Jun 08 2026 09:46:19 GMT+0200 (Central European Summer Time)",
      "name": "screen_view",
      "source": "analytics",
      "params": {
        "firebase_screen_class": "LoginQrReaderScreen"
      }
    },
    {
      "timestamp": "Mon Jun 08 2026 09:46:20 GMT+0200 (Central European Summer Time)",
      "name": "screen_view",
      "source": "analytics",
      "params": {
        "firebase_screen_class": "LoginStartScreen"
      }
    },
    {
      "timestamp": "Mon Jun 08 2026 09:46:29 GMT+0200 (Central European Summer Time)",
      "name": "screen_view",
      "source": "analytics",
      "params": {
        "firebase_screen_class": "LoginSelectorScreen"
      }
    },
    {
      "timestamp": "Mon Jun 08 2026 09:46:33 GMT+0200 (Central European Summer Time)",
      "name": "screen_view",
      "source": "analytics",
      "params": {
        "firebase_screen_class": "LoginStartScreen"
      }
    },
    {
      "timestamp": "Mon Jun 08 2026 09:46:40 GMT+0200 (Central European Summer Time)",
      "name": "screen_view",
      "source": "analytics",
      "params": {
        "firebase_screen_class": "LoginQrReaderScreen"
      }
    },
    {
      "timestamp": "Mon Jun 08 2026 09:47:14 GMT+0200 (Central European Summer Time)",
      "name": "screen_view",
      "source": "analytics",
      "params": {
        "firebase_screen_class": "VideoUserAgreementsScreen"
      }
    },
    {
      "timestamp": "Mon Jun 08 2026 09:47:16 GMT+0200 (Central European Summer Time)",
      "name": "screen_view",
      "source": "analytics",
      "params": {
        "firebase_screen_class": "VideoAssistanceScreen"
      }
    },
    {
      "timestamp": "Mon Jun 08 2026 09:47:18 GMT+0200 (Central European Summer Time)",
      "message": "FaceKom started from: videoId",
      "source": "crashlytics"
    },
    {
      "timestamp": "Mon Jun 08 2026 09:47:18 GMT+0200 (Central European Summer Time)",
      "message": "FaceKom started with assistance: false",
      "source": "crashlytics"
    },
    {
      "timestamp": "Mon Jun 08 2026 09:47:18 GMT+0200 (Central European Summer Time)",
      "name": "screen_view",
      "source": "analytics",
      "params": {
        "firebase_screen_class": "VideoIntroScreen"
      }
    },
    {
      "timestamp": "Mon Jun 08 2026 09:47:32 GMT+0200 (Central European Summer Time)",
      "message": "FaceKom ID Verified",
      "source": "crashlytics"
    },
    {
      "timestamp": "Mon Jun 08 2026 09:47:33 GMT+0200 (Central European Summer Time)",
      "name": "screen_view",
      "source": "analytics",
      "params": {
        "firebase_screen_class": "IdVerificationScreen"
      }
    },
    {
      "timestamp": "Mon Jun 08 2026 09:47:34 GMT+0200 (Central European Summer Time)",
      "message": "FaceKom SelfService started",
      "source": "crashlytics"
    },
    {
      "timestamp": "Mon Jun 08 2026 09:47:34 GMT+0200 (Central European Summer Time)",
      "message": "FaceKom getSettings success",
      "source": "crashlytics"
    },
    {
      "timestamp": "Mon Jun 08 2026 09:47:34 GMT+0200 (Central European Summer Time)",
      "message": "FaceKom status changed: connecting",
      "source": "crashlytics"
    },
    {
      "timestamp": "Mon Jun 08 2026 09:47:34 GMT+0200 (Central European Summer Time)",
      "message": "FaceKom connectSocket success",
      "source": "crashlytics"
    },
    {
      "timestamp": "Mon Jun 08 2026 09:47:34 GMT+0200 (Central European Summer Time)",
      "message": "FaceKom status changed: connected",
      "source": "crashlytics"
    },
    {
      "timestamp": "Mon Jun 08 2026 09:47:34 GMT+0200 (Central European Summer Time)",
      "name": "screen_view",
      "source": "analytics",
      "params": {
        "firebase_screen_class": "SelfServiceViewController"
      }
    },
    {
      "timestamp": "Mon Jun 08 2026 09:47:34 GMT+0200 (Central European Summer Time)",
      "message": "Facekom flow successfully started, Listening...",
      "source": "crashlytics"
    },
    {
      "timestamp": "Mon Jun 08 2026 09:47:34 GMT+0200 (Central European Summer Time)",
      "message": "FaceKom auth success",
      "source": "crashlytics"
    },
    {
      "timestamp": "Mon Jun 08 2026 09:47:34 GMT+0200 (Central European Summer Time)",
      "message": "FaceKom nextStep: custom(type: \"voice-liveness-check\", data: FaceKomSDK.FKSelfService.Step.SData(retry: Optional(false), isRequired: true, additionalData: Optional([\"startVideo\": 1, \"voiceLivenessCheckNumber\": 1878]), availableStreamIDs: nil, maxRetryNumber: nil))",
      "source": "crashlytics"
    },
    {
      "timestamp": "Mon Jun 08 2026 09:47:41 GMT+0200 (Central European Summer Time)",
      "message": "FaceKom WebRTC started",
      "source": "crashlytics"
    },
    {
      "timestamp": "Mon Jun 08 2026 09:47:41 GMT+0200 (Central European Summer Time)",
      "name": "screen_view",
      "source": "analytics",
      "params": {
        "firebase_screen_class": "SelfieViewController"
      }
    },
    {
      "timestamp": "Mon Jun 08 2026 09:50:41 GMT+0200 (Central European Summer Time)",
      "message": "FaceKom session did enter background at step: voice-liveness-check, isVideoStep: true.",
      "source": "crashlytics"
    },
    {
      "timestamp": "Mon Jun 08 2026 09:50:41 GMT+0200 (Central European Summer Time)",
      "message": "FaceKom user initiated closing, isAlreadyClosed: false, currentStep: voiceLivenessCheck",
      "source": "crashlytics"
    },
    {
      "timestamp": "Mon Jun 08 2026 09:50:42 GMT+0200 (Central European Summer Time)",
      "message": "FaceKom nextStep: end(status: \"aborted\", additionalData: nil)",
      "source": "crashlytics"
    },
    {
      "timestamp": "Mon Jun 08 2026 09:50:42 GMT+0200 (Central European Summer Time)",
      "message": "Facekom SelfService stopped and cleared.",
      "source": "crashlytics"
    },
    {
      "timestamp": "Mon Jun 08 2026 09:50:42 GMT+0200 (Central European Summer Time)",
      "message": "FaceKom status changed: disconnected",
      "source": "crashlytics"
    },
    {
      "timestamp": "Mon Jun 08 2026 09:50:42 GMT+0200 (Central European Summer Time)",
      "message": "FaceKom status changed: disconnected",
      "source": "crashlytics"
    },
    {
      "timestamp": "Mon Jun 08 2026 09:50:42 GMT+0200 (Central European Summer Time)",
      "message": "FaceKom aborted state: nil",
      "source": "crashlytics"
    },
    {
      "timestamp": "Mon Jun 08 2026 09:50:42 GMT+0200 (Central European Summer Time)",
      "message": "Facekom finished with state: aborted(message: Optional(\"Ismeretlen hiba történt!\"))",
      "source": "crashlytics"
    },
    {
      "timestamp": "Mon Jun 08 2026 09:50:42 GMT+0200 (Central European Summer Time)",
      "message": "FaceKom user initiated closing, isAlreadyClosed: true, currentStep: end",
      "source": "crashlytics"
    },
    {
      "timestamp": "Mon Jun 08 2026 09:50:42 GMT+0200 (Central European Summer Time)",
      "message": "FaceKom stopStream",
      "source": "crashlytics"
    },
    {
      "timestamp": "Mon Jun 08 2026 09:50:43 GMT+0200 (Central European Summer Time)",
      "name": "screen_view",
      "source": "analytics",
      "params": {
        "firebase_screen_class": "LoginQrReaderScreen"
      }
    },
    {
      "timestamp": "Mon Jun 08 2026 09:50:43 GMT+0200 (Central European Summer Time)",
      "name": "screen_view",
      "source": "analytics",
      "params": {
        "firebase_screen_class": "LoginStartScreen"
      }
    },
    {
      "timestamp": "Mon Jun 08 2026 09:50:45 GMT+0200 (Central European Summer Time)",
      "name": "screen_view",
      "source": "analytics",
      "params": {
        "firebase_screen_class": "LoginQrReaderScreen"
      }
    },
    {
      "timestamp": "Mon Jun 08 2026 09:50:49 GMT+0200 (Central European Summer Time)",
      "name": "screen_view",
      "source": "analytics",
      "params": {
        "firebase_screen_class": "VideoUserAgreementsScreen"
      }
    },
    {
      "timestamp": "Mon Jun 08 2026 09:50:51 GMT+0200 (Central European Summer Time)",
      "name": "screen_view",
      "source": "analytics",
      "params": {
        "firebase_screen_class": "VideoAssistanceScreen"
      }
    },
    {
      "timestamp": "Mon Jun 08 2026 09:50:52 GMT+0200 (Central European Summer Time)",
      "message": "FaceKom started from: videoId",
      "source": "crashlytics"
    },
    {
      "timestamp": "Mon Jun 08 2026 09:50:52 GMT+0200 (Central European Summer Time)",
      "message": "FaceKom started with assistance: false",
      "source": "crashlytics"
    },
    {
      "timestamp": "Mon Jun 08 2026 09:50:53 GMT+0200 (Central European Summer Time)",
      "name": "screen_view",
      "source": "analytics",
      "params": {
        "firebase_screen_class": "VideoIntroScreen"
      }
    },
    {
      "timestamp": "Mon Jun 08 2026 09:51:05 GMT+0200 (Central European Summer Time)",
      "message": "FaceKom ID Verified",
      "source": "crashlytics"
    },
    {
      "timestamp": "Mon Jun 08 2026 09:51:05 GMT+0200 (Central European Summer Time)",
      "name": "screen_view",
      "source": "analytics",
      "params": {
        "firebase_screen_class": "IdVerificationScreen"
      }
    },
    {
      "timestamp": "Mon Jun 08 2026 09:51:06 GMT+0200 (Central European Summer Time)",
      "message": "FaceKom SelfService started",
      "source": "crashlytics"
    },
    {
      "timestamp": "Mon Jun 08 2026 09:51:07 GMT+0200 (Central European Summer Time)",
      "message": "FaceKom getSettings success",
      "source": "crashlytics"
    },
    {
      "timestamp": "Mon Jun 08 2026 09:51:07 GMT+0200 (Central European Summer Time)",
      "message": "FaceKom status changed: connecting",
      "source": "crashlytics"
    },
    {
      "timestamp": "Mon Jun 08 2026 09:51:07 GMT+0200 (Central European Summer Time)",
      "message": "FaceKom connectSocket success",
      "source": "crashlytics"
    },
    {
      "timestamp": "Mon Jun 08 2026 09:51:07 GMT+0200 (Central European Summer Time)",
      "message": "FaceKom status changed: connected",
      "source": "crashlytics"
    },
    {
      "timestamp": "Mon Jun 08 2026 09:51:07 GMT+0200 (Central European Summer Time)",
      "name": "screen_view",
      "source": "analytics",
      "params": {
        "firebase_screen_class": "SelfServiceViewController"
      }
    },
    {
      "timestamp": "Mon Jun 08 2026 09:51:07 GMT+0200 (Central European Summer Time)",
      "message": "Facekom flow successfully started, Listening...",
      "source": "crashlytics"
    },
    {
      "timestamp": "Mon Jun 08 2026 09:51:07 GMT+0200 (Central European Summer Time)",
      "message": "FaceKom auth success",
      "source": "crashlytics"
    },
    {
      "timestamp": "Mon Jun 08 2026 09:51:07 GMT+0200 (Central European Summer Time)",
      "message": "FaceKom nextStep: custom(type: \"voice-liveness-check\", data: FaceKomSDK.FKSelfService.Step.SData(retry: Optional(false), isRequired: true, additionalData: Optional([\"startVideo\": 1, \"voiceLivenessCheckNumber\": 6694]), availableStreamIDs: nil, maxRetryNumber: nil))",
      "source": "crashlytics"
    },
    {
      "timestamp": "Mon Jun 08 2026 09:51:13 GMT+0200 (Central European Summer Time)",
      "message": "FaceKom WebRTC started",
      "source": "crashlytics"
    },
    {
      "timestamp": "Mon Jun 08 2026 09:51:13 GMT+0200 (Central European Summer Time)",
      "name": "screen_view",
      "source": "analytics",
      "params": {
        "firebase_screen_class": "SelfieViewController"
      }
    },
    {
      "timestamp": "Mon Jun 08 2026 09:51:16 GMT+0200 (Central European Summer Time)",
      "message": "FaceKom -> StepMessage: guide(step: \"voice-liveness-check\", data: FaceKomSDK.FKSelfService.StepMessageDataGuide(type: \"head_position\", instruction: \"move_head_away\"))",
      "source": "crashlytics"
    },
    {
      "timestamp": "Mon Jun 08 2026 09:51:17 GMT+0200 (Central European Summer Time)",
      "message": "FaceKom handleNewMessageStep: detection:status:voice, currentStep: voice-liveness-check",
      "source": "crashlytics"
    },
    {
      "timestamp": "Mon Jun 08 2026 09:51:17 GMT+0200 (Central European Summer Time)",
      "message": "FaceKom consent voice: Optional(eSzigno.MessageStep.voiceDetection), face: nil",
      "source": "crashlytics"
    },
    {
      "timestamp": "Mon Jun 08 2026 09:51:17 GMT+0200 (Central European Summer Time)",
      "message": "FaceKom -> StepMessage: task(step: \"voice-liveness-check\", data: FaceKomSDK.FKSelfService.StepMessageDataTask(instruction: \"detection:status:voice\", message: Optional(\"success\")))",
      "source": "crashlytics"
    },
    {
      "timestamp": "Mon Jun 08 2026 09:51:18 GMT+0200 (Central European Summer Time)",
      "message": "FaceKom -> StepMessage: guide(step: \"voice-liveness-check\", data: FaceKomSDK.FKSelfService.StepMessageDataGuide(type: \"head_position\", instruction: \"move_head_away\"))",
      "source": "crashlytics"
    },
    {
      "timestamp": "Mon Jun 08 2026 09:51:19 GMT+0200 (Central European Summer Time)",
      "message": "FaceKom -> StepMessage: guide(step: \"voice-liveness-check\", data: FaceKomSDK.FKSelfService.StepMessageDataGuide(type: \"head_position\", instruction: \"move_head_away\"))",
      "source": "crashlytics"
    },
    {
      "timestamp": "Mon Jun 08 2026 09:51:21 GMT+0200 (Central European Summer Time)",
      "message": "FaceKom -> StepMessage: guide(step: \"voice-liveness-check\", data: FaceKomSDK.FKSelfService.StepMessageDataGuide(type: \"head_position\", instruction: \"move_head_away\"))",
      "source": "crashlytics"
    },
    {
      "timestamp": "Mon Jun 08 2026 09:51:23 GMT+0200 (Central European Summer Time)",
      "message": "FaceKom -> StepMessage: guide(step: \"voice-liveness-check\", data: FaceKomSDK.FKSelfService.StepMessageDataGuide(type: \"head_position\", instruction: \"move_head_away\"))",
      "source": "crashlytics"
    },
    {
      "timestamp": "Mon Jun 08 2026 09:51:24 GMT+0200 (Central European Summer Time)",
      "message": "FaceKom handleNewMessageStep: detection:status:face, currentStep: voice-liveness-check",
      "source": "crashlytics"
    },
    {
      "timestamp": "Mon Jun 08 2026 09:51:24 GMT+0200 (Central European Summer Time)",
      "message": "FaceKom consent voice: Optional(eSzigno.MessageStep.voiceDetection), face: Optional(eSzigno.MessageStep.faceDetection)",
      "source": "crashlytics"
    },
    {
      "timestamp": "Mon Jun 08 2026 09:51:24 GMT+0200 (Central European Summer Time)",
      "message": "FaceKom -> StepMessage: task(step: \"voice-liveness-check\", data: FaceKomSDK.FKSelfService.StepMessageDataTask(instruction: \"detection:status:face\", message: Optional(\"success\")))",
      "source": "crashlytics"
    },
    {
      "timestamp": "Mon Jun 08 2026 09:51:27 GMT+0200 (Central European Summer Time)",
      "message": "FaceKom nextStep: custom(type: \"deepfake-detection\", data: FaceKomSDK.FKSelfService.Step.SData(retry: Optional(false), isRequired: true, additionalData: nil, availableStreamIDs: nil, maxRetryNumber: nil))",
      "source": "crashlytics"
    },
    {
      "timestamp": "Mon Jun 08 2026 09:51:31 GMT+0200 (Central European Summer Time)",
      "message": "FaceKom handleNewMessageStep: detection:status:face, currentStep: deepfake-detection",
      "source": "crashlytics"
    },
    {
      "timestamp": "Mon Jun 08 2026 09:51:31 GMT+0200 (Central European Summer Time)",
      "message": "FaceKom consent face: Optional(eSzigno.MessageStep.faceDetection), card: nil",
      "source": "crashlytics"
    },
    {
      "timestamp": "Mon Jun 08 2026 09:51:31 GMT+0200 (Central European Summer Time)",
      "message": "FaceKom -> StepMessage: task(step: \"deepfake-detection\", data: FaceKomSDK.FKSelfService.StepMessageDataTask(instruction: \"detection:status:face\", message: Optional(\"success\")))",
      "source": "crashlytics"
    },
    {
      "timestamp": "Mon Jun 08 2026 09:52:00 GMT+0200 (Central European Summer Time)",
      "message": "FaceKom handleNewMessageStep: detection:status:card, currentStep: deepfake-detection",
      "source": "crashlytics"
    },
    {
      "timestamp": "Mon Jun 08 2026 09:52:00 GMT+0200 (Central European Summer Time)",
      "message": "FaceKom consent face: Optional(eSzigno.MessageStep.faceDetection), card: Optional(eSzigno.MessageStep.cardDetection)",
      "source": "crashlytics"
    },
    {
      "timestamp": "Mon Jun 08 2026 09:52:00 GMT+0200 (Central European Summer Time)",
      "message": "FaceKom -> StepMessage: task(step: \"deepfake-detection\", data: FaceKomSDK.FKSelfService.StepMessageDataTask(instruction: \"detection:status:card\", message: Optional(\"success\")))",
      "source": "crashlytics"
    },
    {
      "timestamp": "Mon Jun 08 2026 09:52:00 GMT+0200 (Central European Summer Time)",
      "message": "FaceKom nextStep: customerPortrait(data: FaceKomSDK.FKSelfService.Step.SData(retry: Optional(false), isRequired: true, additionalData: nil, availableStreamIDs: nil, maxRetryNumber: nil))",
      "source": "crashlytics"
    },
    {
      "timestamp": "Mon Jun 08 2026 09:52:46 GMT+0200 (Central European Summer Time)",
      "message": "FaceKom status changed: connecting",
      "source": "crashlytics"
    },
    {
      "timestamp": "Mon Jun 08 2026 09:52:46 GMT+0200 (Central European Summer Time)",
      "message": "FaceKom status changed: connecting",
      "source": "crashlytics"
    },
    {
      "timestamp": "Mon Jun 08 2026 09:52:46 GMT+0200 (Central European Summer Time)",
      "message": "FaceKom status changed: connected",
      "source": "crashlytics"
    },
    {
      "timestamp": "Mon Jun 08 2026 09:52:46 GMT+0200 (Central European Summer Time)",
      "message": "FaceKom status changed: connected",
      "source": "crashlytics"
    },
    {
      "timestamp": "Mon Jun 08 2026 09:52:47 GMT+0200 (Central European Summer Time)",
      "message": "FaceKom nextStep: customerPortrait(data: FaceKomSDK.FKSelfService.Step.SData(retry: Optional(false), isRequired: true, additionalData: nil, availableStreamIDs: nil, maxRetryNumber: nil))",
      "source": "crashlytics"
    },
    {
      "timestamp": "Mon Jun 08 2026 09:52:47 GMT+0200 (Central European Summer Time)",
      "message": "FaceKom retry Step: Optional(FaceKomSDK.FKSelfService.Step.customerPortrait(data: FaceKomSDK.FKSelfService.Step.SData(retry: Optional(false), isRequired: true, additionalData: nil, availableStreamIDs: nil, maxRetryNumber: nil)))",
      "source": "crashlytics"
    },
    {
      "timestamp": "Mon Jun 08 2026 09:53:41 GMT+0200 (Central European Summer Time)",
      "message": "FaceKom status changed: connecting",
      "source": "crashlytics"
    },
    {
      "timestamp": "Mon Jun 08 2026 09:53:41 GMT+0200 (Central European Summer Time)",
      "message": "FaceKom status changed: connecting",
      "source": "crashlytics"
    },
    {
      "timestamp": "Mon Jun 08 2026 09:53:41 GMT+0200 (Central European Summer Time)",
      "message": "FaceKom status changed: connected",
      "source": "crashlytics"
    },
    {
      "timestamp": "Mon Jun 08 2026 09:53:41 GMT+0200 (Central European Summer Time)",
      "message": "FaceKom status changed: connected",
      "source": "crashlytics"
    },
    {
      "timestamp": "Mon Jun 08 2026 09:53:41 GMT+0200 (Central European Summer Time)",
      "message": "FaceKom nextStep: customerPortrait(data: FaceKomSDK.FKSelfService.Step.SData(retry: Optional(false), isRequired: true, additionalData: nil, availableStreamIDs: nil, maxRetryNumber: nil))",
      "source": "crashlytics"
    },
    {
      "timestamp": "Mon Jun 08 2026 09:53:41 GMT+0200 (Central European Summer Time)",
      "message": "FaceKom retry Step: Optional(FaceKomSDK.FKSelfService.Step.customerPortrait(data: FaceKomSDK.FKSelfService.Step.SData(retry: Optional(false), isRequired: true, additionalData: nil, availableStreamIDs: nil, maxRetryNumber: nil)))",
      "source": "crashlytics"
    },
    {
      "timestamp": "Mon Jun 08 2026 09:54:14 GMT+0200 (Central European Summer Time)",
      "message": "FaceKom stopStream",
      "source": "crashlytics"
    },
    {
      "timestamp": "Mon Jun 08 2026 09:54:15 GMT+0200 (Central European Summer Time)",
      "name": "screen_view",
      "source": "analytics",
      "params": {
        "firebase_screen_class": "FinishViewController"
      }
    },
    {
      "timestamp": "Mon Jun 08 2026 09:54:19 GMT+0200 (Central European Summer Time)",
      "message": "FaceKom status changed: connecting",
      "source": "crashlytics"
    },
    {
      "timestamp": "Mon Jun 08 2026 09:54:19 GMT+0200 (Central European Summer Time)",
      "message": "FaceKom status changed: connecting",
      "source": "crashlytics"
    },
    {
      "timestamp": "Mon Jun 08 2026 09:54:19 GMT+0200 (Central European Summer Time)",
      "message": "FaceKom status changed: connected",
      "source": "crashlytics"
    },
    {
      "timestamp": "Mon Jun 08 2026 09:54:19 GMT+0200 (Central European Summer Time)",
      "message": "FaceKom status changed: connected",
      "source": "crashlytics"
    },
    {
      "timestamp": "Mon Jun 08 2026 09:54:20 GMT+0200 (Central European Summer Time)",
      "message": "FaceKom nextStep: customerPortrait(data: FaceKomSDK.FKSelfService.Step.SData(retry: Optional(false), isRequired: true, additionalData: nil, availableStreamIDs: nil, maxRetryNumber: nil))",
      "source": "crashlytics"
    },
    {
      "timestamp": "Mon Jun 08 2026 09:54:20 GMT+0200 (Central European Summer Time)",
      "message": "FaceKom retry Step: Optional(FaceKomSDK.FKSelfService.Step.customerPortrait(data: FaceKomSDK.FKSelfService.Step.SData(retry: Optional(false), isRequired: true, additionalData: nil, availableStreamIDs: nil, maxRetryNumber: nil)))",
      "source": "crashlytics"
    },
    {
      "timestamp": "Mon Jun 08 2026 09:54:21 GMT+0200 (Central European Summer Time)",
      "message": "FaceKom finished with type: reject",
      "source": "crashlytics"
    },
    {
      "timestamp": "Mon Jun 08 2026 09:54:21 GMT+0200 (Central European Summer Time)",
      "message": "FaceKom user initiated closing, isAlreadyClosed: true, currentStep: customerPortrait",
      "source": "crashlytics"
    },
    {
      "timestamp": "Mon Jun 08 2026 09:54:22 GMT+0200 (Central European Summer Time)",
      "name": "screen_view",
      "source": "analytics",
      "params": {
        "firebase_screen_class": "LoginQrReaderScreen"
      }
    },
    {
      "timestamp": "Mon Jun 08 2026 09:54:23 GMT+0200 (Central European Summer Time)",
      "name": "screen_view",
      "source": "analytics",
      "params": {
        "firebase_screen_class": "LoginStartScreen"
      }
    },
    {
      "timestamp": "Mon Jun 08 2026 09:54:26 GMT+0200 (Central European Summer Time)",
      "name": "screen_view",
      "source": "analytics",
      "params": {
        "firebase_screen_class": "LoginQrReaderScreen"
      }
    },
    {
      "timestamp": "Mon Jun 08 2026 09:54:29 GMT+0200 (Central European Summer Time)",
      "name": "screen_view",
      "source": "analytics",
      "params": {
        "firebase_screen_class": "VideoUserAgreementsScreen"
      }
    },
    {
      "timestamp": "Mon Jun 08 2026 09:54:31 GMT+0200 (Central European Summer Time)",
      "name": "screen_view",
      "source": "analytics",
      "params": {
        "firebase_screen_class": "VideoAssistanceScreen"
      }
    },
    {
      "timestamp": "Mon Jun 08 2026 09:54:48 GMT+0200 (Central European Summer Time)",
      "message": "FaceKom status changed: connecting",
      "source": "crashlytics"
    },
    {
      "timestamp": "Mon Jun 08 2026 09:54:48 GMT+0200 (Central European Summer Time)",
      "message": "FaceKom status changed: connecting",
      "source": "crashlytics"
    },
    {
      "timestamp": "Mon Jun 08 2026 09:54:48 GMT+0200 (Central European Summer Time)",
      "message": "FaceKom status changed: connected",
      "source": "crashlytics"
    },
    {
      "timestamp": "Mon Jun 08 2026 09:54:48 GMT+0200 (Central European Summer Time)",
      "message": "FaceKom status changed: connected",
      "source": "crashlytics"
    },
    {
      "timestamp": "Mon Jun 08 2026 09:54:48 GMT+0200 (Central European Summer Time)",
      "message": "FaceKom nextStep: customerPortrait(data: FaceKomSDK.FKSelfService.Step.SData(retry: Optional(false), isRequired: true, additionalData: nil, availableStreamIDs: nil, maxRetryNumber: nil))",
      "source": "crashlytics"
    },
    {
      "timestamp": "Mon Jun 08 2026 09:54:50 GMT+0200 (Central European Summer Time)",
      "message": "FaceKom started from: videoId",
      "source": "crashlytics"
    },
    {
      "timestamp": "Mon Jun 08 2026 09:54:50 GMT+0200 (Central European Summer Time)",
      "message": "FaceKom started with assistance: false",
      "source": "crashlytics"
    },
    {
      "timestamp": "Mon Jun 08 2026 09:54:51 GMT+0200 (Central European Summer Time)",
      "name": "screen_view",
      "source": "analytics",
      "params": {
        "firebase_screen_class": "VideoIntroScreen"
      }
    },
    {
      "timestamp": "Mon Jun 08 2026 09:55:04 GMT+0200 (Central European Summer Time)",
      "message": "FaceKom ID Verified",
      "source": "crashlytics"
    },
    {
      "timestamp": "Mon Jun 08 2026 09:55:04 GMT+0200 (Central European Summer Time)",
      "name": "screen_view",
      "source": "analytics",
      "params": {
        "firebase_screen_class": "IdVerificationScreen"
      }
    },
    {
      "timestamp": "Mon Jun 08 2026 09:55:05 GMT+0200 (Central European Summer Time)",
      "message": "FaceKom SelfService started",
      "source": "crashlytics"
    },
    {
      "timestamp": "Mon Jun 08 2026 09:55:05 GMT+0200 (Central European Summer Time)",
      "message": "FaceKom getSettings success",
      "source": "crashlytics"
    },
    {
      "timestamp": "Mon Jun 08 2026 09:55:05 GMT+0200 (Central European Summer Time)",
      "message": "FaceKom status changed: connecting",
      "source": "crashlytics"
    },
    {
      "timestamp": "Mon Jun 08 2026 09:55:06 GMT+0200 (Central European Summer Time)",
      "message": "FaceKom connectSocket success",
      "source": "crashlytics"
    },
    {
      "timestamp": "Mon Jun 08 2026 09:55:06 GMT+0200 (Central European Summer Time)",
      "message": "FaceKom status changed: connected",
      "source": "crashlytics"
    },
    {
      "timestamp": "Mon Jun 08 2026 09:55:06 GMT+0200 (Central European Summer Time)",
      "name": "screen_view",
      "source": "analytics",
      "params": {
        "firebase_screen_class": "SelfServiceViewController"
      }
    },
    {
      "timestamp": "Mon Jun 08 2026 09:55:06 GMT+0200 (Central European Summer Time)",
      "message": "Facekom flow successfully started, Listening...",
      "source": "crashlytics"
    },
    {
      "timestamp": "Mon Jun 08 2026 09:55:06 GMT+0200 (Central European Summer Time)",
      "message": "FaceKom auth success",
      "source": "crashlytics"
    },
    {
      "timestamp": "Mon Jun 08 2026 09:55:06 GMT+0200 (Central European Summer Time)",
      "message": "FaceKom nextStep: customerPortrait(data: FaceKomSDK.FKSelfService.Step.SData(retry: Optional(false), isRequired: true, additionalData: nil, availableStreamIDs: nil, maxRetryNumber: nil))",
      "source": "crashlytics"
    },
    {
      "timestamp": "Mon Jun 08 2026 09:55:06 GMT+0200 (Central European Summer Time)",
      "message": "FaceKom failed integrity check at step: customer-portrait, aborted.",
      "source": "crashlytics"
    },
    {
      "timestamp": "Mon Jun 08 2026 09:55:06 GMT+0200 (Central European Summer Time)",
      "message": "FaceKom aborted state: Optional([\"reason\": \"FaceKom failed integrity check at step: customer-portrait, aborted.\"])",
      "source": "crashlytics"
    },
    {
      "timestamp": "Mon Jun 08 2026 09:55:06 GMT+0200 (Central European Summer Time)",
      "message": "Facekom finished with state: aborted(message: Optional(\"Ismeretlen hiba történt!\"))",
      "source": "crashlytics"
    },
    {
      "timestamp": "Mon Jun 08 2026 09:55:06 GMT+0200 (Central European Summer Time)",
      "name": "screen_view",
      "source": "analytics",
      "params": {
        "firebase_screen_class": "FinishViewController"
      }
    },
    {
      "timestamp": "Mon Jun 08 2026 09:55:09 GMT+0200 (Central European Summer Time)",
      "message": "FaceKom user initiated closing, isAlreadyClosed: false, currentStep: voiceLivenessCheck",
      "source": "crashlytics"
    },
    {
      "timestamp": "Mon Jun 08 2026 09:55:09 GMT+0200 (Central European Summer Time)",
      "message": "FaceKom nextStep: end(status: \"aborted\", additionalData: nil)",
      "source": "crashlytics"
    },
    {
      "timestamp": "Mon Jun 08 2026 09:55:09 GMT+0200 (Central European Summer Time)",
      "message": "FaceKom status changed: disconnected",
      "source": "crashlytics"
    },
    {
      "timestamp": "Mon Jun 08 2026 09:55:09 GMT+0200 (Central European Summer Time)",
      "message": "FaceKom status changed: disconnected",
      "source": "crashlytics"
    },
    {
      "timestamp": "Mon Jun 08 2026 09:55:09 GMT+0200 (Central European Summer Time)",
      "message": "FaceKom aborted state: nil",
      "source": "crashlytics"
    },
    {
      "timestamp": "Mon Jun 08 2026 09:55:09 GMT+0200 (Central European Summer Time)",
      "message": "Facekom finished with state: aborted(message: Optional(\"Ismeretlen hiba történt!\"))",
      "source": "crashlytics"
    },
    {
      "timestamp": "Mon Jun 08 2026 09:55:10 GMT+0200 (Central European Summer Time)",
      "name": "screen_view",
      "source": "analytics",
      "params": {
        "firebase_screen_class": "FinishViewController"
      }
    },
    {
      "timestamp": "Mon Jun 08 2026 09:55:11 GMT+0200 (Central European Summer Time)",
      "message": "FaceKom user initiated closing, isAlreadyClosed: false, currentStep: end",
      "source": "crashlytics"
    },
    {
      "timestamp": "Mon Jun 08 2026 09:55:11 GMT+0200 (Central European Summer Time)",
      "message": "FaceKom session disconnected: close while not in video step",
      "source": "crashlytics"
    },
    {
      "timestamp": "Mon Jun 08 2026 09:55:11 GMT+0200 (Central European Summer Time)",
      "message": "FaceKom user initiated closing, isAlreadyClosed: true, currentStep: end",
      "source": "crashlytics"
    },
    {
      "timestamp": "Mon Jun 08 2026 09:55:12 GMT+0200 (Central European Summer Time)",
      "name": "screen_view",
      "source": "analytics",
      "params": {
        "firebase_screen_class": "LoginQrReaderScreen"
      }
    },
    {
      "timestamp": "Mon Jun 08 2026 09:55:12 GMT+0200 (Central European Summer Time)",
      "name": "screen_view",
      "source": "analytics",
      "params": {
        "firebase_screen_class": "LoginStartScreen"
      }
    },
    {
      "timestamp": "Mon Jun 08 2026 09:55:14 GMT+0200 (Central European Summer Time)",
      "name": "screen_view",
      "source": "analytics",
      "params": {
        "firebase_screen_class": "LoginQrReaderScreen"
      }
    },
    {
      "timestamp": "Mon Jun 08 2026 09:55:16 GMT+0200 (Central European Summer Time)",
      "name": "screen_view",
      "source": "analytics",
      "params": {
        "firebase_screen_class": "VideoUserAgreementsScreen"
      }
    },
    {
      "timestamp": "Mon Jun 08 2026 09:55:18 GMT+0200 (Central European Summer Time)",
      "name": "screen_view",
      "source": "analytics",
      "params": {
        "firebase_screen_class": "VideoAssistanceScreen"
      }
    },
    {
      "timestamp": "Mon Jun 08 2026 09:55:20 GMT+0200 (Central European Summer Time)",
      "message": "FaceKom started from: videoId",
      "source": "crashlytics"
    },
    {
      "timestamp": "Mon Jun 08 2026 09:55:20 GMT+0200 (Central European Summer Time)",
      "message": "FaceKom started with assistance: false",
      "source": "crashlytics"
    },
    {
      "timestamp": "Mon Jun 08 2026 09:55:21 GMT+0200 (Central European Summer Time)",
      "name": "screen_view",
      "source": "analytics",
      "params": {
        "firebase_screen_class": "VideoIntroScreen"
      }
    },
    {
      "timestamp": "Mon Jun 08 2026 09:55:33 GMT+0200 (Central European Summer Time)",
      "message": "FaceKom ID Verified",
      "source": "crashlytics"
    },
    {
      "timestamp": "Mon Jun 08 2026 09:55:33 GMT+0200 (Central European Summer Time)",
      "name": "screen_view",
      "source": "analytics",
      "params": {
        "firebase_screen_class": "IdVerificationScreen"
      }
    },
    {
      "timestamp": "Mon Jun 08 2026 09:55:34 GMT+0200 (Central European Summer Time)",
      "message": "FaceKom SelfService started",
      "source": "crashlytics"
    },
    {
      "timestamp": "Mon Jun 08 2026 09:55:34 GMT+0200 (Central European Summer Time)",
      "message": "FaceKom getSettings success",
      "source": "crashlytics"
    },
    {
      "timestamp": "Mon Jun 08 2026 09:55:34 GMT+0200 (Central European Summer Time)",
      "message": "FaceKom status changed: connecting",
      "source": "crashlytics"
    },
    {
      "timestamp": "Mon Jun 08 2026 09:55:34 GMT+0200 (Central European Summer Time)",
      "message": "FaceKom status changed: connected",
      "source": "crashlytics"
    },
    {
      "timestamp": "Mon Jun 08 2026 09:55:34 GMT+0200 (Central European Summer Time)",
      "message": "FaceKom connectSocket success",
      "source": "crashlytics"
    },
    {
      "timestamp": "Mon Jun 08 2026 09:55:35 GMT+0200 (Central European Summer Time)",
      "name": "screen_view",
      "source": "analytics",
      "params": {
        "firebase_screen_class": "SelfServiceViewController"
      }
    },
    {
      "timestamp": "Mon Jun 08 2026 09:55:35 GMT+0200 (Central European Summer Time)",
      "message": "Facekom flow successfully started, Listening...",
      "source": "crashlytics"
    },
    {
      "timestamp": "Mon Jun 08 2026 09:55:35 GMT+0200 (Central European Summer Time)",
      "message": "FaceKom auth success",
      "source": "crashlytics"
    },
    {
      "timestamp": "Mon Jun 08 2026 09:55:35 GMT+0200 (Central European Summer Time)",
      "message": "FaceKom nextStep: custom(type: \"voice-liveness-check\", data: FaceKomSDK.FKSelfService.Step.SData(retry: Optional(false), isRequired: true, additionalData: Optional([\"voiceLivenessCheckNumber\": 8831, \"startVideo\": 1]), availableStreamIDs: nil, maxRetryNumber: nil))",
      "source": "crashlytics"
    },
    {
      "timestamp": "Mon Jun 08 2026 09:55:43 GMT+0200 (Central European Summer Time)",
      "message": "FaceKom WebRTC started",
      "source": "crashlytics"
    },
    {
      "timestamp": "Mon Jun 08 2026 09:55:43 GMT+0200 (Central European Summer Time)",
      "name": "screen_view",
      "source": "analytics",
      "params": {
        "firebase_screen_class": "SelfieViewController"
      }
    },
    {
      "timestamp": "Mon Jun 08 2026 09:55:46 GMT+0200 (Central European Summer Time)",
      "message": "FaceKom handleNewMessageStep: detection:status:face, currentStep: voice-liveness-check",
      "source": "crashlytics"
    },
    {
      "timestamp": "Mon Jun 08 2026 09:55:46 GMT+0200 (Central European Summer Time)",
      "message": "FaceKom consent voice: nil, face: Optional(eSzigno.MessageStep.faceDetection)",
      "source": "crashlytics"
    },
    {
      "timestamp": "Mon Jun 08 2026 09:55:46 GMT+0200 (Central European Summer Time)",
      "message": "FaceKom -> StepMessage: task(step: \"voice-liveness-check\", data: FaceKomSDK.FKSelfService.StepMessageDataTask(instruction: \"detection:status:face\", message: Optional(\"success\")))",
      "source": "crashlytics"
    },
    {
      "timestamp": "Mon Jun 08 2026 09:55:46 GMT+0200 (Central European Summer Time)",
      "message": "FaceKom handleNewMessageStep: detection:status:voice, currentStep: voice-liveness-check",
      "source": "crashlytics"
    },
    {
      "timestamp": "Mon Jun 08 2026 09:55:46 GMT+0200 (Central European Summer Time)",
      "message": "FaceKom consent voice: Optional(eSzigno.MessageStep.voiceDetection), face: Optional(eSzigno.MessageStep.faceDetection)",
      "source": "crashlytics"
    },
    {
      "timestamp": "Mon Jun 08 2026 09:55:46 GMT+0200 (Central European Summer Time)",
      "message": "FaceKom -> StepMessage: task(step: \"voice-liveness-check\", data: FaceKomSDK.FKSelfService.StepMessageDataTask(instruction: \"detection:status:voice\", message: Optional(\"success\")))",
      "source": "crashlytics"
    },
    {
      "timestamp": "Mon Jun 08 2026 09:55:49 GMT+0200 (Central European Summer Time)",
      "message": "FaceKom nextStep: custom(type: \"deepfake-detection\", data: FaceKomSDK.FKSelfService.Step.SData(retry: Optional(false), isRequired: true, additionalData: nil, availableStreamIDs: nil, maxRetryNumber: nil))",
      "source": "crashlytics"
    },
    {
      "timestamp": "Mon Jun 08 2026 09:55:52 GMT+0200 (Central European Summer Time)",
      "message": "FaceKom handleNewMessageStep: detection:status:face, currentStep: deepfake-detection",
      "source": "crashlytics"
    },
    {
      "timestamp": "Mon Jun 08 2026 09:55:52 GMT+0200 (Central European Summer Time)",
      "message": "FaceKom consent face: Optional(eSzigno.MessageStep.faceDetection), card: nil",
      "source": "crashlytics"
    },
    {
      "timestamp": "Mon Jun 08 2026 09:55:52 GMT+0200 (Central European Summer Time)",
      "message": "FaceKom -> StepMessage: task(step: \"deepfake-detection\", data: FaceKomSDK.FKSelfService.StepMessageDataTask(instruction: \"detection:status:face\", message: Optional(\"success\")))",
      "source": "crashlytics"
    },
    {
      "timestamp": "Mon Jun 08 2026 09:57:00 GMT+0200 (Central European Summer Time)",
      "message": "FaceKom handleNewMessageStep: detection:status:card, currentStep: deepfake-detection",
      "source": "crashlytics"
    },
    {
      "timestamp": "Mon Jun 08 2026 09:57:00 GMT+0200 (Central European Summer Time)",
      "message": "FaceKom consent face: Optional(eSzigno.MessageStep.faceDetection), card: Optional(eSzigno.MessageStep.cardDetection)",
      "source": "crashlytics"
    },
    {
      "timestamp": "Mon Jun 08 2026 09:57:00 GMT+0200 (Central European Summer Time)",
      "message": "FaceKom -> StepMessage: task(step: \"deepfake-detection\", data: FaceKomSDK.FKSelfService.StepMessageDataTask(instruction: \"detection:status:card\", message: Optional(\"success\")))",
      "source": "crashlytics"
    },
    {
      "timestamp": "Mon Jun 08 2026 09:57:00 GMT+0200 (Central European Summer Time)",
      "message": "FaceKom nextStep: customerPortrait(data: FaceKomSDK.FKSelfService.Step.SData(retry: Optional(false), isRequired: true, additionalData: nil, availableStreamIDs: nil, maxRetryNumber: nil))",
      "source": "crashlytics"
    },
    {
      "timestamp": "Mon Jun 08 2026 09:57:09 GMT+0200 (Central European Summer Time)",
      "message": "Facekom SelfService stopped and cleared with error: A művelet végrehajtása sikertelen volt. (FaceKomSDK.FaceKomError hiba 46.)",
      "source": "crashlytics"
    },
    {
      "timestamp": "Mon Jun 08 2026 09:57:42 GMT+0200 (Central European Summer Time)",
      "message": "FaceKom status changed: connecting",
      "source": "crashlytics"
    },
    {
      "timestamp": "Mon Jun 08 2026 09:57:42 GMT+0200 (Central European Summer Time)",
      "message": "FaceKom status changed: connecting",
      "source": "crashlytics"
    },
    {
      "timestamp": "Mon Jun 08 2026 09:57:43 GMT+0200 (Central European Summer Time)",
      "message": "FaceKom status changed: connected",
      "source": "crashlytics"
    },
    {
      "timestamp": "Mon Jun 08 2026 09:57:43 GMT+0200 (Central European Summer Time)",
      "message": "FaceKom status changed: connected",
      "source": "crashlytics"
    },
    {
      "timestamp": "Mon Jun 08 2026 09:57:43 GMT+0200 (Central European Summer Time)",
      "message": "FaceKom nextStep: customerPortrait(data: FaceKomSDK.FKSelfService.Step.SData(retry: Optional(false), isRequired: true, additionalData: nil, availableStreamIDs: nil, maxRetryNumber: nil))",
      "source": "crashlytics"
    },
    {
      "timestamp": "Mon Jun 08 2026 09:57:43 GMT+0200 (Central European Summer Time)",
      "message": "FaceKom retry Step: Optional(FaceKomSDK.FKSelfService.Step.customerPortrait(data: FaceKomSDK.FKSelfService.Step.SData(retry: Optional(false), isRequired: true, additionalData: nil, availableStreamIDs: nil, maxRetryNumber: nil)))",
      "source": "crashlytics"
    },
    {
      "timestamp": "Mon Jun 08 2026 09:58:20 GMT+0200 (Central European Summer Time)",
      "message": "FaceKom status changed: connecting",
      "source": "crashlytics"
    },
    {
      "timestamp": "Mon Jun 08 2026 09:58:20 GMT+0200 (Central European Summer Time)",
      "message": "FaceKom status changed: connecting",
      "source": "crashlytics"
    },
    {
      "timestamp": "Mon Jun 08 2026 09:58:21 GMT+0200 (Central European Summer Time)",
      "message": "FaceKom status changed: connected",
      "source": "crashlytics"
    },
    {
      "timestamp": "Mon Jun 08 2026 09:58:21 GMT+0200 (Central European Summer Time)",
      "message": "FaceKom status changed: connected",
      "source": "crashlytics"
    },
    {
      "timestamp": "Mon Jun 08 2026 09:58:21 GMT+0200 (Central European Summer Time)",
      "message": "FaceKom nextStep: customerPortrait(data: FaceKomSDK.FKSelfService.Step.SData(retry: Optional(false), isRequired: true, additionalData: nil, availableStreamIDs: nil, maxRetryNumber: nil))",
      "source": "crashlytics"
    },
    {
      "timestamp": "Mon Jun 08 2026 09:58:21 GMT+0200 (Central European Summer Time)",
      "message": "FaceKom retry Step: Optional(FaceKomSDK.FKSelfService.Step.customerPortrait(data: FaceKomSDK.FKSelfService.Step.SData(retry: Optional(false), isRequired: true, additionalData: nil, availableStreamIDs: nil, maxRetryNumber: nil)))",
      "source": "crashlytics"
    },
    {
      "timestamp": "Mon Jun 08 2026 09:59:01 GMT+0200 (Central European Summer Time)",
      "message": "FaceKom status changed: connecting",
      "source": "crashlytics"
    },
    {
      "timestamp": "Mon Jun 08 2026 09:59:01 GMT+0200 (Central European Summer Time)",
      "message": "FaceKom status changed: connecting",
      "source": "crashlytics"
    },
    {
      "timestamp": "Mon Jun 08 2026 09:59:01 GMT+0200 (Central European Summer Time)",
      "message": "FaceKom status changed: connected",
      "source": "crashlytics"
    },
    {
      "timestamp": "Mon Jun 08 2026 09:59:01 GMT+0200 (Central European Summer Time)",
      "message": "FaceKom status changed: connected",
      "source": "crashlytics"
    },
    {
      "timestamp": "Mon Jun 08 2026 09:59:01 GMT+0200 (Central European Summer Time)",
      "message": "FaceKom nextStep: customerPortrait(data: FaceKomSDK.FKSelfService.Step.SData(retry: Optional(false), isRequired: true, additionalData: nil, availableStreamIDs: nil, maxRetryNumber: nil))",
      "source": "crashlytics"
    },
    {
      "timestamp": "Mon Jun 08 2026 09:59:01 GMT+0200 (Central European Summer Time)",
      "message": "FaceKom retry Step: Optional(FaceKomSDK.FKSelfService.Step.customerPortrait(data: FaceKomSDK.FKSelfService.Step.SData(retry: Optional(false), isRequired: true, additionalData: nil, availableStreamIDs: nil, maxRetryNumber: nil)))",
      "source": "crashlytics"
    },
    {
      "timestamp": "Mon Jun 08 2026 09:59:11 GMT+0200 (Central European Summer Time)",
      "message": "FaceKom stopStream",
      "source": "crashlytics"
    },
    {
      "timestamp": "Mon Jun 08 2026 09:59:12 GMT+0200 (Central European Summer Time)",
      "name": "screen_view",
      "source": "analytics",
      "params": {
        "firebase_screen_class": "FinishViewController"
      }
    },
    {
      "timestamp": "Mon Jun 08 2026 09:59:14 GMT+0200 (Central European Summer Time)",
      "message": "FaceKom finished with type: reject",
      "source": "crashlytics"
    },
    {
      "timestamp": "Mon Jun 08 2026 09:59:14 GMT+0200 (Central European Summer Time)",
      "message": "FaceKom user initiated closing, isAlreadyClosed: true, currentStep: customerPortrait",
      "source": "crashlytics"
    },
    {
      "timestamp": "Mon Jun 08 2026 09:59:15 GMT+0200 (Central European Summer Time)",
      "name": "screen_view",
      "source": "analytics",
      "params": {
        "firebase_screen_class": "LoginQrReaderScreen"
      }
    },
    {
      "timestamp": "Mon Jun 08 2026 09:59:15 GMT+0200 (Central European Summer Time)",
      "name": "screen_view",
      "source": "analytics",
      "params": {
        "firebase_screen_class": "LoginStartScreen"
      }
    },
    {
      "timestamp": "Mon Jun 08 2026 09:59:17 GMT+0200 (Central European Summer Time)",
      "name": "screen_view",
      "source": "analytics",
      "params": {
        "firebase_screen_class": "LoginQrReaderScreen"
      }
    },
    {
      "timestamp": "Mon Jun 08 2026 09:59:21 GMT+0200 (Central European Summer Time)",
      "name": "screen_view",
      "source": "analytics",
      "params": {
        "firebase_screen_class": "VideoUserAgreementsScreen"
      }
    },
    {
      "timestamp": "Mon Jun 08 2026 09:59:22 GMT+0200 (Central European Summer Time)",
      "name": "screen_view",
      "source": "analytics",
      "params": {
        "firebase_screen_class": "VideoAssistanceScreen"
      }
    },
    {
      "timestamp": "Mon Jun 08 2026 09:59:24 GMT+0200 (Central European Summer Time)",
      "message": "FaceKom started from: videoId",
      "source": "crashlytics"
    },
    {
      "timestamp": "Mon Jun 08 2026 09:59:24 GMT+0200 (Central European Summer Time)",
      "message": "FaceKom started with assistance: false",
      "source": "crashlytics"
    },
    {
      "timestamp": "Mon Jun 08 2026 09:59:24 GMT+0200 (Central European Summer Time)",
      "name": "screen_view",
      "source": "analytics",
      "params": {
        "firebase_screen_class": "VideoIntroScreen"
      }
    },
    {
      "timestamp": "Mon Jun 08 2026 09:59:39 GMT+0200 (Central European Summer Time)",
      "message": "FaceKom status changed: connecting",
      "source": "crashlytics"
    },
    {
      "timestamp": "Mon Jun 08 2026 09:59:39 GMT+0200 (Central European Summer Time)",
      "message": "FaceKom status changed: connecting",
      "source": "crashlytics"
    },
    {
      "timestamp": "Mon Jun 08 2026 09:59:39 GMT+0200 (Central European Summer Time)",
      "message": "FaceKom status changed: connected",
      "source": "crashlytics"
    },
    {
      "timestamp": "Mon Jun 08 2026 09:59:39 GMT+0200 (Central European Summer Time)",
      "message": "FaceKom status changed: connected",
      "source": "crashlytics"
    },
    {
      "timestamp": "Mon Jun 08 2026 09:59:40 GMT+0200 (Central European Summer Time)",
      "message": "FaceKom nextStep: customerPortrait(data: FaceKomSDK.FKSelfService.Step.SData(retry: Optional(false), isRequired: true, additionalData: nil, availableStreamIDs: nil, maxRetryNumber: nil))",
      "source": "crashlytics"
    },
    {
      "timestamp": "Mon Jun 08 2026 09:59:40 GMT+0200 (Central European Summer Time)",
      "message": "FaceKom ID Verified",
      "source": "crashlytics"
    },
    {
      "timestamp": "Mon Jun 08 2026 09:59:40 GMT+0200 (Central European Summer Time)",
      "name": "screen_view",
      "source": "analytics",
      "params": {
        "firebase_screen_class": "IdVerificationScreen"
      }
    },
    {
      "timestamp": "Mon Jun 08 2026 09:59:41 GMT+0200 (Central European Summer Time)",
      "message": "FaceKom SelfService started",
      "source": "crashlytics"
    },
    {
      "timestamp": "Mon Jun 08 2026 09:59:41 GMT+0200 (Central European Summer Time)",
      "message": "FaceKom getSettings success",
      "source": "crashlytics"
    },
    {
      "timestamp": "Mon Jun 08 2026 09:59:41 GMT+0200 (Central European Summer Time)",
      "message": "FaceKom status changed: connecting",
      "source": "crashlytics"
    },
    {
      "timestamp": "Mon Jun 08 2026 09:59:41 GMT+0200 (Central European Summer Time)",
      "message": "FaceKom status changed: connected",
      "source": "crashlytics"
    },
    {
      "timestamp": "Mon Jun 08 2026 09:59:41 GMT+0200 (Central European Summer Time)",
      "message": "FaceKom connectSocket success",
      "source": "crashlytics"
    },
    {
      "timestamp": "Mon Jun 08 2026 09:59:42 GMT+0200 (Central European Summer Time)",
      "message": "Facekom flow successfully started, Listening...",
      "source": "crashlytics"
    },
    {
      "timestamp": "Mon Jun 08 2026 09:59:42 GMT+0200 (Central European Summer Time)",
      "message": "FaceKom auth success",
      "source": "crashlytics"
    },
    {
      "timestamp": "Mon Jun 08 2026 09:59:42 GMT+0200 (Central European Summer Time)",
      "message": "FaceKom nextStep: customerPortrait(data: FaceKomSDK.FKSelfService.Step.SData(retry: Optional(false), isRequired: true, additionalData: nil, availableStreamIDs: nil, maxRetryNumber: nil))",
      "source": "crashlytics"
    },
    {
      "timestamp": "Mon Jun 08 2026 09:59:42 GMT+0200 (Central European Summer Time)",
      "message": "FaceKom failed integrity check at step: customer-portrait, aborted.",
      "source": "crashlytics"
    },
    {
      "timestamp": "Mon Jun 08 2026 09:59:42 GMT+0200 (Central European Summer Time)",
      "message": "FaceKom aborted state: Optional([\"reason\": \"FaceKom failed integrity check at step: customer-portrait, aborted.\"])",
      "source": "crashlytics"
    },
    {
      "timestamp": "Mon Jun 08 2026 09:59:42 GMT+0200 (Central European Summer Time)",
      "message": "Facekom finished with state: aborted(message: Optional(\"Ismeretlen hiba történt!\"))",
      "source": "crashlytics"
    },
    {
      "timestamp": "Mon Jun 08 2026 09:59:42 GMT+0200 (Central European Summer Time)",
      "name": "screen_view",
      "source": "analytics",
      "params": {
        "firebase_screen_class": "SelfServiceViewController"
      }
    },
    {
      "timestamp": "Mon Jun 08 2026 09:59:42 GMT+0200 (Central European Summer Time)",
      "name": "screen_view",
      "source": "analytics",
      "params": {
        "firebase_screen_class": "FinishViewController"
      }
    },
    {
      "timestamp": "Mon Jun 08 2026 09:59:48 GMT+0200 (Central European Summer Time)",
      "message": "FaceKom user initiated closing, isAlreadyClosed: false, currentStep: voiceLivenessCheck",
      "source": "crashlytics"
    },
    {
      "timestamp": "Mon Jun 08 2026 09:59:48 GMT+0200 (Central European Summer Time)",
      "message": "FaceKom nextStep: end(status: \"aborted\", additionalData: nil)",
      "source": "crashlytics"
    },
    {
      "timestamp": "Mon Jun 08 2026 09:59:48 GMT+0200 (Central European Summer Time)",
      "message": "FaceKom status changed: disconnected",
      "source": "crashlytics"
    },
    {
      "timestamp": "Mon Jun 08 2026 09:59:48 GMT+0200 (Central European Summer Time)",
      "message": "FaceKom status changed: disconnected",
      "source": "crashlytics"
    },
    {
      "timestamp": "Mon Jun 08 2026 09:59:48 GMT+0200 (Central European Summer Time)",
      "message": "FaceKom aborted state: nil",
      "source": "crashlytics"
    },
    {
      "timestamp": "Mon Jun 08 2026 09:59:48 GMT+0200 (Central European Summer Time)",
      "message": "Facekom finished with state: aborted(message: Optional(\"Ismeretlen hiba történt!\"))",
      "source": "crashlytics"
    },
    {
      "timestamp": "Mon Jun 08 2026 09:59:49 GMT+0200 (Central European Summer Time)",
      "name": "screen_view",
      "source": "analytics",
      "params": {
        "firebase_screen_class": "FinishViewController"
      }
    },
    {
      "timestamp": "Mon Jun 08 2026 09:59:49 GMT+0200 (Central European Summer Time)",
      "message": "FaceKom user initiated closing, isAlreadyClosed: false, currentStep: end",
      "source": "crashlytics"
    },
    {
      "timestamp": "Mon Jun 08 2026 09:59:49 GMT+0200 (Central European Summer Time)",
      "message": "FaceKom session disconnected: close while not in video step",
      "source": "crashlytics"
    },
    {
      "timestamp": "Mon Jun 08 2026 09:59:49 GMT+0200 (Central European Summer Time)",
      "message": "FaceKom user initiated closing, isAlreadyClosed: true, currentStep: end",
      "source": "crashlytics"
    },
    {
      "timestamp": "Mon Jun 08 2026 09:59:50 GMT+0200 (Central European Summer Time)",
      "name": "screen_view",
      "source": "analytics",
      "params": {
        "firebase_screen_class": "LoginQrReaderScreen"
      }
    },
    {
      "timestamp": "Mon Jun 08 2026 09:59:50 GMT+0200 (Central European Summer Time)",
      "name": "screen_view",
      "source": "analytics",
      "params": {
        "firebase_screen_class": "LoginStartScreen"
      }
    },
    {
      "timestamp": "Mon Jun 08 2026 09:59:52 GMT+0200 (Central European Summer Time)",
      "name": "screen_view",
      "source": "analytics",
      "params": {
        "firebase_screen_class": "LoginQrReaderScreen"
      }
    },
    {
      "timestamp": "Mon Jun 08 2026 09:59:55 GMT+0200 (Central European Summer Time)",
      "name": "screen_view",
      "source": "analytics",
      "params": {
        "firebase_screen_class": "LoginStartScreen"
      }
    },
    {
      "timestamp": "Mon Jun 08 2026 09:59:55 GMT+0200 (Central European Summer Time)",
      "name": "screen_view",
      "source": "analytics",
      "params": {
        "firebase_screen_class": "VideoUserAgreementsScreen"
      }
    },
    {
      "timestamp": "Mon Jun 08 2026 10:00:23 GMT+0200 (Central European Summer Time)",
      "message": "FaceKom status changed: connecting",
      "source": "crashlytics"
    },
    {
      "timestamp": "Mon Jun 08 2026 10:00:23 GMT+0200 (Central European Summer Time)",
      "message": "FaceKom status changed: connecting",
      "source": "crashlytics"
    },
    {
      "timestamp": "Mon Jun 08 2026 10:00:24 GMT+0200 (Central European Summer Time)",
      "message": "FaceKom status changed: connected",
      "source": "crashlytics"
    },
    {
      "timestamp": "Mon Jun 08 2026 10:00:24 GMT+0200 (Central European Summer Time)",
      "message": "FaceKom status changed: connected",
      "source": "crashlytics"
    },
    {
      "timestamp": "Mon Jun 08 2026 10:00:24 GMT+0200 (Central European Summer Time)",
      "message": "FaceKom nextStep: custom(type: \"voice-liveness-check\", data: FaceKomSDK.FKSelfService.Step.SData(retry: Optional(false), isRequired: true, additionalData: Optional([\"voiceLivenessCheckNumber\": 1405, \"startVideo\": 1]), availableStreamIDs: nil, maxRetryNumber: nil))",
      "source": "crashlytics"
    },
    {
      "timestamp": "Mon Jun 08 2026 10:00:26 GMT+0200 (Central European Summer Time)",
      "name": "screen_view",
      "source": "analytics",
      "params": {
        "firebase_screen_class": "VideoAssistanceScreen"
      }
    },
    {
      "timestamp": "Mon Jun 08 2026 10:00:27 GMT+0200 (Central European Summer Time)",
      "message": "FaceKom started from: videoId",
      "source": "crashlytics"
    },
    {
      "timestamp": "Mon Jun 08 2026 10:00:27 GMT+0200 (Central European Summer Time)",
      "message": "FaceKom started with assistance: false",
      "source": "crashlytics"
    },
    {
      "timestamp": "Mon Jun 08 2026 10:00:27 GMT+0200 (Central European Summer Time)",
      "name": "screen_view",
      "source": "analytics",
      "params": {
        "firebase_screen_class": "VideoIntroScreen"
      }
    },
    {
      "timestamp": "Mon Jun 08 2026 10:00:43 GMT+0200 (Central European Summer Time)",
      "message": "FaceKom ID Verified",
      "source": "crashlytics"
    },
    {
      "timestamp": "Mon Jun 08 2026 10:00:43 GMT+0200 (Central European Summer Time)",
      "name": "screen_view",
      "source": "analytics",
      "params": {
        "firebase_screen_class": "IdVerificationScreen"
      }
    },
    {
      "timestamp": "Mon Jun 08 2026 10:00:44 GMT+0200 (Central European Summer Time)",
      "message": "FaceKom SelfService started",
      "source": "crashlytics"
    },
    {
      "timestamp": "Mon Jun 08 2026 10:00:44 GMT+0200 (Central European Summer Time)",
      "message": "FaceKom getSettings success",
      "source": "crashlytics"
    },
    {
      "timestamp": "Mon Jun 08 2026 10:00:44 GMT+0200 (Central European Summer Time)",
      "message": "FaceKom status changed: connecting",
      "source": "crashlytics"
    },
    {
      "timestamp": "Mon Jun 08 2026 10:00:44 GMT+0200 (Central European Summer Time)",
      "message": "FaceKom status changed: connected",
      "source": "crashlytics"
    },
    {
      "timestamp": "Mon Jun 08 2026 10:00:44 GMT+0200 (Central European Summer Time)",
      "message": "FaceKom connectSocket success",
      "source": "crashlytics"
    },
    {
      "timestamp": "Mon Jun 08 2026 10:00:44 GMT+0200 (Central European Summer Time)",
      "message": "Facekom flow successfully started, Listening...",
      "source": "crashlytics"
    },
    {
      "timestamp": "Mon Jun 08 2026 10:00:44 GMT+0200 (Central European Summer Time)",
      "message": "FaceKom auth success",
      "source": "crashlytics"
    },
    {
      "timestamp": "Mon Jun 08 2026 10:00:44 GMT+0200 (Central European Summer Time)",
      "message": "FaceKom nextStep: custom(type: \"voice-liveness-check\", data: FaceKomSDK.FKSelfService.Step.SData(retry: Optional(false), isRequired: true, additionalData: Optional([\"startVideo\": 1, \"voiceLivenessCheckNumber\": 0788]), availableStreamIDs: nil, maxRetryNumber: nil))",
      "source": "crashlytics"
    },
    {
      "timestamp": "Mon Jun 08 2026 10:00:44 GMT+0200 (Central European Summer Time)",
      "name": "screen_view",
      "source": "analytics",
      "params": {
        "firebase_screen_class": "SelfServiceViewController"
      }
    },
    {
      "timestamp": "Mon Jun 08 2026 10:00:50 GMT+0200 (Central European Summer Time)",
      "message": "FaceKom WebRTC started",
      "source": "crashlytics"
    },
    {
      "timestamp": "Mon Jun 08 2026 10:00:50 GMT+0200 (Central European Summer Time)",
      "name": "screen_view",
      "source": "analytics",
      "params": {
        "firebase_screen_class": "SelfieViewController"
      }
    },
    {
      "timestamp": "Mon Jun 08 2026 10:00:53 GMT+0200 (Central European Summer Time)",
      "message": "FaceKom -> StepMessage: guide(step: \"voice-liveness-check\", data: FaceKomSDK.FKSelfService.StepMessageDataGuide(type: \"head_position\", instruction: \"move_head_right\"))",
      "source": "crashlytics"
    },
    {
      "timestamp": "Mon Jun 08 2026 10:00:53 GMT+0200 (Central European Summer Time)",
      "message": "FaceKom handleNewMessageStep: detection:status:voice, currentStep: voice-liveness-check",
      "source": "crashlytics"
    },
    {
      "timestamp": "Mon Jun 08 2026 10:00:53 GMT+0200 (Central European Summer Time)",
      "message": "FaceKom consent voice: Optional(eSzigno.MessageStep.voiceDetection), face: nil",
      "source": "crashlytics"
    },
    {
      "timestamp": "Mon Jun 08 2026 10:00:53 GMT+0200 (Central European Summer Time)",
      "message": "FaceKom -> StepMessage: task(step: \"voice-liveness-check\", data: FaceKomSDK.FKSelfService.StepMessageDataTask(instruction: \"detection:status:voice\", message: Optional(\"success\")))",
      "source": "crashlytics"
    },
    {
      "timestamp": "Mon Jun 08 2026 10:00:54 GMT+0200 (Central European Summer Time)",
      "message": "FaceKom -> StepMessage: guide(step: \"voice-liveness-check\", data: FaceKomSDK.FKSelfService.StepMessageDataGuide(type: \"head_position\", instruction: \"move_head_away\"))",
      "source": "crashlytics"
    },
    {
      "timestamp": "Mon Jun 08 2026 10:00:56 GMT+0200 (Central European Summer Time)",
      "message": "FaceKom -> StepMessage: guide(step: \"voice-liveness-check\", data: FaceKomSDK.FKSelfService.StepMessageDataGuide(type: \"head_position\", instruction: \"move_head_away\"))",
      "source": "crashlytics"
    },
    {
      "timestamp": "Mon Jun 08 2026 10:00:57 GMT+0200 (Central European Summer Time)",
      "message": "FaceKom -> StepMessage: guide(step: \"voice-liveness-check\", data: FaceKomSDK.FKSelfService.StepMessageDataGuide(type: \"head_position\", instruction: \"move_head_away\"))",
      "source": "crashlytics"
    },
    {
      "timestamp": "Mon Jun 08 2026 10:00:59 GMT+0200 (Central European Summer Time)",
      "message": "FaceKom -> StepMessage: guide(step: \"voice-liveness-check\", data: FaceKomSDK.FKSelfService.StepMessageDataGuide(type: \"head_position\", instruction: \"move_head_away\"))",
      "source": "crashlytics"
    },
    {
      "timestamp": "Mon Jun 08 2026 10:01:00 GMT+0200 (Central European Summer Time)",
      "message": "FaceKom handleNewMessageStep: detection:status:face, currentStep: voice-liveness-check",
      "source": "crashlytics"
    },
    {
      "timestamp": "Mon Jun 08 2026 10:01:00 GMT+0200 (Central European Summer Time)",
      "message": "FaceKom consent voice: Optional(eSzigno.MessageStep.voiceDetection), face: Optional(eSzigno.MessageStep.faceDetection)",
      "source": "crashlytics"
    },
    {
      "timestamp": "Mon Jun 08 2026 10:01:00 GMT+0200 (Central European Summer Time)",
      "message": "FaceKom -> StepMessage: task(step: \"voice-liveness-check\", data: FaceKomSDK.FKSelfService.StepMessageDataTask(instruction: \"detection:status:face\", message: Optional(\"success\")))",
      "source": "crashlytics"
    },
    {
      "timestamp": "Mon Jun 08 2026 10:01:05 GMT+0200 (Central European Summer Time)",
      "message": "FaceKom nextStep: custom(type: \"deepfake-detection\", data: FaceKomSDK.FKSelfService.Step.SData(retry: Optional(false), isRequired: true, additionalData: nil, availableStreamIDs: nil, maxRetryNumber: nil))",
      "source": "crashlytics"
    },
    {
      "timestamp": "Mon Jun 08 2026 10:01:08 GMT+0200 (Central European Summer Time)",
      "message": "FaceKom handleNewMessageStep: detection:status:face, currentStep: deepfake-detection",
      "source": "crashlytics"
    },
    {
      "timestamp": "Mon Jun 08 2026 10:01:08 GMT+0200 (Central European Summer Time)",
      "message": "FaceKom consent face: Optional(eSzigno.MessageStep.faceDetection), card: nil",
      "source": "crashlytics"
    },
    {
      "timestamp": "Mon Jun 08 2026 10:01:08 GMT+0200 (Central European Summer Time)",
      "message": "FaceKom -> StepMessage: task(step: \"deepfake-detection\", data: FaceKomSDK.FKSelfService.StepMessageDataTask(instruction: \"detection:status:face\", message: Optional(\"success\")))",
      "source": "crashlytics"
    },
    {
      "timestamp": "Mon Jun 08 2026 10:01:35 GMT+0200 (Central European Summer Time)",
      "message": "FaceKom handleNewMessageStep: detection:status:card, currentStep: deepfake-detection",
      "source": "crashlytics"
    },
    {
      "timestamp": "Mon Jun 08 2026 10:01:35 GMT+0200 (Central European Summer Time)",
      "message": "FaceKom consent face: Optional(eSzigno.MessageStep.faceDetection), card: Optional(eSzigno.MessageStep.cardDetection)",
      "source": "crashlytics"
    },
    {
      "timestamp": "Mon Jun 08 2026 10:01:35 GMT+0200 (Central European Summer Time)",
      "message": "FaceKom -> StepMessage: task(step: \"deepfake-detection\", data: FaceKomSDK.FKSelfService.StepMessageDataTask(instruction: \"detection:status:card\", message: Optional(\"success\")))",
      "source": "crashlytics"
    },
    {
      "timestamp": "Mon Jun 08 2026 10:01:35 GMT+0200 (Central European Summer Time)",
      "message": "FaceKom nextStep: customerPortrait(data: FaceKomSDK.FKSelfService.Step.SData(retry: Optional(false), isRequired: true, additionalData: nil, availableStreamIDs: nil, maxRetryNumber: nil))",
      "source": "crashlytics"
    },
    {
      "timestamp": "Mon Jun 08 2026 10:01:48 GMT+0200 (Central European Summer Time)",
      "message": "Facekom SelfService stopped and cleared with error: A művelet végrehajtása sikertelen volt. (FaceKomSDK.FaceKomError hiba 46.)",
      "source": "crashlytics"
    },
    {
      "timestamp": "Mon Jun 08 2026 10:02:18 GMT+0200 (Central European Summer Time)",
      "message": "FaceKom status changed: connecting",
      "source": "crashlytics"
    },
    {
      "timestamp": "Mon Jun 08 2026 10:02:18 GMT+0200 (Central European Summer Time)",
      "message": "FaceKom status changed: connecting",
      "source": "crashlytics"
    },
    {
      "timestamp": "Mon Jun 08 2026 10:02:18 GMT+0200 (Central European Summer Time)",
      "message": "FaceKom status changed: connected",
      "source": "crashlytics"
    },
    {
      "timestamp": "Mon Jun 08 2026 10:02:18 GMT+0200 (Central European Summer Time)",
      "message": "FaceKom status changed: connected",
      "source": "crashlytics"
    },
    {
      "timestamp": "Mon Jun 08 2026 10:02:18 GMT+0200 (Central European Summer Time)",
      "message": "FaceKom nextStep: customerPortrait(data: FaceKomSDK.FKSelfService.Step.SData(retry: Optional(false), isRequired: true, additionalData: nil, availableStreamIDs: nil, maxRetryNumber: nil))",
      "source": "crashlytics"
    },
    {
      "timestamp": "Mon Jun 08 2026 10:02:18 GMT+0200 (Central European Summer Time)",
      "message": "FaceKom retry Step: Optional(FaceKomSDK.FKSelfService.Step.customerPortrait(data: FaceKomSDK.FKSelfService.Step.SData(retry: Optional(false), isRequired: true, additionalData: nil, availableStreamIDs: nil, maxRetryNumber: nil)))",
      "source": "crashlytics"
    },
    {
      "timestamp": "Mon Jun 08 2026 10:02:58 GMT+0200 (Central European Summer Time)",
      "message": "FaceKom status changed: connecting",
      "source": "crashlytics"
    },
    {
      "timestamp": "Mon Jun 08 2026 10:02:58 GMT+0200 (Central European Summer Time)",
      "message": "FaceKom status changed: connecting",
      "source": "crashlytics"
    },
    {
      "timestamp": "Mon Jun 08 2026 10:02:58 GMT+0200 (Central European Summer Time)",
      "message": "FaceKom status changed: connected",
      "source": "crashlytics"
    },
    {
      "timestamp": "Mon Jun 08 2026 10:02:58 GMT+0200 (Central European Summer Time)",
      "message": "FaceKom status changed: connected",
      "source": "crashlytics"
    },
    {
      "timestamp": "Mon Jun 08 2026 10:02:59 GMT+0200 (Central European Summer Time)",
      "message": "FaceKom nextStep: customerPortrait(data: FaceKomSDK.FKSelfService.Step.SData(retry: Optional(false), isRequired: true, additionalData: nil, availableStreamIDs: nil, maxRetryNumber: nil))",
      "source": "crashlytics"
    },
    {
      "timestamp": "Mon Jun 08 2026 10:02:59 GMT+0200 (Central European Summer Time)",
      "message": "FaceKom retry Step: Optional(FaceKomSDK.FKSelfService.Step.customerPortrait(data: FaceKomSDK.FKSelfService.Step.SData(retry: Optional(false), isRequired: true, additionalData: nil, availableStreamIDs: nil, maxRetryNumber: nil)))",
      "source": "crashlytics"
    },
    {
      "timestamp": "Mon Jun 08 2026 10:03:36 GMT+0200 (Central European Summer Time)",
      "message": "FaceKom status changed: connecting",
      "source": "crashlytics"
    },
    {
      "timestamp": "Mon Jun 08 2026 10:03:36 GMT+0200 (Central European Summer Time)",
      "message": "FaceKom status changed: connecting",
      "source": "crashlytics"
    },
    {
      "timestamp": "Mon Jun 08 2026 10:03:37 GMT+0200 (Central European Summer Time)",
      "message": "FaceKom status changed: connected",
      "source": "crashlytics"
    },
    {
      "timestamp": "Mon Jun 08 2026 10:03:37 GMT+0200 (Central European Summer Time)",
      "message": "FaceKom status changed: connected",
      "source": "crashlytics"
    },
    {
      "timestamp": "Mon Jun 08 2026 10:03:37 GMT+0200 (Central European Summer Time)",
      "message": "FaceKom nextStep: customerPortrait(data: FaceKomSDK.FKSelfService.Step.SData(retry: Optional(false), isRequired: true, additionalData: nil, availableStreamIDs: nil, maxRetryNumber: nil))",
      "source": "crashlytics"
    },
    {
      "timestamp": "Mon Jun 08 2026 10:03:37 GMT+0200 (Central European Summer Time)",
      "message": "FaceKom retry Step: Optional(FaceKomSDK.FKSelfService.Step.customerPortrait(data: FaceKomSDK.FKSelfService.Step.SData(retry: Optional(false), isRequired: true, additionalData: nil, availableStreamIDs: nil, maxRetryNumber: nil)))",
      "source": "crashlytics"
    },
    {
      "timestamp": "Mon Jun 08 2026 10:03:46 GMT+0200 (Central European Summer Time)",
      "message": "FaceKom stopStream",
      "source": "crashlytics"
    },
    {
      "timestamp": "Mon Jun 08 2026 10:03:47 GMT+0200 (Central European Summer Time)",
      "name": "screen_view",
      "source": "analytics",
      "params": {
        "firebase_screen_class": "FinishViewController"
      }
    },
    {
      "timestamp": "Mon Jun 08 2026 10:03:54 GMT+0200 (Central European Summer Time)",
      "message": "FaceKom finished with type: reject",
      "source": "crashlytics"
    },
    {
      "timestamp": "Mon Jun 08 2026 10:03:54 GMT+0200 (Central European Summer Time)",
      "message": "FaceKom user initiated closing, isAlreadyClosed: true, currentStep: customerPortrait",
      "source": "crashlytics"
    },
    {
      "timestamp": "Mon Jun 08 2026 10:03:54 GMT+0200 (Central European Summer Time)",
      "name": "screen_view",
      "source": "analytics",
      "params": {
        "firebase_screen_class": "LoginStartScreen"
      }
    },
    {
      "timestamp": "Mon Jun 08 2026 10:03:58 GMT+0200 (Central European Summer Time)",
      "name": "screen_view",
      "source": "analytics",
      "params": {
        "firebase_screen_class": "LoginQrReaderScreen"
      }
    },
    {
      "timestamp": "Mon Jun 08 2026 10:04:01 GMT+0200 (Central European Summer Time)",
      "name": "screen_view",
      "source": "analytics",
      "params": {
        "firebase_screen_class": "VideoUserAgreementsScreen"
      }
    },
    {
      "timestamp": "Mon Jun 08 2026 10:04:03 GMT+0200 (Central European Summer Time)",
      "name": "screen_view",
      "source": "analytics",
      "params": {
        "firebase_screen_class": "VideoAssistanceScreen"
      }
    },
    {
      "timestamp": "Mon Jun 08 2026 10:04:04 GMT+0200 (Central European Summer Time)",
      "message": "FaceKom started from: videoId",
      "source": "crashlytics"
    },
    {
      "timestamp": "Mon Jun 08 2026 10:04:04 GMT+0200 (Central European Summer Time)",
      "message": "FaceKom started with assistance: false",
      "source": "crashlytics"
    },
    {
      "timestamp": "Mon Jun 08 2026 10:04:05 GMT+0200 (Central European Summer Time)",
      "name": "screen_view",
      "source": "analytics",
      "params": {
        "firebase_screen_class": "VideoIntroScreen"
      }
    },
    {
      "timestamp": "Mon Jun 08 2026 10:04:15 GMT+0200 (Central European Summer Time)",
      "message": "FaceKom status changed: connecting",
      "source": "crashlytics"
    },
    {
      "timestamp": "Mon Jun 08 2026 10:04:15 GMT+0200 (Central European Summer Time)",
      "message": "FaceKom status changed: connecting",
      "source": "crashlytics"
    },
    {
      "timestamp": "Mon Jun 08 2026 10:04:15 GMT+0200 (Central European Summer Time)",
      "message": "FaceKom status changed: connected",
      "source": "crashlytics"
    },
    {
      "timestamp": "Mon Jun 08 2026 10:04:15 GMT+0200 (Central European Summer Time)",
      "message": "FaceKom status changed: connected",
      "source": "crashlytics"
    },
    {
      "timestamp": "Mon Jun 08 2026 10:04:15 GMT+0200 (Central European Summer Time)",
      "message": "FaceKom nextStep: customerPortrait(data: FaceKomSDK.FKSelfService.Step.SData(retry: Optional(false), isRequired: true, additionalData: nil, availableStreamIDs: nil, maxRetryNumber: nil))",
      "source": "crashlytics"
    },
    {
      "timestamp": "Mon Jun 08 2026 10:04:18 GMT+0200 (Central European Summer Time)",
      "message": "FaceKom ID Verified",
      "source": "crashlytics"
    },
    {
      "timestamp": "Mon Jun 08 2026 10:04:19 GMT+0200 (Central European Summer Time)",
      "name": "screen_view",
      "source": "analytics",
      "params": {
        "firebase_screen_class": "IdVerificationScreen"
      }
    },
    {
      "timestamp": "Mon Jun 08 2026 10:04:19 GMT+0200 (Central European Summer Time)",
      "message": "FaceKom SelfService started",
      "source": "crashlytics"
    },
    {
      "timestamp": "Mon Jun 08 2026 10:04:19 GMT+0200 (Central European Summer Time)",
      "message": "FaceKom getSettings success",
      "source": "crashlytics"
    },
    {
      "timestamp": "Mon Jun 08 2026 10:04:19 GMT+0200 (Central European Summer Time)",
      "message": "FaceKom status changed: connecting",
      "source": "crashlytics"
    },
    {
      "timestamp": "Mon Jun 08 2026 10:04:20 GMT+0200 (Central European Summer Time)",
      "message": "FaceKom connectSocket success",
      "source": "crashlytics"
    },
    {
      "timestamp": "Mon Jun 08 2026 10:04:20 GMT+0200 (Central European Summer Time)",
      "message": "FaceKom status changed: connected",
      "source": "crashlytics"
    },
    {
      "timestamp": "Mon Jun 08 2026 10:04:20 GMT+0200 (Central European Summer Time)",
      "name": "screen_view",
      "source": "analytics",
      "params": {
        "firebase_screen_class": "SelfServiceViewController"
      }
    },
    {
      "timestamp": "Mon Jun 08 2026 10:04:20 GMT+0200 (Central European Summer Time)",
      "message": "Facekom flow successfully started, Listening...",
      "source": "crashlytics"
    },
    {
      "timestamp": "Mon Jun 08 2026 10:04:20 GMT+0200 (Central European Summer Time)",
      "message": "FaceKom auth success",
      "source": "crashlytics"
    },
    {
      "timestamp": "Mon Jun 08 2026 10:04:20 GMT+0200 (Central European Summer Time)",
      "message": "FaceKom nextStep: customerPortrait(data: FaceKomSDK.FKSelfService.Step.SData(retry: Optional(false), isRequired: true, additionalData: nil, availableStreamIDs: nil, maxRetryNumber: nil))",
      "source": "crashlytics"
    },
    {
      "timestamp": "Mon Jun 08 2026 10:04:20 GMT+0200 (Central European Summer Time)",
      "message": "FaceKom failed integrity check at step: customer-portrait, aborted.",
      "source": "crashlytics"
    },
    {
      "timestamp": "Mon Jun 08 2026 10:04:20 GMT+0200 (Central European Summer Time)",
      "message": "FaceKom aborted state: Optional([\"reason\": \"FaceKom failed integrity check at step: customer-portrait, aborted.\"])",
      "source": "crashlytics"
    },
    {
      "timestamp": "Mon Jun 08 2026 10:04:20 GMT+0200 (Central European Summer Time)",
      "message": "Facekom finished with state: aborted(message: Optional(\"Ismeretlen hiba történt!\"))",
      "source": "crashlytics"
    },
    {
      "timestamp": "Mon Jun 08 2026 10:04:20 GMT+0200 (Central European Summer Time)",
      "name": "screen_view",
      "source": "analytics",
      "params": {
        "firebase_screen_class": "FinishViewController"
      }
    },
    {
      "timestamp": "Mon Jun 08 2026 10:04:25 GMT+0200 (Central European Summer Time)",
      "message": "FaceKom user initiated closing, isAlreadyClosed: false, currentStep: voiceLivenessCheck",
      "source": "crashlytics"
    },
    {
      "timestamp": "Mon Jun 08 2026 10:04:25 GMT+0200 (Central European Summer Time)",
      "message": "FaceKom nextStep: end(status: \"aborted\", additionalData: nil)",
      "source": "crashlytics"
    },
    {
      "timestamp": "Mon Jun 08 2026 10:04:25 GMT+0200 (Central European Summer Time)",
      "message": "FaceKom status changed: disconnected",
      "source": "crashlytics"
    },
    {
      "timestamp": "Mon Jun 08 2026 10:04:25 GMT+0200 (Central European Summer Time)",
      "message": "FaceKom status changed: disconnected",
      "source": "crashlytics"
    },
    {
      "timestamp": "Mon Jun 08 2026 10:04:25 GMT+0200 (Central European Summer Time)",
      "message": "FaceKom aborted state: nil",
      "source": "crashlytics"
    },
    {
      "timestamp": "Mon Jun 08 2026 10:04:25 GMT+0200 (Central European Summer Time)",
      "message": "Facekom finished with state: aborted(message: Optional(\"Ismeretlen hiba történt!\"))",
      "source": "crashlytics"
    },
    {
      "timestamp": "Mon Jun 08 2026 10:04:26 GMT+0200 (Central European Summer Time)",
      "name": "screen_view",
      "source": "analytics",
      "params": {
        "firebase_screen_class": "FinishViewController"
      }
    },
    {
      "timestamp": "Mon Jun 08 2026 10:04:27 GMT+0200 (Central European Summer Time)",
      "message": "FaceKom session did enter background at step: end, isVideoStep: false.",
      "source": "crashlytics"
    },
    {
      "timestamp": "Mon Jun 08 2026 10:04:27 GMT+0200 (Central European Summer Time)",
      "message": "FaceKom user initiated closing, isAlreadyClosed: false, currentStep: end",
      "source": "crashlytics"
    },
    {
      "timestamp": "Mon Jun 08 2026 10:04:27 GMT+0200 (Central European Summer Time)",
      "message": "FaceKom session disconnected: close while not in video step",
      "source": "crashlytics"
    },
    {
      "timestamp": "Mon Jun 08 2026 10:04:27 GMT+0200 (Central European Summer Time)",
      "message": "FaceKom user initiated closing, isAlreadyClosed: true, currentStep: end",
      "source": "crashlytics"
    },
    {
      "timestamp": "Mon Jun 08 2026 10:04:27 GMT+0200 (Central European Summer Time)",
      "message": "FaceKom user initiated closing, isAlreadyClosed: true, currentStep: end",
      "source": "crashlytics"
    },
    {
      "timestamp": "Mon Jun 08 2026 10:05:41 GMT+0200 (Central European Summer Time)",
      "message": "FaceKom status changed: connecting",
      "source": "crashlytics"
    },
    {
      "timestamp": "Mon Jun 08 2026 10:05:41 GMT+0200 (Central European Summer Time)",
      "message": "FaceKom status changed: connecting",
      "source": "crashlytics"
    },
    {
      "timestamp": "Mon Jun 08 2026 10:05:41 GMT+0200 (Central European Summer Time)",
      "message": "FaceKom status changed: connected",
      "source": "crashlytics"
    },
    {
      "timestamp": "Mon Jun 08 2026 10:05:41 GMT+0200 (Central European Summer Time)",
      "message": "FaceKom status changed: connected",
      "source": "crashlytics"
    },
    {
      "timestamp": "Mon Jun 08 2026 10:05:42 GMT+0200 (Central European Summer Time)",
      "name": "screen_view",
      "source": "analytics",
      "params": {
        "firebase_screen_class": "LoginQrReaderScreen"
      }
    },
    {
      "timestamp": "Mon Jun 08 2026 10:05:42 GMT+0200 (Central European Summer Time)",
      "name": "screen_view",
      "source": "analytics",
      "params": {
        "firebase_screen_class": "LoginStartScreen"
      }
    },
    {
      "timestamp": "Mon Jun 08 2026 10:05:42 GMT+0200 (Central European Summer Time)",
      "message": "FaceKom nextStep: custom(type: \"voice-liveness-check\", data: FaceKomSDK.FKSelfService.Step.SData(retry: Optional(false), isRequired: true, additionalData: Optional([\"startVideo\": 1, \"voiceLivenessCheckNumber\": 3307]), availableStreamIDs: nil, maxRetryNumber: nil))",
      "source": "crashlytics"
    },
    {
      "timestamp": "Mon Jun 08 2026 10:06:26 GMT+0200 (Central European Summer Time)",
      "message": "Facekom SelfService stopped and cleared with error: A művelet végrehajtása sikertelen volt. (FaceKomSDK.FaceKomError hiba 46.)",
      "source": "crashlytics"
    },
    {
      "timestamp": "Mon Jun 08 2026 10:08:57 GMT+0200 (Central European Summer Time)",
      "name": "screen_view",
      "source": "analytics",
      "params": {
        "firebase_screen_class": "LoginQrReaderScreen"
      }
    },
    {
      "timestamp": "Mon Jun 08 2026 10:09:01 GMT+0200 (Central European Summer Time)",
      "name": "screen_view",
      "source": "analytics",
      "params": {
        "firebase_screen_class": "VideoUserAgreementsScreen"
      }
    },
    {
      "timestamp": "Mon Jun 08 2026 10:09:03 GMT+0200 (Central European Summer Time)",
      "name": "screen_view",
      "source": "analytics",
      "params": {
        "firebase_screen_class": "VideoAssistanceScreen"
      }
    },
    {
      "timestamp": "Mon Jun 08 2026 10:09:04 GMT+0200 (Central European Summer Time)",
      "message": "FaceKom started from: videoId",
      "source": "crashlytics"
    },
    {
      "timestamp": "Mon Jun 08 2026 10:09:04 GMT+0200 (Central European Summer Time)",
      "message": "FaceKom started with assistance: false",
      "source": "crashlytics"
    },
    {
      "timestamp": "Mon Jun 08 2026 10:09:05 GMT+0200 (Central European Summer Time)",
      "name": "screen_view",
      "source": "analytics",
      "params": {
        "firebase_screen_class": "VideoIntroScreen"
      }
    },
    {
      "timestamp": "Mon Jun 08 2026 10:09:17 GMT+0200 (Central European Summer Time)",
      "message": "FaceKom ID Verified",
      "source": "crashlytics"
    },
    {
      "timestamp": "Mon Jun 08 2026 10:09:18 GMT+0200 (Central European Summer Time)",
      "name": "screen_view",
      "source": "analytics",
      "params": {
        "firebase_screen_class": "IdVerificationScreen"
      }
    },
    {
      "timestamp": "Mon Jun 08 2026 10:09:18 GMT+0200 (Central European Summer Time)",
      "message": "FaceKom SelfService started",
      "source": "crashlytics"
    },
    {
      "timestamp": "Mon Jun 08 2026 10:09:18 GMT+0200 (Central European Summer Time)",
      "message": "FaceKom getSettings success",
      "source": "crashlytics"
    },
    {
      "timestamp": "Mon Jun 08 2026 10:09:18 GMT+0200 (Central European Summer Time)",
      "message": "FaceKom status changed: connecting",
      "source": "crashlytics"
    },
    {
      "timestamp": "Mon Jun 08 2026 10:09:19 GMT+0200 (Central European Summer Time)",
      "message": "FaceKom connectSocket success",
      "source": "crashlytics"
    },
    {
      "timestamp": "Mon Jun 08 2026 10:09:19 GMT+0200 (Central European Summer Time)",
      "message": "FaceKom status changed: connected",
      "source": "crashlytics"
    },
    {
      "timestamp": "Mon Jun 08 2026 10:09:19 GMT+0200 (Central European Summer Time)",
      "name": "screen_view",
      "source": "analytics",
      "params": {
        "firebase_screen_class": "SelfServiceViewController"
      }
    },
    {
      "timestamp": "Mon Jun 08 2026 10:09:19 GMT+0200 (Central European Summer Time)",
      "message": "Facekom flow successfully started, Listening...",
      "source": "crashlytics"
    },
    {
      "timestamp": "Mon Jun 08 2026 10:09:19 GMT+0200 (Central European Summer Time)",
      "message": "FaceKom auth success",
      "source": "crashlytics"
    },
    {
      "timestamp": "Mon Jun 08 2026 10:09:19 GMT+0200 (Central European Summer Time)",
      "message": "FaceKom nextStep: custom(type: \"voice-liveness-check\", data: FaceKomSDK.FKSelfService.Step.SData(retry: Optional(false), isRequired: true, additionalData: Optional([\"startVideo\": 1, \"voiceLivenessCheckNumber\": 9544]), availableStreamIDs: nil, maxRetryNumber: nil))",
      "source": "crashlytics"
    },
    {
      "timestamp": "Mon Jun 08 2026 10:09:25 GMT+0200 (Central European Summer Time)",
      "message": "FaceKom WebRTC started",
      "source": "crashlytics"
    },
    {
      "timestamp": "Mon Jun 08 2026 10:09:25 GMT+0200 (Central European Summer Time)",
      "name": "screen_view",
      "source": "analytics",
      "params": {
        "firebase_screen_class": "SelfieViewController"
      }
    },
    {
      "timestamp": "Mon Jun 08 2026 10:09:27 GMT+0200 (Central European Summer Time)",
      "message": "FaceKom -> StepMessage: guide(step: \"voice-liveness-check\", data: FaceKomSDK.FKSelfService.StepMessageDataGuide(type: \"head_position\", instruction: \"move_head_away\"))",
      "source": "crashlytics"
    },
    {
      "timestamp": "Mon Jun 08 2026 10:09:28 GMT+0200 (Central European Summer Time)",
      "message": "FaceKom handleNewMessageStep: detection:status:voice, currentStep: voice-liveness-check",
      "source": "crashlytics"
    },
    {
      "timestamp": "Mon Jun 08 2026 10:09:28 GMT+0200 (Central European Summer Time)",
      "message": "FaceKom consent voice: Optional(eSzigno.MessageStep.voiceDetection), face: nil",
      "source": "crashlytics"
    },
    {
      "timestamp": "Mon Jun 08 2026 10:09:28 GMT+0200 (Central European Summer Time)",
      "message": "FaceKom -> StepMessage: task(step: \"voice-liveness-check\", data: FaceKomSDK.FKSelfService.StepMessageDataTask(instruction: \"detection:status:voice\", message: Optional(\"success\")))",
      "source": "crashlytics"
    },
    {
      "timestamp": "Mon Jun 08 2026 10:09:29 GMT+0200 (Central European Summer Time)",
      "message": "FaceKom -> StepMessage: guide(step: \"voice-liveness-check\", data: FaceKomSDK.FKSelfService.StepMessageDataGuide(type: \"head_position\", instruction: \"move_head_away\"))",
      "source": "crashlytics"
    },
    {
      "timestamp": "Mon Jun 08 2026 10:09:31 GMT+0200 (Central European Summer Time)",
      "message": "FaceKom -> StepMessage: guide(step: \"voice-liveness-check\", data: FaceKomSDK.FKSelfService.StepMessageDataGuide(type: \"head_position\", instruction: \"move_head_away\"))",
      "source": "crashlytics"
    },
    {
      "timestamp": "Mon Jun 08 2026 10:09:32 GMT+0200 (Central European Summer Time)",
      "message": "FaceKom -> StepMessage: guide(step: \"voice-liveness-check\", data: FaceKomSDK.FKSelfService.StepMessageDataGuide(type: \"head_position\", instruction: \"move_head_away\"))",
      "source": "crashlytics"
    },
    {
      "timestamp": "Mon Jun 08 2026 10:09:34 GMT+0200 (Central European Summer Time)",
      "message": "FaceKom -> StepMessage: guide(step: \"voice-liveness-check\", data: FaceKomSDK.FKSelfService.StepMessageDataGuide(type: \"head_position\", instruction: \"move_head_away\"))",
      "source": "crashlytics"
    },
    {
      "timestamp": "Mon Jun 08 2026 10:09:35 GMT+0200 (Central European Summer Time)",
      "message": "FaceKom handleNewMessageStep: detection:status:face, currentStep: voice-liveness-check",
      "source": "crashlytics"
    },
    {
      "timestamp": "Mon Jun 08 2026 10:09:35 GMT+0200 (Central European Summer Time)",
      "message": "FaceKom consent voice: Optional(eSzigno.MessageStep.voiceDetection), face: Optional(eSzigno.MessageStep.faceDetection)",
      "source": "crashlytics"
    },
    {
      "timestamp": "Mon Jun 08 2026 10:09:35 GMT+0200 (Central European Summer Time)",
      "message": "FaceKom -> StepMessage: task(step: \"voice-liveness-check\", data: FaceKomSDK.FKSelfService.StepMessageDataTask(instruction: \"detection:status:face\", message: Optional(\"success\")))",
      "source": "crashlytics"
    },
    {
      "timestamp": "Mon Jun 08 2026 10:09:37 GMT+0200 (Central European Summer Time)",
      "message": "FaceKom nextStep: custom(type: \"deepfake-detection\", data: FaceKomSDK.FKSelfService.Step.SData(retry: Optional(false), isRequired: true, additionalData: nil, availableStreamIDs: nil, maxRetryNumber: nil))",
      "source": "crashlytics"
    },
    {
      "timestamp": "Mon Jun 08 2026 10:09:40 GMT+0200 (Central European Summer Time)",
      "message": "FaceKom handleNewMessageStep: detection:status:face, currentStep: deepfake-detection",
      "source": "crashlytics"
    },
    {
      "timestamp": "Mon Jun 08 2026 10:09:40 GMT+0200 (Central European Summer Time)",
      "message": "FaceKom consent face: Optional(eSzigno.MessageStep.faceDetection), card: nil",
      "source": "crashlytics"
    },
    {
      "timestamp": "Mon Jun 08 2026 10:09:40 GMT+0200 (Central European Summer Time)",
      "message": "FaceKom -> StepMessage: task(step: \"deepfake-detection\", data: FaceKomSDK.FKSelfService.StepMessageDataTask(instruction: \"detection:status:face\", message: Optional(\"success\")))",
      "source": "crashlytics"
    },
    {
      "timestamp": "Mon Jun 08 2026 10:10:00 GMT+0200 (Central European Summer Time)",
      "message": "FaceKom handleNewMessageStep: detection:status:card, currentStep: deepfake-detection",
      "source": "crashlytics"
    },
    {
      "timestamp": "Mon Jun 08 2026 10:10:00 GMT+0200 (Central European Summer Time)",
      "message": "FaceKom consent face: Optional(eSzigno.MessageStep.faceDetection), card: Optional(eSzigno.MessageStep.cardDetection)",
      "source": "crashlytics"
    },
    {
      "timestamp": "Mon Jun 08 2026 10:10:00 GMT+0200 (Central European Summer Time)",
      "message": "FaceKom -> StepMessage: task(step: \"deepfake-detection\", data: FaceKomSDK.FKSelfService.StepMessageDataTask(instruction: \"detection:status:card\", message: Optional(\"success\")))",
      "source": "crashlytics"
    },
    {
      "timestamp": "Mon Jun 08 2026 10:10:00 GMT+0200 (Central European Summer Time)",
      "message": "FaceKom nextStep: customerPortrait(data: FaceKomSDK.FKSelfService.Step.SData(retry: Optional(false), isRequired: true, additionalData: nil, availableStreamIDs: nil, maxRetryNumber: nil))",
      "source": "crashlytics"
    },
    {
      "timestamp": "Mon Jun 08 2026 10:10:42 GMT+0200 (Central European Summer Time)",
      "message": "FaceKom status changed: connecting",
      "source": "crashlytics"
    },
    {
      "timestamp": "Mon Jun 08 2026 10:10:42 GMT+0200 (Central European Summer Time)",
      "message": "FaceKom status changed: connecting",
      "source": "crashlytics"
    },
    {
      "timestamp": "Mon Jun 08 2026 10:10:42 GMT+0200 (Central European Summer Time)",
      "message": "FaceKom status changed: connected",
      "source": "crashlytics"
    },
    {
      "timestamp": "Mon Jun 08 2026 10:10:42 GMT+0200 (Central European Summer Time)",
      "message": "FaceKom status changed: connected",
      "source": "crashlytics"
    },
    {
      "timestamp": "Mon Jun 08 2026 10:10:42 GMT+0200 (Central European Summer Time)",
      "message": "FaceKom nextStep: customerPortrait(data: FaceKomSDK.FKSelfService.Step.SData(retry: Optional(false), isRequired: true, additionalData: nil, availableStreamIDs: nil, maxRetryNumber: nil))",
      "source": "crashlytics"
    },
    {
      "timestamp": "Mon Jun 08 2026 10:10:42 GMT+0200 (Central European Summer Time)",
      "message": "FaceKom retry Step: Optional(FaceKomSDK.FKSelfService.Step.customerPortrait(data: FaceKomSDK.FKSelfService.Step.SData(retry: Optional(false), isRequired: true, additionalData: nil, availableStreamIDs: nil, maxRetryNumber: nil)))",
      "source": "crashlytics"
    },
    {
      "timestamp": "Mon Jun 08 2026 10:11:18 GMT+0200 (Central European Summer Time)",
      "message": "FaceKom status changed: connecting",
      "source": "crashlytics"
    },
    {
      "timestamp": "Mon Jun 08 2026 10:11:18 GMT+0200 (Central European Summer Time)",
      "message": "FaceKom status changed: connecting",
      "source": "crashlytics"
    },
    {
      "timestamp": "Mon Jun 08 2026 10:11:18 GMT+0200 (Central European Summer Time)",
      "message": "FaceKom status changed: connected",
      "source": "crashlytics"
    },
    {
      "timestamp": "Mon Jun 08 2026 10:11:18 GMT+0200 (Central European Summer Time)",
      "message": "FaceKom status changed: connected",
      "source": "crashlytics"
    },
    {
      "timestamp": "Mon Jun 08 2026 10:11:18 GMT+0200 (Central European Summer Time)",
      "message": "FaceKom nextStep: customerPortrait(data: FaceKomSDK.FKSelfService.Step.SData(retry: Optional(false), isRequired: true, additionalData: nil, availableStreamIDs: nil, maxRetryNumber: nil))",
      "source": "crashlytics"
    },
    {
      "timestamp": "Mon Jun 08 2026 10:11:18 GMT+0200 (Central European Summer Time)",
      "message": "FaceKom retry Step: Optional(FaceKomSDK.FKSelfService.Step.customerPortrait(data: FaceKomSDK.FKSelfService.Step.SData(retry: Optional(false), isRequired: true, additionalData: nil, availableStreamIDs: nil, maxRetryNumber: nil)))",
      "source": "crashlytics"
    },
    {
      "timestamp": "Mon Jun 08 2026 10:11:54 GMT+0200 (Central European Summer Time)",
      "message": "FaceKom status changed: connecting",
      "source": "crashlytics"
    },
    {
      "timestamp": "Mon Jun 08 2026 10:11:54 GMT+0200 (Central European Summer Time)",
      "message": "FaceKom status changed: connecting",
      "source": "crashlytics"
    },
    {
      "timestamp": "Mon Jun 08 2026 10:11:54 GMT+0200 (Central European Summer Time)",
      "message": "FaceKom status changed: connected",
      "source": "crashlytics"
    },
    {
      "timestamp": "Mon Jun 08 2026 10:11:54 GMT+0200 (Central European Summer Time)",
      "message": "FaceKom status changed: connected",
      "source": "crashlytics"
    },
    {
      "timestamp": "Mon Jun 08 2026 10:11:54 GMT+0200 (Central European Summer Time)",
      "message": "FaceKom nextStep: customerPortrait(data: FaceKomSDK.FKSelfService.Step.SData(retry: Optional(false), isRequired: true, additionalData: nil, availableStreamIDs: nil, maxRetryNumber: nil))",
      "source": "crashlytics"
    },
    {
      "timestamp": "Mon Jun 08 2026 10:11:54 GMT+0200 (Central European Summer Time)",
      "message": "FaceKom retry Step: Optional(FaceKomSDK.FKSelfService.Step.customerPortrait(data: FaceKomSDK.FKSelfService.Step.SData(retry: Optional(false), isRequired: true, additionalData: nil, availableStreamIDs: nil, maxRetryNumber: nil)))",
      "source": "crashlytics"
    },
    {
      "timestamp": "Mon Jun 08 2026 10:12:11 GMT+0200 (Central European Summer Time)",
      "message": "FaceKom stopStream",
      "source": "crashlytics"
    },
    {
      "timestamp": "Mon Jun 08 2026 10:12:12 GMT+0200 (Central European Summer Time)",
      "name": "screen_view",
      "source": "analytics",
      "params": {
        "firebase_screen_class": "FinishViewController"
      }
    },
    {
      "timestamp": "Mon Jun 08 2026 10:12:17 GMT+0200 (Central European Summer Time)",
      "message": "FaceKom session did enter background at step: customer-portrait, isVideoStep: true.",
      "source": "crashlytics"
    },
    {
      "timestamp": "Mon Jun 08 2026 10:12:17 GMT+0200 (Central European Summer Time)",
      "message": "FaceKom user initiated closing, isAlreadyClosed: false, currentStep: customerPortrait",
      "source": "crashlytics"
    },
    {
      "timestamp": "Mon Jun 08 2026 10:12:17 GMT+0200 (Central European Summer Time)",
      "message": "FaceKom finished with type: reject",
      "source": "crashlytics"
    },
    {
      "timestamp": "Mon Jun 08 2026 10:12:17 GMT+0200 (Central European Summer Time)",
      "message": "FaceKom user initiated closing, isAlreadyClosed: true, currentStep: customerPortrait",
      "source": "crashlytics"
    }
  ]
}