event_url,issue_id,session_event_key,session_id_full,session_id_base,report_index,event_id,user_id_base,user_id_suffix,identification_link,app_version,os_version,os_major_version,model,date,crash_kind,nserror_code,nserror_domain,source,status,configuration,breadcrumbs_status,nslocalized_description,orientation_device,ram_free_mib,jailbroken,orientation_os,outcome,reason,last_step,steps_reached,screen_views,n_status_changes,first_breadcrumb_ts,last_breadcrumb_ts,session_elapsed_s
https://console.firebase.google.com/project/webszigno-dev-1532086359290/crashlytics/app/ios:hu.microsec.eszigno.mobile/issues/544dd7955e306fe06e41f2f057ccce69?time=1d&versions=3.9.0+%282853%29&types=error&sessionEventKey=5f21c946a8c744e5b9f627c5a108b8cb_2268947849566144891,544dd7955e306fe06e41f2f057ccce69,5f21c946a8c744e5b9f627c5a108b8cb_2268947849566144891,5f21c946a8c744e5b9f627c5a108b8cb_DNE_4_v2,5f21c946a8c744e5b9f627c5a108b8cb,4,2268947849566144891,ea4b2636-9249-4a1c-a463-a8f564668be8,-1790589970,https://videoid-mobile.e-szigno.hu/identification/ea4b2636-9249-4a1c-a463-a8f564668be8-1790589970,3.9.0 (2853),iOS 26.6.2,26,iPhone 14 Pro Max,"Sep 28, 2026, 10:36:28 AM",FaceKomError,36,FaceKomSDK.FaceKomError,videoId,eSzigno.SelfServicePresenter.Status.aborted,PROD Release,not_available,,PORTRAIT,,,PORTRAIT,,,,,,,,,
https://console.firebase.google.com/project/webszigno-dev-1532086359290/crashlytics/app/ios:hu.microsec.eszigno.mobile/issues/66ab9689c1addf4cdac8881ddf52eff2?time=1d&versions=3.9.0+%282853%29&types=error&sessionEventKey=cb830b9ed0fc49b3b708b31fa58f688b_2268921326503230515,66ab9689c1addf4cdac8881ddf52eff2,cb830b9ed0fc49b3b708b31fa58f688b_2268921326503230515,cb830b9ed0fc49b3b708b31fa58f688b_DNE_2_v2,cb830b9ed0fc49b3b708b31fa58f688b,2,2268921326503230515,dc65a77d-b972-4c95-a220-7cbbf9dabb7b,,https://videoid-mobile.e-szigno.hu/identification/dc65a77d-b972-4c95-a220-7cbbf9dabb7b,3.9.0 (2853),iOS 26.7.0,26,iPhone 15 Pro,"Sep 28, 2026, 8:53:32 AM",handleFlow,0,FaceKom handleFlow,Logged out videoId,eSzigno.SelfServicePresenter.Status.finished,PROD Release,downloaded,,PORTRAIT,,,PORTRAIT,,,,,,,,,
https://console.firebase.google.com/project/webszigno-dev-1532086359290/crashlytics/app/ios:hu.microsec.eszigno.mobile/issues/66ab9689c1addf4cdac8881ddf52eff2?time=1d&versions=3.9.0+%282853%29&types=error&sessionEventKey=2e69e59d6b46433abfc941ed2c8d9849_2268924960388523262,66ab9689c1addf4cdac8881ddf52eff2,2e69e59d6b46433abfc941ed2c8d9849_2268924960388523262,2e69e59d6b46433abfc941ed2c8d9849_DNE_2_v2,2e69e59d6b46433abfc941ed2c8d9849,2,2268924960388523262,23752158-a3af-4ae0-9ca9-3a46799351dc,,https://videoid-mobile.e-szigno.hu/identification/23752158-a3af-4ae0-9ca9-3a46799351dc,3.9.0 (2853),iOS 26.6.1,26,iPhone 17 Pro,"Sep 28, 2026, 9:07:38 AM",handleFlow,0,FaceKom handleFlow,videoId,eSzigno.SelfServicePresenter.Status.finished,PROD Release,downloaded,,FACE_UP,,,PORTRAIT,,,,,,,,,
https://console.firebase.google.com/project/webszigno-dev-1532086359290/crashlytics/app/ios:hu.microsec.eszigno.mobile/issues/66ab9689c1addf4cdac8881ddf52eff2?time=1d&versions=3.9.0+%282853%29&types=error&sessionEventKey=d838540cc10d423f98e632cc3fdb1011_2268947354674335786,66ab9689c1addf4cdac8881ddf52eff2,d838540cc10d423f98e632cc3fdb1011_2268947354674335786,d838540cc10d423f98e632cc3fdb1011_DNE_2_v2,d838540cc10d423f98e632cc3fdb1011,2,2268947354674335786,5b10f5d3-8e29-4f76-bcff-ce37cb7c59a5,,https://videoid-mobile.e-szigno.hu/identification/5b10f5d3-8e29-4f76-bcff-ce37cb7c59a5,3.9.0 (2853),iOS 26.6.2,26,iPhone 13 Pro,"Sep 28, 2026, 10:34:33 AM",handleFlow,0,FaceKom handleFlow,videoId,eSzigno.SelfServicePresenter.Status.finished,PROD Release,not_available,,PORTRAIT,,,PORTRAIT,,,,,,,,,
https://console.firebase.google.com/project/webszigno-dev-1532086359290/crashlytics/app/ios:hu.microsec.eszigno.mobile/issues/66ab9689c1addf4cdac8881ddf52eff2?time=1d&versions=3.9.0+%282853%29&types=error&sessionEventKey=5f21c946a8c744e5b9f627c5a108b8cb_2268947647702681976,66ab9689c1addf4cdac8881ddf52eff2,5f21c946a8c744e5b9f627c5a108b8cb_2268947647702681976,5f21c946a8c744e5b9f627c5a108b8cb_DNE_1_v2,5f21c946a8c744e5b9f627c5a108b8cb,1,2268947647702681976,ea4b2636-9249-4a1c-a463-a8f564668be8,-1790589970,https://videoid-mobile.e-szigno.hu/identification/ea4b2636-9249-4a1c-a463-a8f564668be8-1790589970,3.9.0 (2853),iOS 26.6.2,26,iPhone 14 Pro Max,"Sep 28, 2026, 10:35:41 AM",handleFlow,0,FaceKom handleFlow,videoId,eSzigno.SelfServicePresenter.Status.aborted,PROD Release,not_available,,PORTRAIT,,,PORTRAIT,,,,,,,,,
https://console.firebase.google.com/project/webszigno-dev-1532086359290/crashlytics/app/ios:hu.microsec.eszigno.mobile/issues/66ab9689c1addf4cdac8881ddf52eff2?time=1d&versions=3.9.0+%282853%29&types=error&sessionEventKey=5f21c946a8c744e5b9f627c5a108b8cb_2268979550719756670,66ab9689c1addf4cdac8881ddf52eff2,5f21c946a8c744e5b9f627c5a108b8cb_2268979550719756670,5f21c946a8c744e5b9f627c5a108b8cb_DNE_7_v2,5f21c946a8c744e5b9f627c5a108b8cb,7,2268979550719756670,ea4b2636-9249-4a1c-a463-a8f564668be8,-1790589970,https://videoid-mobile.e-szigno.hu/identification/ea4b2636-9249-4a1c-a463-a8f564668be8-1790589970,3.9.0 (2853),iOS 26.6.2,26,iPhone 14 Pro Max,"Sep 28, 2026, 12:39:29 PM",handleFlow,0,FaceKom handleFlow,videoId,eSzigno.SelfServicePresenter.Status.aborted,PROD Release,downloaded,,PORTRAIT,,,PORTRAIT,,,,,,,,,
https://console.firebase.google.com/project/webszigno-dev-1532086359290/crashlytics/app/ios:hu.microsec.eszigno.mobile/issues/66ab9689c1addf4cdac8881ddf52eff2?time=1d&versions=3.9.0+%282853%29&types=error&sessionEventKey=c0a48458aa2a4f5db162f2dc7b244eff_2269009774904022589,66ab9689c1addf4cdac8881ddf52eff2,c0a48458aa2a4f5db162f2dc7b244eff_2269009774904022589,c0a48458aa2a4f5db162f2dc7b244eff_DNE_3_v2,c0a48458aa2a4f5db162f2dc7b244eff,3,2269009774904022589,7d9d87bc-fa58-47a0-85e3-41f909382d9f,,https://videoid-mobile-test.e-szigno.hu/identification/7d9d87bc-fa58-47a0-85e3-41f909382d9f,3.9.0 (2853),iOS 26.5.2,26,iPhone SE (3rd generation),"Sep 28, 2026, 2:36:46 PM",handleFlow,0,FaceKom handleFlow,videoId,eSzigno.SelfServicePresenter.Status.finished,PROD Release,downloaded,,PORTRAIT,,,PORTRAIT,,,,,,,,,
https://console.firebase.google.com/project/webszigno-dev-1532086359290/crashlytics/app/ios:hu.microsec.eszigno.mobile/issues/66ab9689c1addf4cdac8881ddf52eff2?time=1d&versions=3.9.0+%282853%29&types=error&sessionEventKey=c0a48458aa2a4f5db162f2dc7b244eff_2269010818581075521,66ab9689c1addf4cdac8881ddf52eff2,c0a48458aa2a4f5db162f2dc7b244eff_2269010818581075521,c0a48458aa2a4f5db162f2dc7b244eff_DNE_7_v2,c0a48458aa2a4f5db162f2dc7b244eff,7,2269010818581075521,7d9d87bc-fa58-47a0-85e3-41f909382d9f,,https://videoid-mobile-test.e-szigno.hu/identification/7d9d87bc-fa58-47a0-85e3-41f909382d9f,3.9.0 (2853),iOS 26.5.2,26,iPhone SE (3rd generation),"Sep 28, 2026, 2:40:49 PM",handleFlow,0,FaceKom handleFlow,videoId,eSzigno.SelfServicePresenter.Status.finished,PROD Release,downloaded,,PORTRAIT,,,PORTRAIT,,,,,,,,,
https://console.firebase.google.com/project/webszigno-dev-1532086359290/crashlytics/app/ios:hu.microsec.eszigno.mobile/issues/66ab9689c1addf4cdac8881ddf52eff2?time=1d&versions=3.9.0+%282853%29&types=error&sessionEventKey=54deff8a7fbb4da7a9b7a9dc57f99c65_2269032101983267180,66ab9689c1addf4cdac8881ddf52eff2,54deff8a7fbb4da7a9b7a9dc57f99c65_2269032101983267180,54deff8a7fbb4da7a9b7a9dc57f99c65_DNE_2_v2,54deff8a7fbb4da7a9b7a9dc57f99c65,2,2269032101983267180,a6b94122-7be4-4586-a0a3-54a4872c08b2,,https://videoid-mobile.e-szigno.hu/identification/a6b94122-7be4-4586-a0a3-54a4872c08b2,3.9.0 (2853),iOS 26.7.0,26,iPhone 17,"Sep 28, 2026, 4:03:24 PM",handleFlow,0,FaceKom handleFlow,videoId,eSzigno.SelfServicePresenter.Status.finished,PROD Release,downloaded,,PORTRAIT,,,PORTRAIT,,,,,,,,,
https://console.firebase.google.com/project/webszigno-dev-1532086359290/crashlytics/app/ios:hu.microsec.eszigno.mobile/issues/1782c2128a0148281dace39bf8664159?time=1d&versions=3.9.0+%282853%29&types=error&sessionEventKey=cb830b9ed0fc49b3b708b31fa58f688b_2268921305028394033,1782c2128a0148281dace39bf8664159,cb830b9ed0fc49b3b708b31fa58f688b_2268921305028394033,cb830b9ed0fc49b3b708b31fa58f688b_DNE_0_v2,cb830b9ed0fc49b3b708b31fa58f688b,,2268921305028394033,dc65a77d-b972-4c95-a220-7cbbf9dabb7b,,https://videoid-mobile.e-szigno.hu/identification/dc65a77d-b972-4c95-a220-7cbbf9dabb7b,3.9.0 (2853),iOS 26.7.0,26,iPhone 15 Pro,"Sep 28, 2026, 8:53:27 AM",SelfServiceRuntimeError,30803,hu.microsec.eszigno.mobile.SelfServiceRuntimeError,Logged out videoId,eSzigno.SelfServicePresenter.Status.finished,PROD Release,downloaded,Facekom finished with state: finished,PORTRAIT,,,PORTRAIT,,,,,,,,,
https://console.firebase.google.com/project/webszigno-dev-1532086359290/crashlytics/app/ios:hu.microsec.eszigno.mobile/issues/1782c2128a0148281dace39bf8664159?time=1d&versions=3.9.0+%282853%29&types=error&sessionEventKey=cb830b9ed0fc49b3b708b31fa58f688b_2268921305028394034,1782c2128a0148281dace39bf8664159,cb830b9ed0fc49b3b708b31fa58f688b_2268921305028394034,cb830b9ed0fc49b3b708b31fa58f688b_DNE_1_v2,cb830b9ed0fc49b3b708b31fa58f688b,1,2268921305028394034,dc65a77d-b972-4c95-a220-7cbbf9dabb7b,,https://videoid-mobile.e-szigno.hu/identification/dc65a77d-b972-4c95-a220-7cbbf9dabb7b,3.9.0 (2853),iOS 26.7.0,26,iPhone 15 Pro,"Sep 28, 2026, 8:53:27 AM",SelfServiceRuntimeError,30803,hu.microsec.eszigno.mobile.SelfServiceRuntimeError,Logged out videoId,eSzigno.SelfServicePresenter.Status.finished,PROD Release,downloaded,Facekom finished with state: finished,PORTRAIT,,,PORTRAIT,,,,,,,,,
https://console.firebase.google.com/project/webszigno-dev-1532086359290/crashlytics/app/ios:hu.microsec.eszigno.mobile/issues/1782c2128a0148281dace39bf8664159?time=1d&versions=3.9.0+%282853%29&types=error&sessionEventKey=2e69e59d6b46433abfc941ed2c8d9849_2268924904553948412,1782c2128a0148281dace39bf8664159,2e69e59d6b46433abfc941ed2c8d9849_2268924904553948412,2e69e59d6b46433abfc941ed2c8d9849_DNE_0_v2,2e69e59d6b46433abfc941ed2c8d9849,,2268924904553948412,23752158-a3af-4ae0-9ca9-3a46799351dc,,https://videoid-mobile.e-szigno.hu/identification/23752158-a3af-4ae0-9ca9-3a46799351dc,3.9.0 (2853),iOS 26.6.1,26,iPhone 17 Pro,"Sep 28, 2026, 9:07:25 AM",SelfServiceRuntimeError,30803,hu.microsec.eszigno.mobile.SelfServiceRuntimeError,videoId,eSzigno.SelfServicePresenter.Status.finished,PROD Release,downloaded,Facekom végzett finished státusszal.,FACE_UP,,,PORTRAIT,,,,,,,,,
https://console.firebase.google.com/project/webszigno-dev-1532086359290/crashlytics/app/ios:hu.microsec.eszigno.mobile/issues/1782c2128a0148281dace39bf8664159?time=1d&versions=3.9.0+%282853%29&types=error&sessionEventKey=2e69e59d6b46433abfc941ed2c8d9849_2268924904553948413,1782c2128a0148281dace39bf8664159,2e69e59d6b46433abfc941ed2c8d9849_2268924904553948413,2e69e59d6b46433abfc941ed2c8d9849_DNE_1_v2,2e69e59d6b46433abfc941ed2c8d9849,1,2268924904553948413,23752158-a3af-4ae0-9ca9-3a46799351dc,,https://videoid-mobile.e-szigno.hu/identification/23752158-a3af-4ae0-9ca9-3a46799351dc,3.9.0 (2853),iOS 26.6.1,26,iPhone 17 Pro,"Sep 28, 2026, 9:07:25 AM",SelfServiceRuntimeError,30803,hu.microsec.eszigno.mobile.SelfServiceRuntimeError,videoId,eSzigno.SelfServicePresenter.Status.finished,PROD Release,downloaded,Facekom végzett finished státusszal.,FACE_UP,,,PORTRAIT,,,,,,,,,
https://console.firebase.google.com/project/webszigno-dev-1532086359290/crashlytics/app/ios:hu.microsec.eszigno.mobile/issues/1782c2128a0148281dace39bf8664159?time=1d&versions=3.9.0+%282853%29&types=error&sessionEventKey=d838540cc10d423f98e632cc3fdb1011_2268947350379368488,1782c2128a0148281dace39bf8664159,d838540cc10d423f98e632cc3fdb1011_2268947350379368488,d838540cc10d423f98e632cc3fdb1011_DNE_0_v2,d838540cc10d423f98e632cc3fdb1011,,2268947350379368488,5b10f5d3-8e29-4f76-bcff-ce37cb7c59a5,,https://videoid-mobile.e-szigno.hu/identification/5b10f5d3-8e29-4f76-bcff-ce37cb7c59a5,3.9.0 (2853),iOS 26.6.2,26,iPhone 13 Pro,"Sep 28, 2026, 10:34:32 AM",SelfServiceRuntimeError,30803,hu.microsec.eszigno.mobile.SelfServiceRuntimeError,videoId,eSzigno.SelfServicePresenter.Status.finished,PROD Release,not_available,Facekom végzett finished státusszal.,PORTRAIT,,,PORTRAIT,,,,,,,,,
https://console.firebase.google.com/project/webszigno-dev-1532086359290/crashlytics/app/ios:hu.microsec.eszigno.mobile/issues/1782c2128a0148281dace39bf8664159?time=1d&versions=3.9.0+%282853%29&types=error&sessionEventKey=d838540cc10d423f98e632cc3fdb1011_2268947350379368489,1782c2128a0148281dace39bf8664159,d838540cc10d423f98e632cc3fdb1011_2268947350379368489,d838540cc10d423f98e632cc3fdb1011_DNE_1_v2,d838540cc10d423f98e632cc3fdb1011,1,2268947350379368489,5b10f5d3-8e29-4f76-bcff-ce37cb7c59a5,,https://videoid-mobile.e-szigno.hu/identification/5b10f5d3-8e29-4f76-bcff-ce37cb7c59a5,3.9.0 (2853),iOS 26.6.2,26,iPhone 13 Pro,"Sep 28, 2026, 10:34:32 AM",SelfServiceRuntimeError,30803,hu.microsec.eszigno.mobile.SelfServiceRuntimeError,videoId,eSzigno.SelfServicePresenter.Status.finished,PROD Release,not_available,Facekom végzett finished státusszal.,PORTRAIT,,,PORTRAIT,,,,,,,,,
https://console.firebase.google.com/project/webszigno-dev-1532086359290/crashlytics/app/ios:hu.microsec.eszigno.mobile/issues/1782c2128a0148281dace39bf8664159?time=1d&versions=3.9.0+%282853%29&types=error&sessionEventKey=5f21c946a8c744e5b9f627c5a108b8cb_2268947617637910903,1782c2128a0148281dace39bf8664159,5f21c946a8c744e5b9f627c5a108b8cb_2268947617637910903,5f21c946a8c744e5b9f627c5a108b8cb_DNE_0_v2,5f21c946a8c744e5b9f627c5a108b8cb,,2268947617637910903,ea4b2636-9249-4a1c-a463-a8f564668be8,-1790589970,https://videoid-mobile.e-szigno.hu/identification/ea4b2636-9249-4a1c-a463-a8f564668be8-1790589970,3.9.0 (2853),iOS 26.6.2,26,iPhone 14 Pro Max,"Sep 28, 2026, 10:35:34 AM",SelfServiceRuntimeError,30803,hu.microsec.eszigno.mobile.SelfServiceRuntimeError,videoId,eSzigno.SelfServicePresenter.Status.aborted,PROD Release,not_available,"Facekom végzett failed(title: Optional(""Sajnos ez most nem sikerült!""), subtitle: Optional(""FaceKomError: timeOut""), message: nil) státusszal.",PORTRAIT,,,PORTRAIT,,,,,,,,,
https://console.firebase.google.com/project/webszigno-dev-1532086359290/crashlytics/app/ios:hu.microsec.eszigno.mobile/issues/1782c2128a0148281dace39bf8664159?time=1d&versions=3.9.0+%282853%29&types=error&sessionEventKey=5f21c946a8c744e5b9f627c5a108b8cb_2268947832386275705,1782c2128a0148281dace39bf8664159,5f21c946a8c744e5b9f627c5a108b8cb_2268947832386275705,5f21c946a8c744e5b9f627c5a108b8cb_DNE_2_v2,5f21c946a8c744e5b9f627c5a108b8cb,2,2268947832386275705,ea4b2636-9249-4a1c-a463-a8f564668be8,-1790589970,https://videoid-mobile.e-szigno.hu/identification/ea4b2636-9249-4a1c-a463-a8f564668be8-1790589970,3.9.0 (2853),iOS 26.6.2,26,iPhone 14 Pro Max,"Sep 28, 2026, 10:36:24 AM",SelfServiceRuntimeError,30803,hu.microsec.eszigno.mobile.SelfServiceRuntimeError,videoId,eSzigno.SelfServicePresenter.Status.aborted,PROD Release,not_available,"Facekom végzett aborted(message: Optional(""Ismeretlen hiba történt!"")) státusszal.",PORTRAIT,,,PORTRAIT,,,,,,,,,
https://console.firebase.google.com/project/webszigno-dev-1532086359290/crashlytics/app/ios:hu.microsec.eszigno.mobile/issues/1782c2128a0148281dace39bf8664159?time=1d&versions=3.9.0+%282853%29&types=error&sessionEventKey=5f21c946a8c744e5b9f627c5a108b8cb_2268947832386275706,1782c2128a0148281dace39bf8664159,5f21c946a8c744e5b9f627c5a108b8cb_2268947832386275706,5f21c946a8c744e5b9f627c5a108b8cb_DNE_3_v2,5f21c946a8c744e5b9f627c5a108b8cb,3,2268947832386275706,ea4b2636-9249-4a1c-a463-a8f564668be8,-1790589970,https://videoid-mobile.e-szigno.hu/identification/ea4b2636-9249-4a1c-a463-a8f564668be8-1790589970,3.9.0 (2853),iOS 26.6.2,26,iPhone 14 Pro Max,"Sep 28, 2026, 10:36:24 AM",SelfServiceRuntimeError,30803,hu.microsec.eszigno.mobile.SelfServiceRuntimeError,videoId,eSzigno.SelfServicePresenter.Status.aborted,PROD Release,not_available,"Facekom végzett aborted(message: Optional(""Ismeretlen hiba történt!"")) státusszal.",PORTRAIT,,,PORTRAIT,,,,,,,,,
https://console.firebase.google.com/project/webszigno-dev-1532086359290/crashlytics/app/ios:hu.microsec.eszigno.mobile/issues/1782c2128a0148281dace39bf8664159?time=1d&versions=3.9.0+%282853%29&types=error&sessionEventKey=5f21c946a8c744e5b9f627c5a108b8cb_2268979512065051004,1782c2128a0148281dace39bf8664159,5f21c946a8c744e5b9f627c5a108b8cb_2268979512065051004,5f21c946a8c744e5b9f627c5a108b8cb_DNE_5_v2,5f21c946a8c744e5b9f627c5a108b8cb,5,2268979512065051004,ea4b2636-9249-4a1c-a463-a8f564668be8,-1790589970,https://videoid-mobile.e-szigno.hu/identification/ea4b2636-9249-4a1c-a463-a8f564668be8-1790589970,3.9.0 (2853),iOS 26.6.2,26,iPhone 14 Pro Max,"Sep 28, 2026, 12:39:20 PM",SelfServiceRuntimeError,30803,hu.microsec.eszigno.mobile.SelfServiceRuntimeError,videoId,eSzigno.SelfServicePresenter.Status.aborted,PROD Release,downloaded,"Facekom végzett failed(title: Optional(""Sajnos ez most nem sikerült!""), subtitle: Optional(""FaceKomError: timeOut""), message: nil) státusszal.",PORTRAIT,,,PORTRAIT,,,,,,,,,
https://console.firebase.google.com/project/webszigno-dev-1532086359290/crashlytics/app/ios:hu.microsec.eszigno.mobile/issues/1782c2128a0148281dace39bf8664159?time=1d&versions=3.9.0+%282853%29&types=error&sessionEventKey=5f21c946a8c744e5b9f627c5a108b8cb_2268979516360018301,1782c2128a0148281dace39bf8664159,5f21c946a8c744e5b9f627c5a108b8cb_2268979516360018301,5f21c946a8c744e5b9f627c5a108b8cb_DNE_6_v2,5f21c946a8c744e5b9f627c5a108b8cb,6,2268979516360018301,ea4b2636-9249-4a1c-a463-a8f564668be8,-1790589970,https://videoid-mobile.e-szigno.hu/identification/ea4b2636-9249-4a1c-a463-a8f564668be8-1790589970,3.9.0 (2853),iOS 26.6.2,26,iPhone 14 Pro Max,"Sep 28, 2026, 12:39:21 PM",SelfServiceRuntimeError,30803,hu.microsec.eszigno.mobile.SelfServiceRuntimeError,videoId,eSzigno.SelfServicePresenter.Status.aborted,PROD Release,downloaded,"Facekom végzett aborted(message: Optional(""Ismeretlen hiba történt!"")) státusszal.",PORTRAIT,,,PORTRAIT,,,,,,,,,
https://console.firebase.google.com/project/webszigno-dev-1532086359290/crashlytics/app/ios:hu.microsec.eszigno.mobile/issues/1782c2128a0148281dace39bf8664159?time=1d&versions=3.9.0+%282853%29&types=error&sessionEventKey=c0a48458aa2a4f5db162f2dc7b244eff_2269009736249316922,1782c2128a0148281dace39bf8664159,c0a48458aa2a4f5db162f2dc7b244eff_2269009736249316922,c0a48458aa2a4f5db162f2dc7b244eff_DNE_0_v2,c0a48458aa2a4f5db162f2dc7b244eff,,2269009736249316922,7d9d87bc-fa58-47a0-85e3-41f909382d9f,,https://videoid-mobile-test.e-szigno.hu/identification/7d9d87bc-fa58-47a0-85e3-41f909382d9f,3.9.0 (2853),iOS 26.5.2,26,iPhone SE (3rd generation),"Sep 28, 2026, 2:36:37 PM",SelfServiceRuntimeError,30802,hu.microsec.eszigno.mobile.SelfServiceRuntimeError,videoId,eSzigno.SelfServicePresenter.Status.finished,PROD Release,downloaded,"FaceKom session háttérbe lépett a(z): 2-factor lépésnél, isVideoStep: false, isVideoRecordingStarted: false.",PORTRAIT,,,PORTRAIT,,,,,,,,,
https://console.firebase.google.com/project/webszigno-dev-1532086359290/crashlytics/app/ios:hu.microsec.eszigno.mobile/issues/1782c2128a0148281dace39bf8664159?time=1d&versions=3.9.0+%282853%29&types=error&sessionEventKey=c0a48458aa2a4f5db162f2dc7b244eff_2269009766314087995,1782c2128a0148281dace39bf8664159,c0a48458aa2a4f5db162f2dc7b244eff_2269009766314087995,c0a48458aa2a4f5db162f2dc7b244eff_DNE_1_v2,c0a48458aa2a4f5db162f2dc7b244eff,1,2269009766314087995,7d9d87bc-fa58-47a0-85e3-41f909382d9f,,https://videoid-mobile-test.e-szigno.hu/identification/7d9d87bc-fa58-47a0-85e3-41f909382d9f,3.9.0 (2853),iOS 26.5.2,26,iPhone SE (3rd generation),"Sep 28, 2026, 2:36:44 PM",SelfServiceRuntimeError,30803,hu.microsec.eszigno.mobile.SelfServiceRuntimeError,videoId,eSzigno.SelfServicePresenter.Status.finished,PROD Release,downloaded,Facekom végzett finished státusszal.,PORTRAIT,,,PORTRAIT,,,,,,,,,
https://console.firebase.google.com/project/webszigno-dev-1532086359290/crashlytics/app/ios:hu.microsec.eszigno.mobile/issues/1782c2128a0148281dace39bf8664159?time=1d&versions=3.9.0+%282853%29&types=error&sessionEventKey=c0a48458aa2a4f5db162f2dc7b244eff_2269009766314087996,1782c2128a0148281dace39bf8664159,c0a48458aa2a4f5db162f2dc7b244eff_2269009766314087996,c0a48458aa2a4f5db162f2dc7b244eff_DNE_2_v2,c0a48458aa2a4f5db162f2dc7b244eff,2,2269009766314087996,7d9d87bc-fa58-47a0-85e3-41f909382d9f,,https://videoid-mobile-test.e-szigno.hu/identification/7d9d87bc-fa58-47a0-85e3-41f909382d9f,3.9.0 (2853),iOS 26.5.2,26,iPhone SE (3rd generation),"Sep 28, 2026, 2:36:44 PM",SelfServiceRuntimeError,30803,hu.microsec.eszigno.mobile.SelfServiceRuntimeError,videoId,eSzigno.SelfServicePresenter.Status.finished,PROD Release,downloaded,Facekom végzett finished státusszal.,PORTRAIT,,,PORTRAIT,,,,,,,,,
https://console.firebase.google.com/project/webszigno-dev-1532086359290/crashlytics/app/ios:hu.microsec.eszigno.mobile/issues/1782c2128a0148281dace39bf8664159?time=1d&versions=3.9.0+%282853%29&types=error&sessionEventKey=c0a48458aa2a4f5db162f2dc7b244eff_2269010775631402558,1782c2128a0148281dace39bf8664159,c0a48458aa2a4f5db162f2dc7b244eff_2269010775631402558,c0a48458aa2a4f5db162f2dc7b244eff_DNE_4_v2,c0a48458aa2a4f5db162f2dc7b244eff,4,2269010775631402558,7d9d87bc-fa58-47a0-85e3-41f909382d9f,,https://videoid-mobile-test.e-szigno.hu/identification/7d9d87bc-fa58-47a0-85e3-41f909382d9f,3.9.0 (2853),iOS 26.5.2,26,iPhone SE (3rd generation),"Sep 28, 2026, 2:40:39 PM",SelfServiceRuntimeError,30802,hu.microsec.eszigno.mobile.SelfServiceRuntimeError,videoId,eSzigno.SelfServicePresenter.Status.finished,PROD Release,downloaded,"FaceKom session háttérbe lépett a(z): 2-factor lépésnél, isVideoStep: false, isVideoRecordingStarted: false.",PORTRAIT,,,PORTRAIT,,,,,,,,,
https://console.firebase.google.com/project/webszigno-dev-1532086359290/crashlytics/app/ios:hu.microsec.eszigno.mobile/issues/1782c2128a0148281dace39bf8664159?time=1d&versions=3.9.0+%282853%29&types=error&sessionEventKey=c0a48458aa2a4f5db162f2dc7b244eff_2269010814286108223,1782c2128a0148281dace39bf8664159,c0a48458aa2a4f5db162f2dc7b244eff_2269010814286108223,c0a48458aa2a4f5db162f2dc7b244eff_DNE_5_v2,c0a48458aa2a4f5db162f2dc7b244eff,5,2269010814286108223,7d9d87bc-fa58-47a0-85e3-41f909382d9f,,https://videoid-mobile-test.e-szigno.hu/identification/7d9d87bc-fa58-47a0-85e3-41f909382d9f,3.9.0 (2853),iOS 26.5.2,26,iPhone SE (3rd generation),"Sep 28, 2026, 2:40:48 PM",SelfServiceRuntimeError,30803,hu.microsec.eszigno.mobile.SelfServiceRuntimeError,videoId,eSzigno.SelfServicePresenter.Status.finished,PROD Release,downloaded,Facekom végzett finished státusszal.,PORTRAIT,,,PORTRAIT,,,,,,,,,
https://console.firebase.google.com/project/webszigno-dev-1532086359290/crashlytics/app/ios:hu.microsec.eszigno.mobile/issues/1782c2128a0148281dace39bf8664159?time=1d&versions=3.9.0+%282853%29&types=error&sessionEventKey=c0a48458aa2a4f5db162f2dc7b244eff_2269010814286108224,1782c2128a0148281dace39bf8664159,c0a48458aa2a4f5db162f2dc7b244eff_2269010814286108224,c0a48458aa2a4f5db162f2dc7b244eff_DNE_6_v2,c0a48458aa2a4f5db162f2dc7b244eff,6,2269010814286108224,7d9d87bc-fa58-47a0-85e3-41f909382d9f,,https://videoid-mobile-test.e-szigno.hu/identification/7d9d87bc-fa58-47a0-85e3-41f909382d9f,3.9.0 (2853),iOS 26.5.2,26,iPhone SE (3rd generation),"Sep 28, 2026, 2:40:48 PM",SelfServiceRuntimeError,30803,hu.microsec.eszigno.mobile.SelfServiceRuntimeError,videoId,eSzigno.SelfServicePresenter.Status.finished,PROD Release,downloaded,Facekom végzett finished státusszal.,PORTRAIT,,,PORTRAIT,,,,,,,,,
https://console.firebase.google.com/project/webszigno-dev-1532086359290/crashlytics/app/ios:hu.microsec.eszigno.mobile/issues/1782c2128a0148281dace39bf8664159?time=1d&versions=3.9.0+%282853%29&types=error&sessionEventKey=54deff8a7fbb4da7a9b7a9dc57f99c65_2269032089098365290,1782c2128a0148281dace39bf8664159,54deff8a7fbb4da7a9b7a9dc57f99c65_2269032089098365290,54deff8a7fbb4da7a9b7a9dc57f99c65_DNE_0_v2,54deff8a7fbb4da7a9b7a9dc57f99c65,,2269032089098365290,a6b94122-7be4-4586-a0a3-54a4872c08b2,,https://videoid-mobile.e-szigno.hu/identification/a6b94122-7be4-4586-a0a3-54a4872c08b2,3.9.0 (2853),iOS 26.7.0,26,iPhone 17,"Sep 28, 2026, 4:03:21 PM",SelfServiceRuntimeError,30803,hu.microsec.eszigno.mobile.SelfServiceRuntimeError,videoId,eSzigno.SelfServicePresenter.Status.finished,PROD Release,downloaded,Facekom végzett finished státusszal.,PORTRAIT,,,PORTRAIT,,,,,,,,,
https://console.firebase.google.com/project/webszigno-dev-1532086359290/crashlytics/app/ios:hu.microsec.eszigno.mobile/issues/1782c2128a0148281dace39bf8664159?time=1d&versions=3.9.0+%282853%29&types=error&sessionEventKey=54deff8a7fbb4da7a9b7a9dc57f99c65_2269032089098365291,1782c2128a0148281dace39bf8664159,54deff8a7fbb4da7a9b7a9dc57f99c65_2269032089098365291,54deff8a7fbb4da7a9b7a9dc57f99c65_DNE_1_v2,54deff8a7fbb4da7a9b7a9dc57f99c65,1,2269032089098365291,a6b94122-7be4-4586-a0a3-54a4872c08b2,,https://videoid-mobile.e-szigno.hu/identification/a6b94122-7be4-4586-a0a3-54a4872c08b2,3.9.0 (2853),iOS 26.7.0,26,iPhone 17,"Sep 28, 2026, 4:03:21 PM",SelfServiceRuntimeError,30803,hu.microsec.eszigno.mobile.SelfServiceRuntimeError,videoId,eSzigno.SelfServicePresenter.Status.finished,PROD Release,downloaded,Facekom végzett finished státusszal.,PORTRAIT,,,PORTRAIT,,,,,,,,,
https://console.firebase.google.com/project/webszigno-dev-1532086359290/crashlytics/app/ios:hu.microsec.eszigno.mobile/issues/66ab9689c1addf4cdac8881ddf52eff2?time=3d&versions=3.9.0+%282853%29&types=error&sessionEventKey=b23834dfc2e4477898cc56fbabfdc914_2268950296473985629,66ab9689c1addf4cdac8881ddf52eff2,b23834dfc2e4477898cc56fbabfdc914_2268950296473985629,b23834dfc2e4477898cc56fbabfdc914_DNE_3_v2,b23834dfc2e4477898cc56fbabfdc914,3,2268950296473985629,23752158-a3af-4ae0-9ca9-3a46799351dc,-1790583324,https://videoid-mobile.e-szigno.hu/identification/23752158-a3af-4ae0-9ca9-3a46799351dc-1790583324,3.9.0 (2853),iOS 26.6.1,26,iPhone 17 Pro,"Sep 28, 2026, 10:45:57 AM",handleFlow,0,FaceKom handleFlow,videoId,eSzigno.SelfServicePresenter.Status.finished,PROD Release,downloaded,,PORTRAIT,,,PORTRAIT,,,,,,,,,
https://console.firebase.google.com/project/webszigno-dev-1532086359290/crashlytics/app/ios:hu.microsec.eszigno.mobile/issues/1782c2128a0148281dace39bf8664159?time=3d&versions=3.9.0+%282853%29&types=error&sessionEventKey=b23834dfc2e4477898cc56fbabfdc914_2268950120380326490,1782c2128a0148281dace39bf8664159,b23834dfc2e4477898cc56fbabfdc914_2268950120380326490,b23834dfc2e4477898cc56fbabfdc914_DNE_0_v2,b23834dfc2e4477898cc56fbabfdc914,,2268950120380326490,23752158-a3af-4ae0-9ca9-3a46799351dc,-1790583324,https://videoid-mobile.e-szigno.hu/identification/23752158-a3af-4ae0-9ca9-3a46799351dc-1790583324,3.9.0 (2853),iOS 26.6.1,26,iPhone 17 Pro,"Sep 28, 2026, 10:45:16 AM",SelfServiceRuntimeError,30802,hu.microsec.eszigno.mobile.SelfServiceRuntimeError,videoId,eSzigno.SelfServicePresenter.Status.finished,PROD Release,downloaded,"FaceKom session háttérbe lépett a(z): 2-factor lépésnél, isVideoStep: false, isVideoRecordingStarted: false.",PORTRAIT,,,PORTRAIT,,,,,,,,,
https://console.firebase.google.com/project/webszigno-dev-1532086359290/crashlytics/app/ios:hu.microsec.eszigno.mobile/issues/1782c2128a0148281dace39bf8664159?time=3d&versions=3.9.0+%282853%29&types=error&sessionEventKey=b23834dfc2e4477898cc56fbabfdc914_2268950270704181851,1782c2128a0148281dace39bf8664159,b23834dfc2e4477898cc56fbabfdc914_2268950270704181851,b23834dfc2e4477898cc56fbabfdc914_DNE_1_v2,b23834dfc2e4477898cc56fbabfdc914,1,2268950270704181851,23752158-a3af-4ae0-9ca9-3a46799351dc,-1790583324,https://videoid-mobile.e-szigno.hu/identification/23752158-a3af-4ae0-9ca9-3a46799351dc-1790583324,3.9.0 (2853),iOS 26.6.1,26,iPhone 17 Pro,"Sep 28, 2026, 10:45:51 AM",SelfServiceRuntimeError,30803,hu.microsec.eszigno.mobile.SelfServiceRuntimeError,videoId,eSzigno.SelfServicePresenter.Status.finished,PROD Release,downloaded,Facekom végzett finished státusszal.,PORTRAIT,,,PORTRAIT,,,,,,,,,
https://console.firebase.google.com/project/webszigno-dev-1532086359290/crashlytics/app/ios:hu.microsec.eszigno.mobile/issues/1782c2128a0148281dace39bf8664159?time=3d&versions=3.9.0+%282853%29&types=error&sessionEventKey=b23834dfc2e4477898cc56fbabfdc914_2268950270704181852,1782c2128a0148281dace39bf8664159,b23834dfc2e4477898cc56fbabfdc914_2268950270704181852,b23834dfc2e4477898cc56fbabfdc914_DNE_2_v2,b23834dfc2e4477898cc56fbabfdc914,2,2268950270704181852,23752158-a3af-4ae0-9ca9-3a46799351dc,-1790583324,https://videoid-mobile.e-szigno.hu/identification/23752158-a3af-4ae0-9ca9-3a46799351dc-1790583324,3.9.0 (2853),iOS 26.6.1,26,iPhone 17 Pro,"Sep 28, 2026, 10:45:51 AM",SelfServiceRuntimeError,30803,hu.microsec.eszigno.mobile.SelfServiceRuntimeError,videoId,eSzigno.SelfServicePresenter.Status.finished,PROD Release,downloaded,Facekom végzett finished státusszal.,PORTRAIT,,,PORTRAIT,,,,,,,,,
https://console.firebase.google.com/project/webszigno-dev-1532086359290/crashlytics/app/ios:hu.microsec.eszigno.mobile/issues/fc90ac57101d1258a32120e65642f194?time=3d&versions=3.9.0+%282853%29&types=error&sessionEventKey=1dbca860bc3444ad9f15d6bc1e64e32a_2268922986153082002,fc90ac57101d1258a32120e65642f194,1dbca860bc3444ad9f15d6bc1e64e32a_2268922986153082002,1dbca860bc3444ad9f15d6bc1e64e32a_DNE_1_v2,1dbca860bc3444ad9f15d6bc1e64e32a,1,2268922986153082002,5b7eadd0-224a-4f54-8109-93ce279bcd96,,https://videoid-mobile.e-szigno.hu/identification/5b7eadd0-224a-4f54-8109-93ce279bcd96,3.9.0 (2853),iOS 27.0.0,27,iPhone 15 Pro,"Sep 28, 2026, 8:59:59 AM",stopAndClear,0,FaceKom stopAndClear,videoId,eSzigno.SelfServicePresenter.Status.aborted,PROD Release,downloaded,,PORTRAIT,,,PORTRAIT,,,,,,,,,
https://console.firebase.google.com/project/webszigno-dev-1532086359290/crashlytics/app/ios:hu.microsec.eszigno.mobile/issues/66ab9689c1addf4cdac8881ddf52eff2?time=3d&versions=3.9.0+%282853%29&types=error&sessionEventKey=d3bf0b8ac4af490ca1d30aa62f9569f9_2268923193326674375,66ab9689c1addf4cdac8881ddf52eff2,d3bf0b8ac4af490ca1d30aa62f9569f9_2268923193326674375,d3bf0b8ac4af490ca1d30aa62f9569f9_DNE_3_v2,d3bf0b8ac4af490ca1d30aa62f9569f9,3,2268923193326674375,78037820-e6c1-4b64-925c-a3ccff72b8d6,-1790335675,https://videoid-mobile.e-szigno.hu/identification/78037820-e6c1-4b64-925c-a3ccff72b8d6-1790335675,3.9.0 (2853),iOS 26.6.2,26,iPhone 12 Pro,"Sep 28, 2026, 9:00:47 AM",handleFlow,0,FaceKom handleFlow,videoId,eSzigno.SelfServicePresenter.Status.finished,PROD Release,downloaded,,FACE_UP,,,PORTRAIT,,,,,,,,,
https://console.firebase.google.com/project/webszigno-dev-1532086359290/crashlytics/app/ios:hu.microsec.eszigno.mobile/issues/66ab9689c1addf4cdac8881ddf52eff2?time=3d&versions=3.9.0+%282853%29&types=error&sessionEventKey=8ba53f15adbe49de81b97f4e62a6a344_2268960591518858970,66ab9689c1addf4cdac8881ddf52eff2,8ba53f15adbe49de81b97f4e62a6a344_2268960591518858970,8ba53f15adbe49de81b97f4e62a6a344_DNE_2_v2,8ba53f15adbe49de81b97f4e62a6a344,2,2268960591518858970,58f73522-a3d1-4470-a480-c3fb621dbe4a,-1790249274,https://videoid-mobile.e-szigno.hu/identification/58f73522-a3d1-4470-a480-c3fb621dbe4a-1790249274,3.9.0 (2853),iOS 26.6.1,26,iPhone 15,"Sep 28, 2026, 11:25:54 AM",handleFlow,0,FaceKom handleFlow,videoId,eSzigno.SelfServicePresenter.Status.finished,PROD Release,not_available,,FACE_UP,,,PORTRAIT,,,,,,,,,
https://console.firebase.google.com/project/webszigno-dev-1532086359290/crashlytics/app/ios:hu.microsec.eszigno.mobile/issues/66ab9689c1addf4cdac8881ddf52eff2?time=3d&versions=3.9.0+%282853%29&types=error&sessionEventKey=efad72f9c2ce4fc1a033ac4efa0831a6_2268969091131469562,66ab9689c1addf4cdac8881ddf52eff2,efad72f9c2ce4fc1a033ac4efa0831a6_2268969091131469562,efad72f9c2ce4fc1a033ac4efa0831a6_DNE_2_v2,efad72f9c2ce4fc1a033ac4efa0831a6,2,2268969091131469562,113a75d7-7de2-4adf-bd66-93d9df6211d7,,https://videoid-mobile.e-szigno.hu/identification/113a75d7-7de2-4adf-bd66-93d9df6211d7,3.9.0 (2853),iOS 26.6.2,26,iPhone 17,"Sep 28, 2026, 11:58:53 AM",handleFlow,0,FaceKom handleFlow,videoId,eSzigno.SelfServicePresenter.Status.finished,PROD Release,not_available,,PORTRAIT,,,PORTRAIT,,,,,,,,,
https://console.firebase.google.com/project/webszigno-dev-1532086359290/crashlytics/app/ios:hu.microsec.eszigno.mobile/issues/66ab9689c1addf4cdac8881ddf52eff2?time=3d&versions=3.9.0+%282853%29&types=error&sessionEventKey=6c2434658c0c4488925901cfc1c17bf6_2269291084854905087,66ab9689c1addf4cdac8881ddf52eff2,6c2434658c0c4488925901cfc1c17bf6_2269291084854905087,6c2434658c0c4488925901cfc1c17bf6_DNE_2_v2,6c2434658c0c4488925901cfc1c17bf6,2,2269291084854905087,f1d3002a-b3d9-48ec-95b6-2f03e4099db0,,https://videoid-mobile.e-szigno.hu/identification/f1d3002a-b3d9-48ec-95b6-2f03e4099db0,3.9.0 (2853),iOS 26.6.2,26,iPhone 15 Pro,"Sep 29, 2026, 8:48:23 AM",handleFlow,0,FaceKom handleFlow,videoId,eSzigno.SelfServicePresenter.Status.aborted,PROD Release,downloaded,,PORTRAIT,,,PORTRAIT,,,,,,,,,
https://console.firebase.google.com/project/webszigno-dev-1532086359290/crashlytics/app/ios:hu.microsec.eszigno.mobile/issues/66ab9689c1addf4cdac8881ddf52eff2?time=3d&versions=3.9.0+%282853%29&types=error&sessionEventKey=348bf3a7a2bd4ebd922f6fbf4439a25e_2269313204731826176,66ab9689c1addf4cdac8881ddf52eff2,348bf3a7a2bd4ebd922f6fbf4439a25e_2269313204731826176,348bf3a7a2bd4ebd922f6fbf4439a25e_DNE_3_v2,348bf3a7a2bd4ebd922f6fbf4439a25e,3,2269313204731826176,acad8a9e-b096-4f38-ae50-7ef245b76118,,https://videoid-mobile.e-szigno.hu/identification/acad8a9e-b096-4f38-ae50-7ef245b76118,3.9.0 (2853),iOS 26.6.0,26,iPhone 15,"Sep 29, 2026, 10:14:14 AM",handleFlow,0,FaceKom handleFlow,videoId,eSzigno.SelfServicePresenter.Status.finished,PROD Release,downloaded,,PORTRAIT,,,PORTRAIT,,,,,,,,,
https://console.firebase.google.com/project/webszigno-dev-1532086359290/crashlytics/app/ios:hu.microsec.eszigno.mobile/issues/66ab9689c1addf4cdac8881ddf52eff2?time=3d&versions=3.9.0+%282853%29&types=error&sessionEventKey=ee5cc45c916843b3bd90c30150b5cb45_2269313883828830322,66ab9689c1addf4cdac8881ddf52eff2,ee5cc45c916843b3bd90c30150b5cb45_2269313883828830322,ee5cc45c916843b3bd90c30150b5cb45_DNE_2_v2,ee5cc45c916843b3bd90c30150b5cb45,2,2269313883828830322,8a49c46c-4977-4f2b-bf1c-f4d5544e1f19,,https://videoid-mobile.e-szigno.hu/identification/8a49c46c-4977-4f2b-bf1c-f4d5544e1f19,3.9.0 (2853),iOS 26.6.1,26,iPhone 13,"Sep 29, 2026, 10:16:52 AM",handleFlow,0,FaceKom handleFlow,videoId,eSzigno.SelfServicePresenter.Status.finished,PROD Release,downloaded,,PORTRAIT,,,PORTRAIT,,,,,,,,,
https://console.firebase.google.com/project/webszigno-dev-1532086359290/crashlytics/app/ios:hu.microsec.eszigno.mobile/issues/1782c2128a0148281dace39bf8664159?time=3d&versions=3.9.0+%282853%29&types=error&sessionEventKey=1dbca860bc3444ad9f15d6bc1e64e32a_2268922986153082001,1782c2128a0148281dace39bf8664159,1dbca860bc3444ad9f15d6bc1e64e32a_2268922986153082001,1dbca860bc3444ad9f15d6bc1e64e32a_DNE_0_v2,1dbca860bc3444ad9f15d6bc1e64e32a,,2268922986153082001,5b7eadd0-224a-4f54-8109-93ce279bcd96,,https://videoid-mobile.e-szigno.hu/identification/5b7eadd0-224a-4f54-8109-93ce279bcd96,3.9.0 (2853),iOS 27.0.0,27,iPhone 15 Pro,"Sep 28, 2026, 8:59:59 AM",SelfServiceRuntimeError,30803,hu.microsec.eszigno.mobile.SelfServiceRuntimeError,videoId,eSzigno.SelfServicePresenter.Status.aborted,PROD Release,downloaded,"Facekom végzett aborted(message: Optional(""Ismeretlen hiba történt!"")) státusszal.",PORTRAIT,,,PORTRAIT,,,,,,,,,
https://console.firebase.google.com/project/webszigno-dev-1532086359290/crashlytics/app/ios:hu.microsec.eszigno.mobile/issues/1782c2128a0148281dace39bf8664159?time=3d&versions=3.9.0+%282853%29&types=error&sessionEventKey=d3bf0b8ac4af490ca1d30aa62f9569f9_2268923107427328452,1782c2128a0148281dace39bf8664159,d3bf0b8ac4af490ca1d30aa62f9569f9_2268923107427328452,d3bf0b8ac4af490ca1d30aa62f9569f9_DNE_0_v2,d3bf0b8ac4af490ca1d30aa62f9569f9,,2268923107427328452,78037820-e6c1-4b64-925c-a3ccff72b8d6,-1790335675,https://videoid-mobile.e-szigno.hu/identification/78037820-e6c1-4b64-925c-a3ccff72b8d6-1790335675,3.9.0 (2853),iOS 26.6.2,26,iPhone 12 Pro,"Sep 28, 2026, 9:00:27 AM",SelfServiceRuntimeError,30802,hu.microsec.eszigno.mobile.SelfServiceRuntimeError,videoId,eSzigno.SelfServicePresenter.Status.finished,PROD Release,downloaded,"FaceKom session háttérbe lépett a(z): 2-factor lépésnél, isVideoStep: false, isVideoRecordingStarted: false.",FACE_UP,,,PORTRAIT,,,,,,,,,
https://console.firebase.google.com/project/webszigno-dev-1532086359290/crashlytics/app/ios:hu.microsec.eszigno.mobile/issues/1782c2128a0148281dace39bf8664159?time=3d&versions=3.9.0+%282853%29&types=error&sessionEventKey=d3bf0b8ac4af490ca1d30aa62f9569f9_2268923171851837893,1782c2128a0148281dace39bf8664159,d3bf0b8ac4af490ca1d30aa62f9569f9_2268923171851837893,d3bf0b8ac4af490ca1d30aa62f9569f9_DNE_1_v2,d3bf0b8ac4af490ca1d30aa62f9569f9,1,2268923171851837893,78037820-e6c1-4b64-925c-a3ccff72b8d6,-1790335675,https://videoid-mobile.e-szigno.hu/identification/78037820-e6c1-4b64-925c-a3ccff72b8d6-1790335675,3.9.0 (2853),iOS 26.6.2,26,iPhone 12 Pro,"Sep 28, 2026, 9:00:42 AM",SelfServiceRuntimeError,30803,hu.microsec.eszigno.mobile.SelfServiceRuntimeError,videoId,eSzigno.SelfServicePresenter.Status.finished,PROD Release,downloaded,Facekom végzett finished státusszal.,FACE_UP,,,PORTRAIT,,,,,,,,,
https://console.firebase.google.com/project/webszigno-dev-1532086359290/crashlytics/app/ios:hu.microsec.eszigno.mobile/issues/1782c2128a0148281dace39bf8664159?time=3d&versions=3.9.0+%282853%29&types=error&sessionEventKey=d3bf0b8ac4af490ca1d30aa62f9569f9_2268923171851837894,1782c2128a0148281dace39bf8664159,d3bf0b8ac4af490ca1d30aa62f9569f9_2268923171851837894,d3bf0b8ac4af490ca1d30aa62f9569f9_DNE_2_v2,d3bf0b8ac4af490ca1d30aa62f9569f9,2,2268923171851837894,78037820-e6c1-4b64-925c-a3ccff72b8d6,-1790335675,https://videoid-mobile.e-szigno.hu/identification/78037820-e6c1-4b64-925c-a3ccff72b8d6-1790335675,3.9.0 (2853),iOS 26.6.2,26,iPhone 12 Pro,"Sep 28, 2026, 9:00:42 AM",SelfServiceRuntimeError,30803,hu.microsec.eszigno.mobile.SelfServiceRuntimeError,videoId,eSzigno.SelfServicePresenter.Status.finished,PROD Release,downloaded,Facekom végzett finished státusszal.,FACE_UP,,,PORTRAIT,,,,,,,,,
https://console.firebase.google.com/project/webszigno-dev-1532086359290/crashlytics/app/ios:hu.microsec.eszigno.mobile/issues/1782c2128a0148281dace39bf8664159?time=3d&versions=3.9.0+%282853%29&types=error&sessionEventKey=8ba53f15adbe49de81b97f4e62a6a344_2268960578633957080,1782c2128a0148281dace39bf8664159,8ba53f15adbe49de81b97f4e62a6a344_2268960578633957080,8ba53f15adbe49de81b97f4e62a6a344_DNE_0_v2,8ba53f15adbe49de81b97f4e62a6a344,,2268960578633957080,58f73522-a3d1-4470-a480-c3fb621dbe4a,-1790249274,https://videoid-mobile.e-szigno.hu/identification/58f73522-a3d1-4470-a480-c3fb621dbe4a-1790249274,3.9.0 (2853),iOS 26.6.1,26,iPhone 15,"Sep 28, 2026, 11:25:51 AM",SelfServiceRuntimeError,30803,hu.microsec.eszigno.mobile.SelfServiceRuntimeError,videoId,eSzigno.SelfServicePresenter.Status.finished,PROD Release,not_available,Facekom végzett finished státusszal.,FACE_UP,,,PORTRAIT,,,,,,,,,
https://console.firebase.google.com/project/webszigno-dev-1532086359290/crashlytics/app/ios:hu.microsec.eszigno.mobile/issues/1782c2128a0148281dace39bf8664159?time=3d&versions=3.9.0+%282853%29&types=error&sessionEventKey=8ba53f15adbe49de81b97f4e62a6a344_2268960578633957081,1782c2128a0148281dace39bf8664159,8ba53f15adbe49de81b97f4e62a6a344_2268960578633957081,8ba53f15adbe49de81b97f4e62a6a344_DNE_1_v2,8ba53f15adbe49de81b97f4e62a6a344,1,2268960578633957081,58f73522-a3d1-4470-a480-c3fb621dbe4a,-1790249274,https://videoid-mobile.e-szigno.hu/identification/58f73522-a3d1-4470-a480-c3fb621dbe4a-1790249274,3.9.0 (2853),iOS 26.6.1,26,iPhone 15,"Sep 28, 2026, 11:25:51 AM",SelfServiceRuntimeError,30803,hu.microsec.eszigno.mobile.SelfServiceRuntimeError,videoId,eSzigno.SelfServicePresenter.Status.finished,PROD Release,not_available,Facekom végzett finished státusszal.,FACE_UP,,,PORTRAIT,,,,,,,,,
https://console.firebase.google.com/project/webszigno-dev-1532086359290/crashlytics/app/ios:hu.microsec.eszigno.mobile/issues/1782c2128a0148281dace39bf8664159?time=3d&versions=3.9.0+%282853%29&types=error&sessionEventKey=efad72f9c2ce4fc1a033ac4efa0831a6_2268969078246567672,1782c2128a0148281dace39bf8664159,efad72f9c2ce4fc1a033ac4efa0831a6_2268969078246567672,efad72f9c2ce4fc1a033ac4efa0831a6_DNE_0_v2,efad72f9c2ce4fc1a033ac4efa0831a6,,2268969078246567672,113a75d7-7de2-4adf-bd66-93d9df6211d7,,https://videoid-mobile.e-szigno.hu/identification/113a75d7-7de2-4adf-bd66-93d9df6211d7,3.9.0 (2853),iOS 26.6.2,26,iPhone 17,"Sep 28, 2026, 11:58:50 AM",SelfServiceRuntimeError,30803,hu.microsec.eszigno.mobile.SelfServiceRuntimeError,videoId,eSzigno.SelfServicePresenter.Status.finished,PROD Release,not_available,Facekom végzett finished státusszal.,PORTRAIT,,,PORTRAIT,,,,,,,,,
https://console.firebase.google.com/project/webszigno-dev-1532086359290/crashlytics/app/ios:hu.microsec.eszigno.mobile/issues/1782c2128a0148281dace39bf8664159?time=3d&versions=3.9.0+%282853%29&types=error&sessionEventKey=efad72f9c2ce4fc1a033ac4efa0831a6_2268969078246567673,1782c2128a0148281dace39bf8664159,efad72f9c2ce4fc1a033ac4efa0831a6_2268969078246567673,efad72f9c2ce4fc1a033ac4efa0831a6_DNE_1_v2,efad72f9c2ce4fc1a033ac4efa0831a6,1,2268969078246567673,113a75d7-7de2-4adf-bd66-93d9df6211d7,,https://videoid-mobile.e-szigno.hu/identification/113a75d7-7de2-4adf-bd66-93d9df6211d7,3.9.0 (2853),iOS 26.6.2,26,iPhone 17,"Sep 28, 2026, 11:58:50 AM",SelfServiceRuntimeError,30803,hu.microsec.eszigno.mobile.SelfServiceRuntimeError,videoId,eSzigno.SelfServicePresenter.Status.finished,PROD Release,not_available,Facekom végzett finished státusszal.,PORTRAIT,,,PORTRAIT,,,,,,,,,
https://console.firebase.google.com/project/webszigno-dev-1532086359290/crashlytics/app/ios:hu.microsec.eszigno.mobile/issues/1782c2128a0148281dace39bf8664159?time=3d&versions=3.9.0+%282853%29&types=error&sessionEventKey=6c2434658c0c4488925901cfc1c17bf6_2269291054790134013,1782c2128a0148281dace39bf8664159,6c2434658c0c4488925901cfc1c17bf6_2269291054790134013,6c2434658c0c4488925901cfc1c17bf6_DNE_0_v2,6c2434658c0c4488925901cfc1c17bf6,,2269291054790134013,f1d3002a-b3d9-48ec-95b6-2f03e4099db0,,https://videoid-mobile.e-szigno.hu/identification/f1d3002a-b3d9-48ec-95b6-2f03e4099db0,3.9.0 (2853),iOS 26.6.2,26,iPhone 15 Pro,"Sep 29, 2026, 8:48:16 AM",SelfServiceRuntimeError,30803,hu.microsec.eszigno.mobile.SelfServiceRuntimeError,videoId,eSzigno.SelfServicePresenter.Status.aborted,PROD Release,downloaded,"Facekom végzett failed(title: Optional(""Sajnos ez most nem sikerült!""), subtitle: Optional(""FaceKomError: timeOut""), message: nil) státusszal.",PORTRAIT,,,PORTRAIT,,,,,,,,,
https://console.firebase.google.com/project/webszigno-dev-1532086359290/crashlytics/app/ios:hu.microsec.eszigno.mobile/issues/1782c2128a0148281dace39bf8664159?time=3d&versions=3.9.0+%282853%29&types=error&sessionEventKey=6c2434658c0c4488925901cfc1c17bf6_2269291059085101310,1782c2128a0148281dace39bf8664159,6c2434658c0c4488925901cfc1c17bf6_2269291059085101310,6c2434658c0c4488925901cfc1c17bf6_DNE_1_v2,6c2434658c0c4488925901cfc1c17bf6,1,2269291059085101310,f1d3002a-b3d9-48ec-95b6-2f03e4099db0,,https://videoid-mobile.e-szigno.hu/identification/f1d3002a-b3d9-48ec-95b6-2f03e4099db0,3.9.0 (2853),iOS 26.6.2,26,iPhone 15 Pro,"Sep 29, 2026, 8:48:17 AM",SelfServiceRuntimeError,30803,hu.microsec.eszigno.mobile.SelfServiceRuntimeError,videoId,eSzigno.SelfServicePresenter.Status.aborted,PROD Release,downloaded,"Facekom végzett aborted(message: Optional(""Ismeretlen hiba történt!"")) státusszal.",PORTRAIT,,,PORTRAIT,,,,,,,,,
https://console.firebase.google.com/project/webszigno-dev-1532086359290/crashlytics/app/ios:hu.microsec.eszigno.mobile/issues/1782c2128a0148281dace39bf8664159?time=3d&versions=3.9.0+%282853%29&types=error&sessionEventKey=6c2434658c0c4488925901cfc1c17bf6_2269291372617713920,1782c2128a0148281dace39bf8664159,6c2434658c0c4488925901cfc1c17bf6_2269291372617713920,6c2434658c0c4488925901cfc1c17bf6_DNE_3_v2,6c2434658c0c4488925901cfc1c17bf6,3,2269291372617713920,f1d3002a-b3d9-48ec-95b6-2f03e4099db0,,https://videoid-mobile.e-szigno.hu/identification/f1d3002a-b3d9-48ec-95b6-2f03e4099db0,3.9.0 (2853),iOS 26.6.2,26,iPhone 15 Pro,"Sep 29, 2026, 8:49:30 AM",SelfServiceRuntimeError,30803,hu.microsec.eszigno.mobile.SelfServiceRuntimeError,videoId,eSzigno.SelfServicePresenter.Status.aborted,PROD Release,downloaded,Facekom végzett aborted(message: nil) státusszal.,PORTRAIT,,,PORTRAIT,,,,,,,,,
https://console.firebase.google.com/project/webszigno-dev-1532086359290/crashlytics/app/ios:hu.microsec.eszigno.mobile/issues/1782c2128a0148281dace39bf8664159?time=3d&versions=3.9.0+%282853%29&types=error&sessionEventKey=348bf3a7a2bd4ebd922f6fbf4439a25e_2269313123127447549,1782c2128a0148281dace39bf8664159,348bf3a7a2bd4ebd922f6fbf4439a25e_2269313123127447549,348bf3a7a2bd4ebd922f6fbf4439a25e_DNE_0_v2,348bf3a7a2bd4ebd922f6fbf4439a25e,,2269313123127447549,acad8a9e-b096-4f38-ae50-7ef245b76118,,https://videoid-mobile.e-szigno.hu/identification/acad8a9e-b096-4f38-ae50-7ef245b76118,3.9.0 (2853),iOS 26.6.0,26,iPhone 15,"Sep 29, 2026, 10:13:55 AM",SelfServiceRuntimeError,30802,hu.microsec.eszigno.mobile.SelfServiceRuntimeError,videoId,eSzigno.SelfServicePresenter.Status.finished,PROD Release,downloaded,"FaceKom session háttérbe lépett a(z): 2-factor lépésnél, isVideoStep: false, isVideoRecordingStarted: false.",PORTRAIT,,,PORTRAIT,,,,,,,,,
https://console.firebase.google.com/project/webszigno-dev-1532086359290/crashlytics/app/ios:hu.microsec.eszigno.mobile/issues/1782c2128a0148281dace39bf8664159?time=3d&versions=3.9.0+%282853%29&types=error&sessionEventKey=348bf3a7a2bd4ebd922f6fbf4439a25e_2269313196141891582,1782c2128a0148281dace39bf8664159,348bf3a7a2bd4ebd922f6fbf4439a25e_2269313196141891582,348bf3a7a2bd4ebd922f6fbf4439a25e_DNE_1_v2,348bf3a7a2bd4ebd922f6fbf4439a25e,1,2269313196141891582,acad8a9e-b096-4f38-ae50-7ef245b76118,,https://videoid-mobile.e-szigno.hu/identification/acad8a9e-b096-4f38-ae50-7ef245b76118,3.9.0 (2853),iOS 26.6.0,26,iPhone 15,"Sep 29, 2026, 10:14:12 AM",SelfServiceRuntimeError,30803,hu.microsec.eszigno.mobile.SelfServiceRuntimeError,videoId,eSzigno.SelfServicePresenter.Status.finished,PROD Release,downloaded,Facekom végzett finished státusszal.,PORTRAIT,,,PORTRAIT,,,,,,,,,
https://console.firebase.google.com/project/webszigno-dev-1532086359290/crashlytics/app/ios:hu.microsec.eszigno.mobile/issues/1782c2128a0148281dace39bf8664159?time=3d&versions=3.9.0+%282853%29&types=error&sessionEventKey=348bf3a7a2bd4ebd922f6fbf4439a25e_2269313196141891583,1782c2128a0148281dace39bf8664159,348bf3a7a2bd4ebd922f6fbf4439a25e_2269313196141891583,348bf3a7a2bd4ebd922f6fbf4439a25e_DNE_2_v2,348bf3a7a2bd4ebd922f6fbf4439a25e,2,2269313196141891583,acad8a9e-b096-4f38-ae50-7ef245b76118,,https://videoid-mobile.e-szigno.hu/identification/acad8a9e-b096-4f38-ae50-7ef245b76118,3.9.0 (2853),iOS 26.6.0,26,iPhone 15,"Sep 29, 2026, 10:14:12 AM",SelfServiceRuntimeError,30803,hu.microsec.eszigno.mobile.SelfServiceRuntimeError,videoId,eSzigno.SelfServicePresenter.Status.finished,PROD Release,downloaded,Facekom végzett finished státusszal.,PORTRAIT,,,PORTRAIT,,,,,,,,,
https://console.firebase.google.com/project/webszigno-dev-1532086359290/crashlytics/app/ios:hu.microsec.eszigno.mobile/issues/1782c2128a0148281dace39bf8664159?time=3d&versions=3.9.0+%282853%29&types=error&sessionEventKey=ee5cc45c916843b3bd90c30150b5cb45_2269313862353993840,1782c2128a0148281dace39bf8664159,ee5cc45c916843b3bd90c30150b5cb45_2269313862353993840,ee5cc45c916843b3bd90c30150b5cb45_DNE_0_v2,ee5cc45c916843b3bd90c30150b5cb45,,2269313862353993840,8a49c46c-4977-4f2b-bf1c-f4d5544e1f19,,https://videoid-mobile.e-szigno.hu/identification/8a49c46c-4977-4f2b-bf1c-f4d5544e1f19,3.9.0 (2853),iOS 26.6.1,26,iPhone 13,"Sep 29, 2026, 10:16:47 AM",SelfServiceRuntimeError,30803,hu.microsec.eszigno.mobile.SelfServiceRuntimeError,videoId,eSzigno.SelfServicePresenter.Status.finished,PROD Release,downloaded,Facekom végzett finished státusszal.,PORTRAIT,,,PORTRAIT,,,,,,,,,
https://console.firebase.google.com/project/webszigno-dev-1532086359290/crashlytics/app/ios:hu.microsec.eszigno.mobile/issues/1782c2128a0148281dace39bf8664159?time=3d&versions=3.9.0+%282853%29&types=error&sessionEventKey=ee5cc45c916843b3bd90c30150b5cb45_2269313862353993841,1782c2128a0148281dace39bf8664159,ee5cc45c916843b3bd90c30150b5cb45_2269313862353993841,ee5cc45c916843b3bd90c30150b5cb45_DNE_1_v2,ee5cc45c916843b3bd90c30150b5cb45,1,2269313862353993841,8a49c46c-4977-4f2b-bf1c-f4d5544e1f19,,https://videoid-mobile.e-szigno.hu/identification/8a49c46c-4977-4f2b-bf1c-f4d5544e1f19,3.9.0 (2853),iOS 26.6.1,26,iPhone 13,"Sep 29, 2026, 10:16:47 AM",SelfServiceRuntimeError,30803,hu.microsec.eszigno.mobile.SelfServiceRuntimeError,videoId,eSzigno.SelfServicePresenter.Status.finished,PROD Release,downloaded,Facekom végzett finished státusszal.,PORTRAIT,,,PORTRAIT,,,,,,,,,
https://console.firebase.google.com/project/webszigno-dev-1532086359290/crashlytics/app/ios:hu.microsec.eszigno.mobile/issues/66ab9689c1addf4cdac8881ddf52eff2?time=3d&versions=3.9.0+%282853%29&types=error&sessionEventKey=037dab775f8544e295ce6a4815396ac2_2269299717566222870,66ab9689c1addf4cdac8881ddf52eff2,037dab775f8544e295ce6a4815396ac2_2269299717566222870,037dab775f8544e295ce6a4815396ac2_DNE_3_v2,037dab775f8544e295ce6a4815396ac2,3,2269299717566222870,3208e4ec-904d-4f11-8e1c-adb70a3e0d1a,,https://videoid-mobile.e-szigno.hu/identification/3208e4ec-904d-4f11-8e1c-adb70a3e0d1a,3.9.0 (2853),iOS 26.5.2,26,iPhone 17,"Sep 29, 2026, 9:21:53 AM",handleFlow,0,FaceKom handleFlow,videoId,eSzigno.SelfServicePresenter.Status.finished,PROD Release,not_available,,PORTRAIT,,,PORTRAIT,,,,,,,,,
https://console.firebase.google.com/project/webszigno-dev-1532086359290/crashlytics/app/ios:hu.microsec.eszigno.mobile/issues/66ab9689c1addf4cdac8881ddf52eff2?time=3d&versions=3.9.0+%282853%29&types=error&sessionEventKey=5219782a4a6c4cadb2a9247d321d3c45_2269374728253224865,66ab9689c1addf4cdac8881ddf52eff2,5219782a4a6c4cadb2a9247d321d3c45_2269374728253224865,5219782a4a6c4cadb2a9247d321d3c45_DNE_2_v2,5219782a4a6c4cadb2a9247d321d3c45,2,2269374728253224865,4fcf2cfe-48c6-468a-a4a8-80bf0bd06544,-1790677817,https://videoid-mobile.e-szigno.hu/identification/4fcf2cfe-48c6-468a-a4a8-80bf0bd06544-1790677817,3.9.0 (2853),iOS 26.6.2,26,iPhone 13,"Sep 29, 2026, 2:12:58 PM",handleFlow,0,FaceKom handleFlow,videoId,eSzigno.SelfServicePresenter.Status.finished,PROD Release,downloaded,,FACE_UP,,,PORTRAIT,,,,,,,,,
https://console.firebase.google.com/project/webszigno-dev-1532086359290/crashlytics/app/ios:hu.microsec.eszigno.mobile/issues/1782c2128a0148281dace39bf8664159?time=3d&versions=3.9.0+%282853%29&types=error&sessionEventKey=037dab775f8544e295ce6a4815396ac2_2269299614487007763,1782c2128a0148281dace39bf8664159,037dab775f8544e295ce6a4815396ac2_2269299614487007763,037dab775f8544e295ce6a4815396ac2_DNE_0_v2,037dab775f8544e295ce6a4815396ac2,,2269299614487007763,3208e4ec-904d-4f11-8e1c-adb70a3e0d1a,,https://videoid-mobile.e-szigno.hu/identification/3208e4ec-904d-4f11-8e1c-adb70a3e0d1a,3.9.0 (2853),iOS 26.5.2,26,iPhone 17,"Sep 29, 2026, 9:21:29 AM",SelfServiceRuntimeError,30802,hu.microsec.eszigno.mobile.SelfServiceRuntimeError,videoId,eSzigno.SelfServicePresenter.Status.finished,PROD Release,not_available,"FaceKom session háttérbe lépett a(z): 2-factor lépésnél, isVideoStep: false, isVideoRecordingStarted: false.",PORTRAIT,,,PORTRAIT,,,,,,,,,
https://console.firebase.google.com/project/webszigno-dev-1532086359290/crashlytics/app/ios:hu.microsec.eszigno.mobile/issues/1782c2128a0148281dace39bf8664159?time=3d&versions=3.9.0+%282853%29&types=error&sessionEventKey=037dab775f8544e295ce6a4815396ac2_2269299700386353684,1782c2128a0148281dace39bf8664159,037dab775f8544e295ce6a4815396ac2_2269299700386353684,037dab775f8544e295ce6a4815396ac2_DNE_1_v2,037dab775f8544e295ce6a4815396ac2,1,2269299700386353684,3208e4ec-904d-4f11-8e1c-adb70a3e0d1a,,https://videoid-mobile.e-szigno.hu/identification/3208e4ec-904d-4f11-8e1c-adb70a3e0d1a,3.9.0 (2853),iOS 26.5.2,26,iPhone 17,"Sep 29, 2026, 9:21:49 AM",SelfServiceRuntimeError,30803,hu.microsec.eszigno.mobile.SelfServiceRuntimeError,videoId,eSzigno.SelfServicePresenter.Status.finished,PROD Release,not_available,Facekom végzett finished státusszal.,PORTRAIT,,,PORTRAIT,,,,,,,,,
https://console.firebase.google.com/project/webszigno-dev-1532086359290/crashlytics/app/ios:hu.microsec.eszigno.mobile/issues/1782c2128a0148281dace39bf8664159?time=3d&versions=3.9.0+%282853%29&types=error&sessionEventKey=037dab775f8544e295ce6a4815396ac2_2269299700386353685,1782c2128a0148281dace39bf8664159,037dab775f8544e295ce6a4815396ac2_2269299700386353685,037dab775f8544e295ce6a4815396ac2_DNE_2_v2,037dab775f8544e295ce6a4815396ac2,2,2269299700386353685,3208e4ec-904d-4f11-8e1c-adb70a3e0d1a,,https://videoid-mobile.e-szigno.hu/identification/3208e4ec-904d-4f11-8e1c-adb70a3e0d1a,3.9.0 (2853),iOS 26.5.2,26,iPhone 17,"Sep 29, 2026, 9:21:49 AM",SelfServiceRuntimeError,30803,hu.microsec.eszigno.mobile.SelfServiceRuntimeError,videoId,eSzigno.SelfServicePresenter.Status.finished,PROD Release,not_available,Facekom végzett finished státusszal.,PORTRAIT,,,PORTRAIT,,,,,,,,,
https://console.firebase.google.com/project/webszigno-dev-1532086359290/crashlytics/app/ios:hu.microsec.eszigno.mobile/issues/1782c2128a0148281dace39bf8664159?time=3d&versions=3.9.0+%282853%29&types=error&sessionEventKey=5219782a4a6c4cadb2a9247d321d3c45_2269374711073355679,1782c2128a0148281dace39bf8664159,5219782a4a6c4cadb2a9247d321d3c45_2269374711073355679,5219782a4a6c4cadb2a9247d321d3c45_DNE_0_v2,5219782a4a6c4cadb2a9247d321d3c45,,2269374711073355679,4fcf2cfe-48c6-468a-a4a8-80bf0bd06544,-1790677817,https://videoid-mobile.e-szigno.hu/identification/4fcf2cfe-48c6-468a-a4a8-80bf0bd06544-1790677817,3.9.0 (2853),iOS 26.6.2,26,iPhone 13,"Sep 29, 2026, 2:12:54 PM",SelfServiceRuntimeError,30803,hu.microsec.eszigno.mobile.SelfServiceRuntimeError,videoId,eSzigno.SelfServicePresenter.Status.finished,PROD Release,downloaded,Facekom végzett finished státusszal.,FACE_UP,,,PORTRAIT,,,,,,,,,
https://console.firebase.google.com/project/webszigno-dev-1532086359290/crashlytics/app/ios:hu.microsec.eszigno.mobile/issues/1782c2128a0148281dace39bf8664159?time=3d&versions=3.9.0+%282853%29&types=error&sessionEventKey=5219782a4a6c4cadb2a9247d321d3c45_2269374711073355680,1782c2128a0148281dace39bf8664159,5219782a4a6c4cadb2a9247d321d3c45_2269374711073355680,5219782a4a6c4cadb2a9247d321d3c45_DNE_1_v2,5219782a4a6c4cadb2a9247d321d3c45,1,2269374711073355680,4fcf2cfe-48c6-468a-a4a8-80bf0bd06544,-1790677817,https://videoid-mobile.e-szigno.hu/identification/4fcf2cfe-48c6-468a-a4a8-80bf0bd06544-1790677817,3.9.0 (2853),iOS 26.6.2,26,iPhone 13,"Sep 29, 2026, 2:12:54 PM",SelfServiceRuntimeError,30803,hu.microsec.eszigno.mobile.SelfServiceRuntimeError,videoId,eSzigno.SelfServicePresenter.Status.finished,PROD Release,downloaded,Facekom végzett finished státusszal.,FACE_UP,,,PORTRAIT,,,,,,,,,
https://console.firebase.google.com/project/webszigno-dev-1532086359290/crashlytics/app/ios:hu.microsec.eszigno.mobile/issues/fc90ac57101d1258a32120e65642f194?time=90d&versions=3.9.0+%282853%29&types=error&sessionEventKey=d4c56f53c8da41bba9a849dbec21da8d_2267421068000749014,fc90ac57101d1258a32120e65642f194,d4c56f53c8da41bba9a849dbec21da8d_2267421068000749014,d4c56f53c8da41bba9a849dbec21da8d_DNE_1_v2,d4c56f53c8da41bba9a849dbec21da8d,1,2267421068000749014,effb26f3-7774-4b89-bc47-c75312646f16,,https://videoid-mobile.e-szigno.hu/identification/effb26f3-7774-4b89-bc47-c75312646f16,3.9.0 (2853),iOS 27.0.0,27,iPhone 17 Pro,"Sep 24, 2026, 7:51:46 AM",stopAndClear,0,FaceKom stopAndClear,Logged in videoId,eSzigno.SelfServicePresenter.Status.aborted,PROD Release,downloaded,,PORTRAIT,,,PORTRAIT,,,,,,,,,
https://console.firebase.google.com/project/webszigno-dev-1532086359290/crashlytics/app/ios:hu.microsec.eszigno.mobile/issues/66ab9689c1addf4cdac8881ddf52eff2?time=90d&versions=3.9.0+%282853%29&types=error&sessionEventKey=57ba07c7a40a45eab2e1a99fe521561e_2269046653518723235,66ab9689c1addf4cdac8881ddf52eff2,57ba07c7a40a45eab2e1a99fe521561e_2269046653518723235,57ba07c7a40a45eab2e1a99fe521561e_DNE_2_v2,57ba07c7a40a45eab2e1a99fe521561e,2,2269046653518723235,cd66d36b-031c-45eb-bf79-89d634d906e5,,https://videoid-mobile.e-szigno.hu/identification/cd66d36b-031c-45eb-bf79-89d634d906e5,3.9.0 (2853),iOS 26.6.2,26,iPhone 16 Pro Max,"Sep 28, 2026, 4:59:52 PM",handleFlow,0,FaceKom handleFlow,videoId,eSzigno.SelfServicePresenter.Status.finished,PROD Release,downloaded,,PORTRAIT,,,PORTRAIT,,,,,,,,,
https://console.firebase.google.com/project/webszigno-dev-1532086359290/crashlytics/app/ios:hu.microsec.eszigno.mobile/issues/1782c2128a0148281dace39bf8664159?time=90d&versions=3.9.0+%282853%29&types=error&sessionEventKey=8f2716e2f33f403ab4833ffe67f1df5e_2266353518738043847,1782c2128a0148281dace39bf8664159,8f2716e2f33f403ab4833ffe67f1df5e_2266353518738043847,8f2716e2f33f403ab4833ffe67f1df5e_DNE_0_v2,8f2716e2f33f403ab4833ffe67f1df5e,,2266353518738043847,ff205665-38cb-465d-a120-71f01804dd63,,https://videoid-mobile-test.e-szigno.hu/identification/ff205665-38cb-465d-a120-71f01804dd63,3.9.0 (2853),iOS 26.5.2,26,iPhone SE (3rd generation),"Sep 21, 2026, 10:49:08 AM",SelfServiceRuntimeError,30802,hu.microsec.eszigno.mobile.SelfServiceRuntimeError,Logged in videoId,,PROD Release,downloaded,"FaceKom session háttérbe lépett a(z): deepfake-detection lépésnél, isVideoStep: true, isVideoRecordingStarted: true.",PORTRAIT,,,PORTRAIT,,,,,,,,,
https://console.firebase.google.com/project/webszigno-dev-1532086359290/crashlytics/app/ios:hu.microsec.eszigno.mobile/issues/1782c2128a0148281dace39bf8664159?time=90d&versions=3.9.0+%282853%29&types=error&sessionEventKey=62e0922bf37b4698becafcea5c5f0957_2266419019094413000,1782c2128a0148281dace39bf8664159,62e0922bf37b4698becafcea5c5f0957_2266419019094413000,62e0922bf37b4698becafcea5c5f0957_DNE_0_v2,62e0922bf37b4698becafcea5c5f0957,,2266419019094413000,4b7999e2-9a0a-4486-8aa6-15045c58276f,,https://videoid-mobile-test.e-szigno.hu/identification/4b7999e2-9a0a-4486-8aa6-15045c58276f,3.9.0 (2853),iOS 26.5.2,26,iPhone SE (3rd generation),"Sep 21, 2026, 3:03:19 PM",SelfServiceRuntimeError,30802,hu.microsec.eszigno.mobile.SelfServiceRuntimeError,Logged in videoId,,PROD Release,downloaded,"FaceKom session háttérbe lépett a(z): deepfake-detection lépésnél, isVideoStep: true, isVideoRecordingStarted: true.",PORTRAIT,,,PORTRAIT,,,,,,,,,
https://console.firebase.google.com/project/webszigno-dev-1532086359290/crashlytics/app/ios:hu.microsec.eszigno.mobile/issues/1782c2128a0148281dace39bf8664159?time=90d&versions=3.9.0+%282853%29&types=error&sessionEventKey=d4c56f53c8da41bba9a849dbec21da8d_2267421068000749013,1782c2128a0148281dace39bf8664159,d4c56f53c8da41bba9a849dbec21da8d_2267421068000749013,d4c56f53c8da41bba9a849dbec21da8d_DNE_0_v2,d4c56f53c8da41bba9a849dbec21da8d,,2267421068000749013,effb26f3-7774-4b89-bc47-c75312646f16,,https://videoid-mobile.e-szigno.hu/identification/effb26f3-7774-4b89-bc47-c75312646f16,3.9.0 (2853),iOS 27.0.0,27,iPhone 17 Pro,"Sep 24, 2026, 7:51:46 AM",SelfServiceRuntimeError,30803,hu.microsec.eszigno.mobile.SelfServiceRuntimeError,Logged in videoId,eSzigno.SelfServicePresenter.Status.aborted,PROD Release,downloaded,"Facekom végzett aborted(message: Optional(""Ismeretlen hiba történt!"")) státusszal.",PORTRAIT,,,PORTRAIT,,,,,,,,,
https://console.firebase.google.com/project/webszigno-dev-1532086359290/crashlytics/app/ios:hu.microsec.eszigno.mobile/issues/1782c2128a0148281dace39bf8664159?time=90d&versions=3.9.0+%282853%29&types=error&sessionEventKey=57ba07c7a40a45eab2e1a99fe521561e_2269046619158984865,1782c2128a0148281dace39bf8664159,57ba07c7a40a45eab2e1a99fe521561e_2269046619158984865,57ba07c7a40a45eab2e1a99fe521561e_DNE_0_v2,57ba07c7a40a45eab2e1a99fe521561e,,2269046619158984865,cd66d36b-031c-45eb-bf79-89d634d906e5,,https://videoid-mobile.e-szigno.hu/identification/cd66d36b-031c-45eb-bf79-89d634d906e5,3.9.0 (2853),iOS 26.6.2,26,iPhone 16 Pro Max,"Sep 28, 2026, 4:59:44 PM",SelfServiceRuntimeError,30803,hu.microsec.eszigno.mobile.SelfServiceRuntimeError,videoId,eSzigno.SelfServicePresenter.Status.finished,PROD Release,downloaded,Facekom végzett finished státusszal.,PORTRAIT,,,PORTRAIT,,,,,,,,,
https://console.firebase.google.com/project/webszigno-dev-1532086359290/crashlytics/app/ios:hu.microsec.eszigno.mobile/issues/1782c2128a0148281dace39bf8664159?time=90d&versions=3.9.0+%282853%29&types=error&sessionEventKey=57ba07c7a40a45eab2e1a99fe521561e_2269046619158984866,1782c2128a0148281dace39bf8664159,57ba07c7a40a45eab2e1a99fe521561e_2269046619158984866,57ba07c7a40a45eab2e1a99fe521561e_DNE_1_v2,57ba07c7a40a45eab2e1a99fe521561e,1,2269046619158984866,cd66d36b-031c-45eb-bf79-89d634d906e5,,https://videoid-mobile.e-szigno.hu/identification/cd66d36b-031c-45eb-bf79-89d634d906e5,3.9.0 (2853),iOS 26.6.2,26,iPhone 16 Pro Max,"Sep 28, 2026, 4:59:44 PM",SelfServiceRuntimeError,30803,hu.microsec.eszigno.mobile.SelfServiceRuntimeError,videoId,eSzigno.SelfServicePresenter.Status.finished,PROD Release,downloaded,Facekom végzett finished státusszal.,PORTRAIT,,,PORTRAIT,,,,,,,,,
https://console.firebase.google.com/project/webszigno-dev-1532086359290/crashlytics/app/ios:hu.microsec.eszigno.mobile/issues/1554cddf903511ee1651c3806c818d82?time=90d&versions=3.9.0+%282853%29&types=error&sessionEventKey=5d0d57c891194989ad6c25851076723e_2269376262940902956,1554cddf903511ee1651c3806c818d82,5d0d57c891194989ad6c25851076723e_2269376262940902956,5d0d57c891194989ad6c25851076723e_DNE_1_v2,5d0d57c891194989ad6c25851076723e,1,2269376262940902956,ea4b2636-9249-4a1c-a463-a8f564668be8,-1790589970,https://videoid-mobile.e-szigno.hu/identification/ea4b2636-9249-4a1c-a463-a8f564668be8-1790589970,3.9.0 (2853),iOS 26.6.2,26,iPhone 14 Pro Max,"Sep 29, 2026, 2:18:55 PM",FaceKomError,46,FaceKomSDK.FaceKomError,videoId,eSzigno.SelfServicePresenter.Status.finished,PROD Release,downloaded,,PORTRAIT,,,PORTRAIT,,,,,,,,,
https://console.firebase.google.com/project/webszigno-dev-1532086359290/crashlytics/app/ios:hu.microsec.eszigno.mobile/issues/fc90ac57101d1258a32120e65642f194?time=90d&versions=3.9.0+%282853%29&types=error&sessionEventKey=5d0d57c891194989ad6c25851076723e_2269376692437632558,fc90ac57101d1258a32120e65642f194,5d0d57c891194989ad6c25851076723e_2269376692437632558,5d0d57c891194989ad6c25851076723e_DNE_3_v2,5d0d57c891194989ad6c25851076723e,3,2269376692437632558,ea4b2636-9249-4a1c-a463-a8f564668be8,-1790589970,https://videoid-mobile.e-szigno.hu/identification/ea4b2636-9249-4a1c-a463-a8f564668be8-1790589970,3.9.0 (2853),iOS 26.6.2,26,iPhone 14 Pro Max,"Sep 29, 2026, 2:20:35 PM",stopAndClear,0,FaceKom stopAndClear,videoId,eSzigno.SelfServicePresenter.Status.finished,PROD Release,downloaded,,PORTRAIT,,,PORTRAIT,,,,,,,,,
https://console.firebase.google.com/project/webszigno-dev-1532086359290/crashlytics/app/ios:hu.microsec.eszigno.mobile/issues/66ab9689c1addf4cdac8881ddf52eff2?time=90d&versions=3.9.0+%282853%29&types=error&sessionEventKey=fd5bb45b24b94d58957e9ba7e1172841_2268978286422996373,66ab9689c1addf4cdac8881ddf52eff2,fd5bb45b24b94d58957e9ba7e1172841_2268978286422996373,fd5bb45b24b94d58957e9ba7e1172841_DNE_3_v2,fd5bb45b24b94d58957e9ba7e1172841,3,2268978286422996373,76dfcdf1-9ed3-4a0d-b352-50d42bdf354e,,https://videoid-mobile.e-szigno.hu/identification/76dfcdf1-9ed3-4a0d-b352-50d42bdf354e,3.9.0 (2853),iOS 26.6.1,26,iPhone 17 Pro,"Sep 28, 2026, 12:34:34 PM",handleFlow,0,FaceKom handleFlow,videoId,eSzigno.SelfServicePresenter.Status.finished,PROD Release,downloaded,,FACE_UP,,,PORTRAIT,,,,,,,,,
https://console.firebase.google.com/project/webszigno-dev-1532086359290/crashlytics/app/ios:hu.microsec.eszigno.mobile/issues/66ab9689c1addf4cdac8881ddf52eff2?time=90d&versions=3.9.0+%282853%29&types=error&sessionEventKey=c38228669b084bb1bc88e31fdb59ed1a_2268979361052582630,66ab9689c1addf4cdac8881ddf52eff2,c38228669b084bb1bc88e31fdb59ed1a_2268979361052582630,c38228669b084bb1bc88e31fdb59ed1a_DNE_2_v2,c38228669b084bb1bc88e31fdb59ed1a,2,2268979361052582630,ab379cda-b6bc-42a6-b315-2c90416c2bf1,,https://videoid-mobile.e-szigno.hu/identification/ab379cda-b6bc-42a6-b315-2c90416c2bf1,3.9.0 (2853),iOS 26.6.1,26,iPhone 16e,"Sep 28, 2026, 12:38:45 PM",handleFlow,0,FaceKom handleFlow,Logged out videoId,eSzigno.SelfServicePresenter.Status.finished,PROD Release,downloaded,,FACE_UP,,,PORTRAIT,,,,,,,,,
https://console.firebase.google.com/project/webszigno-dev-1532086359290/crashlytics/app/ios:hu.microsec.eszigno.mobile/issues/66ab9689c1addf4cdac8881ddf52eff2?time=90d&versions=3.9.0+%282853%29&types=error&sessionEventKey=2bbc315bc086424b9d0bf4acb5399a6f_2269006502554272040,66ab9689c1addf4cdac8881ddf52eff2,2bbc315bc086424b9d0bf4acb5399a6f_2269006502554272040,2bbc315bc086424b9d0bf4acb5399a6f_DNE_4_v2,2bbc315bc086424b9d0bf4acb5399a6f,4,2269006502554272040,4d9e7f75-f093-4a03-8284-044e77919d81,,https://videoid-mobile.e-szigno.hu/identification/4d9e7f75-f093-4a03-8284-044e77919d81,3.9.0 (2853),iOS 26.6.2,26,iPhone 17 Pro,"Sep 28, 2026, 2:24:04 PM",handleFlow,0,FaceKom handleFlow,Logged in videoId,eSzigno.SelfServicePresenter.Status.finished,PROD Release,downloaded,,PORTRAIT,,,PORTRAIT,,,,,,,,,
https://console.firebase.google.com/project/webszigno-dev-1532086359290/crashlytics/app/ios:hu.microsec.eszigno.mobile/issues/66ab9689c1addf4cdac8881ddf52eff2?time=90d&versions=3.9.0+%282853%29&types=error&sessionEventKey=5d0d57c891194989ad6c25851076723e_2269373797629675051,66ab9689c1addf4cdac8881ddf52eff2,5d0d57c891194989ad6c25851076723e_2269373797629675051,5d0d57c891194989ad6c25851076723e_DNE_0_v2,5d0d57c891194989ad6c25851076723e,,2269373797629675051,ea4b2636-9249-4a1c-a463-a8f564668be8,-1790589970,https://videoid-mobile.e-szigno.hu/identification/ea4b2636-9249-4a1c-a463-a8f564668be8-1790589970,3.9.0 (2853),iOS 26.6.2,26,iPhone 14 Pro Max,"Sep 29, 2026, 2:09:21 PM",handleFlow,0,FaceKom handleFlow,videoId,eSzigno.SelfServicePresenter.Status.finished,PROD Release,downloaded,,PORTRAIT,,,PORTRAIT,,,,,,,,,
https://console.firebase.google.com/project/webszigno-dev-1532086359290/crashlytics/app/ios:hu.microsec.eszigno.mobile/issues/66ab9689c1addf4cdac8881ddf52eff2?time=90d&versions=3.9.0+%282853%29&types=error&sessionEventKey=5d0d57c891194989ad6c25851076723e_2269377560021026354,66ab9689c1addf4cdac8881ddf52eff2,5d0d57c891194989ad6c25851076723e_2269377560021026354,5d0d57c891194989ad6c25851076723e_DNE_7_v2,5d0d57c891194989ad6c25851076723e,7,2269377560021026354,ea4b2636-9249-4a1c-a463-a8f564668be8,-1790589970,https://videoid-mobile.e-szigno.hu/identification/ea4b2636-9249-4a1c-a463-a8f564668be8-1790589970,3.9.0 (2853),iOS 26.6.2,26,iPhone 14 Pro Max,"Sep 29, 2026, 2:23:57 PM",handleFlow,0,FaceKom handleFlow,videoId,eSzigno.SelfServicePresenter.Status.finished,PROD Release,downloaded,,PORTRAIT,,,PORTRAIT,,,,,,,,,
https://console.firebase.google.com/project/webszigno-dev-1532086359290/crashlytics/app/ios:hu.microsec.eszigno.mobile/issues/66ab9689c1addf4cdac8881ddf52eff2?time=90d&versions=3.9.0+%282853%29&types=error&sessionEventKey=edff51aa1bc2472b96376754653f4804_2269394741203742029,66ab9689c1addf4cdac8881ddf52eff2,edff51aa1bc2472b96376754653f4804_2269394741203742029,edff51aa1bc2472b96376754653f4804_DNE_4_v2,edff51aa1bc2472b96376754653f4804,4,2269394741203742029,c77dec25-d81d-44af-9181-6308371108f9,,https://videoid-mobile.e-szigno.hu/identification/c77dec25-d81d-44af-9181-6308371108f9,3.9.0 (2853),iOS 26.6.1,26,iPhone 17 Pro,"Sep 29, 2026, 3:30:38 PM",handleFlow,0,FaceKom handleFlow,Logged out videoId,eSzigno.SelfServicePresenter.Status.finished,PROD Release,downloaded,,PORTRAIT,,,PORTRAIT,,,,,,,,,
https://console.firebase.google.com/project/webszigno-dev-1532086359290/crashlytics/app/ios:hu.microsec.eszigno.mobile/issues/66ab9689c1addf4cdac8881ddf52eff2?time=90d&versions=3.9.0+%282853%29&types=error&sessionEventKey=86eb0bfb02c84e67badeaab1a71f3b22_2269649836600457016,66ab9689c1addf4cdac8881ddf52eff2,86eb0bfb02c84e67badeaab1a71f3b22_2269649836600457016,86eb0bfb02c84e67badeaab1a71f3b22_DNE_2_v2,86eb0bfb02c84e67badeaab1a71f3b22,2,2269649836600457016,055f9ec5-27df-4522-8f1c-851912e8cfa2,-1790682467,https://videoid-mobile.e-szigno.hu/identification/055f9ec5-27df-4522-8f1c-851912e8cfa2-1790682467,3.9.0 (2853),iOS 26.2.0,26,iPhone 17 Pro,"Sep 30, 2026, 8:00:32 AM",handleFlow,0,FaceKom handleFlow,videoId,eSzigno.SelfServicePresenter.Status.finished,PROD Release,downloaded,,PORTRAIT,,,PORTRAIT,,,,,,,,,
https://console.firebase.google.com/project/webszigno-dev-1532086359290/crashlytics/app/ios:hu.microsec.eszigno.mobile/issues/66ab9689c1addf4cdac8881ddf52eff2?time=90d&versions=3.9.0+%282853%29&types=error&sessionEventKey=86eb0bfb02c84e67badeaab1a71f3b22_2269650665529145147,66ab9689c1addf4cdac8881ddf52eff2,86eb0bfb02c84e67badeaab1a71f3b22_2269650665529145147,86eb0bfb02c84e67badeaab1a71f3b22_DNE_5_v2,86eb0bfb02c84e67badeaab1a71f3b22,5,2269650665529145147,055f9ec5-27df-4522-8f1c-851912e8cfa2,-1790682467,https://videoid-mobile.e-szigno.hu/identification/055f9ec5-27df-4522-8f1c-851912e8cfa2-1790682467,3.9.0 (2853),iOS 26.2.0,26,iPhone 17 Pro,"Sep 30, 2026, 8:03:45 AM",handleFlow,0,FaceKom handleFlow,videoId,eSzigno.SelfServicePresenter.Status.finished,PROD Release,downloaded,,PORTRAIT,,,PORTRAIT,,,,,,,,,
https://console.firebase.google.com/project/webszigno-dev-1532086359290/crashlytics/app/ios:hu.microsec.eszigno.mobile/issues/1782c2128a0148281dace39bf8664159?time=90d&versions=3.9.0+%282853%29&types=error&sessionEventKey=fd5bb45b24b94d58957e9ba7e1172841_2268978209113585042,1782c2128a0148281dace39bf8664159,fd5bb45b24b94d58957e9ba7e1172841_2268978209113585042,fd5bb45b24b94d58957e9ba7e1172841_DNE_0_v2,fd5bb45b24b94d58957e9ba7e1172841,,2268978209113585042,76dfcdf1-9ed3-4a0d-b352-50d42bdf354e,,https://videoid-mobile.e-szigno.hu/identification/76dfcdf1-9ed3-4a0d-b352-50d42bdf354e,3.9.0 (2853),iOS 26.6.1,26,iPhone 17 Pro,"Sep 28, 2026, 12:34:16 PM",SelfServiceRuntimeError,30802,hu.microsec.eszigno.mobile.SelfServiceRuntimeError,videoId,eSzigno.SelfServicePresenter.Status.finished,PROD Release,downloaded,"FaceKom session háttérbe lépett a(z): 2-factor lépésnél, isVideoStep: false, isVideoRecordingStarted: false.",FACE_UP,,,PORTRAIT,,,,,,,,,
https://console.firebase.google.com/project/webszigno-dev-1532086359290/crashlytics/app/ios:hu.microsec.eszigno.mobile/issues/1782c2128a0148281dace39bf8664159?time=90d&versions=3.9.0+%282853%29&types=error&sessionEventKey=fd5bb45b24b94d58957e9ba7e1172841_2268978269243127187,1782c2128a0148281dace39bf8664159,fd5bb45b24b94d58957e9ba7e1172841_2268978269243127187,fd5bb45b24b94d58957e9ba7e1172841_DNE_1_v2,fd5bb45b24b94d58957e9ba7e1172841,1,2268978269243127187,76dfcdf1-9ed3-4a0d-b352-50d42bdf354e,,https://videoid-mobile.e-szigno.hu/identification/76dfcdf1-9ed3-4a0d-b352-50d42bdf354e,3.9.0 (2853),iOS 26.6.1,26,iPhone 17 Pro,"Sep 28, 2026, 12:34:30 PM",SelfServiceRuntimeError,30803,hu.microsec.eszigno.mobile.SelfServiceRuntimeError,videoId,eSzigno.SelfServicePresenter.Status.finished,PROD Release,downloaded,Facekom végzett finished státusszal.,FACE_UP,,,PORTRAIT,,,,,,,,,
https://console.firebase.google.com/project/webszigno-dev-1532086359290/crashlytics/app/ios:hu.microsec.eszigno.mobile/issues/1782c2128a0148281dace39bf8664159?time=90d&versions=3.9.0+%282853%29&types=error&sessionEventKey=fd5bb45b24b94d58957e9ba7e1172841_2268978269243127188,1782c2128a0148281dace39bf8664159,fd5bb45b24b94d58957e9ba7e1172841_2268978269243127188,fd5bb45b24b94d58957e9ba7e1172841_DNE_2_v2,fd5bb45b24b94d58957e9ba7e1172841,2,2268978269243127188,76dfcdf1-9ed3-4a0d-b352-50d42bdf354e,,https://videoid-mobile.e-szigno.hu/identification/76dfcdf1-9ed3-4a0d-b352-50d42bdf354e,3.9.0 (2853),iOS 26.6.1,26,iPhone 17 Pro,"Sep 28, 2026, 12:34:30 PM",SelfServiceRuntimeError,30803,hu.microsec.eszigno.mobile.SelfServiceRuntimeError,videoId,eSzigno.SelfServicePresenter.Status.finished,PROD Release,downloaded,Facekom végzett finished státusszal.,FACE_UP,,,PORTRAIT,,,,,,,,,
https://console.firebase.google.com/project/webszigno-dev-1532086359290/crashlytics/app/ios:hu.microsec.eszigno.mobile/issues/1782c2128a0148281dace39bf8664159?time=90d&versions=3.9.0+%282853%29&types=error&sessionEventKey=c38228669b084bb1bc88e31fdb59ed1a_2268979335282778852,1782c2128a0148281dace39bf8664159,c38228669b084bb1bc88e31fdb59ed1a_2268979335282778852,c38228669b084bb1bc88e31fdb59ed1a_DNE_0_v2,c38228669b084bb1bc88e31fdb59ed1a,,2268979335282778852,ab379cda-b6bc-42a6-b315-2c90416c2bf1,,https://videoid-mobile.e-szigno.hu/identification/ab379cda-b6bc-42a6-b315-2c90416c2bf1,3.9.0 (2853),iOS 26.6.1,26,iPhone 16e,"Sep 28, 2026, 12:38:39 PM",SelfServiceRuntimeError,30803,hu.microsec.eszigno.mobile.SelfServiceRuntimeError,Logged out videoId,eSzigno.SelfServicePresenter.Status.finished,PROD Release,downloaded,Facekom végzett finished státusszal.,FACE_UP,,,PORTRAIT,,,,,,,,,
https://console.firebase.google.com/project/webszigno-dev-1532086359290/crashlytics/app/ios:hu.microsec.eszigno.mobile/issues/1782c2128a0148281dace39bf8664159?time=90d&versions=3.9.0+%282853%29&types=error&sessionEventKey=c38228669b084bb1bc88e31fdb59ed1a_2268979335282778853,1782c2128a0148281dace39bf8664159,c38228669b084bb1bc88e31fdb59ed1a_2268979335282778853,c38228669b084bb1bc88e31fdb59ed1a_DNE_1_v2,c38228669b084bb1bc88e31fdb59ed1a,1,2268979335282778853,ab379cda-b6bc-42a6-b315-2c90416c2bf1,,https://videoid-mobile.e-szigno.hu/identification/ab379cda-b6bc-42a6-b315-2c90416c2bf1,3.9.0 (2853),iOS 26.6.1,26,iPhone 16e,"Sep 28, 2026, 12:38:39 PM",SelfServiceRuntimeError,30803,hu.microsec.eszigno.mobile.SelfServiceRuntimeError,Logged out videoId,eSzigno.SelfServicePresenter.Status.finished,PROD Release,downloaded,Facekom végzett finished státusszal.,FACE_UP,,,PORTRAIT,,,,,,,,,
https://console.firebase.google.com/project/webszigno-dev-1532086359290/crashlytics/app/ios:hu.microsec.eszigno.mobile/issues/1782c2128a0148281dace39bf8664159?time=90d&versions=3.9.0+%282853%29&types=error&sessionEventKey=2bbc315bc086424b9d0bf4acb5399a6f_2269006390885122340,1782c2128a0148281dace39bf8664159,2bbc315bc086424b9d0bf4acb5399a6f_2269006390885122340,2bbc315bc086424b9d0bf4acb5399a6f_DNE_0_v2,2bbc315bc086424b9d0bf4acb5399a6f,,2269006390885122340,4d9e7f75-f093-4a03-8284-044e77919d81,,https://videoid-mobile.e-szigno.hu/identification/4d9e7f75-f093-4a03-8284-044e77919d81,3.9.0 (2853),iOS 26.6.2,26,iPhone 17 Pro,"Sep 28, 2026, 2:23:38 PM",SelfServiceRuntimeError,30802,hu.microsec.eszigno.mobile.SelfServiceRuntimeError,Logged in videoId,eSzigno.SelfServicePresenter.Status.finished,PROD Release,downloaded,"FaceKom session háttérbe lépett a(z): 2-factor lépésnél, isVideoStep: false, isVideoRecordingStarted: false.",PORTRAIT,,,PORTRAIT,,,,,,,,,
https://console.firebase.google.com/project/webszigno-dev-1532086359290/crashlytics/app/ios:hu.microsec.eszigno.mobile/issues/1782c2128a0148281dace39bf8664159?time=90d&versions=3.9.0+%282853%29&types=error&sessionEventKey=2bbc315bc086424b9d0bf4acb5399a6f_2269006438129762597,1782c2128a0148281dace39bf8664159,2bbc315bc086424b9d0bf4acb5399a6f_2269006438129762597,2bbc315bc086424b9d0bf4acb5399a6f_DNE_1_v2,2bbc315bc086424b9d0bf4acb5399a6f,1,2269006438129762597,4d9e7f75-f093-4a03-8284-044e77919d81,,https://videoid-mobile.e-szigno.hu/identification/4d9e7f75-f093-4a03-8284-044e77919d81,3.9.0 (2853),iOS 26.6.2,26,iPhone 17 Pro,"Sep 28, 2026, 2:23:49 PM",SelfServiceRuntimeError,30802,hu.microsec.eszigno.mobile.SelfServiceRuntimeError,Logged in videoId,eSzigno.SelfServicePresenter.Status.finished,PROD Release,downloaded,"FaceKom session háttérbe lépett a(z): 2-factor lépésnél, isVideoStep: false, isVideoRecordingStarted: false.",PORTRAIT,,,PORTRAIT,,,,,,,,,
https://console.firebase.google.com/project/webszigno-dev-1532086359290/crashlytics/app/ios:hu.microsec.eszigno.mobile/issues/1782c2128a0148281dace39bf8664159?time=90d&versions=3.9.0+%282853%29&types=error&sessionEventKey=2bbc315bc086424b9d0bf4acb5399a6f_2269006493964337446,1782c2128a0148281dace39bf8664159,2bbc315bc086424b9d0bf4acb5399a6f_2269006493964337446,2bbc315bc086424b9d0bf4acb5399a6f_DNE_2_v2,2bbc315bc086424b9d0bf4acb5399a6f,2,2269006493964337446,4d9e7f75-f093-4a03-8284-044e77919d81,,https://videoid-mobile.e-szigno.hu/identification/4d9e7f75-f093-4a03-8284-044e77919d81,3.9.0 (2853),iOS 26.6.2,26,iPhone 17 Pro,"Sep 28, 2026, 2:24:02 PM",SelfServiceRuntimeError,30803,hu.microsec.eszigno.mobile.SelfServiceRuntimeError,Logged in videoId,eSzigno.SelfServicePresenter.Status.finished,PROD Release,downloaded,Facekom végzett finished státusszal.,PORTRAIT,,,PORTRAIT,,,,,,,,,
https://console.firebase.google.com/project/webszigno-dev-1532086359290/crashlytics/app/ios:hu.microsec.eszigno.mobile/issues/1782c2128a0148281dace39bf8664159?time=90d&versions=3.9.0+%282853%29&types=error&sessionEventKey=2bbc315bc086424b9d0bf4acb5399a6f_2269006493964337447,1782c2128a0148281dace39bf8664159,2bbc315bc086424b9d0bf4acb5399a6f_2269006493964337447,2bbc315bc086424b9d0bf4acb5399a6f_DNE_3_v2,2bbc315bc086424b9d0bf4acb5399a6f,3,2269006493964337447,4d9e7f75-f093-4a03-8284-044e77919d81,,https://videoid-mobile.e-szigno.hu/identification/4d9e7f75-f093-4a03-8284-044e77919d81,3.9.0 (2853),iOS 26.6.2,26,iPhone 17 Pro,"Sep 28, 2026, 2:24:02 PM",SelfServiceRuntimeError,30803,hu.microsec.eszigno.mobile.SelfServiceRuntimeError,Logged in videoId,eSzigno.SelfServicePresenter.Status.finished,PROD Release,downloaded,Facekom végzett finished státusszal.,PORTRAIT,,,PORTRAIT,,,,,,,,,
https://console.firebase.google.com/project/webszigno-dev-1532086359290/crashlytics/app/ios:hu.microsec.eszigno.mobile/issues/1782c2128a0148281dace39bf8664159?time=90d&versions=3.9.0+%282853%29&types=error&sessionEventKey=5d0d57c891194989ad6c25851076723e_2269376692437632557,1782c2128a0148281dace39bf8664159,5d0d57c891194989ad6c25851076723e_2269376692437632557,5d0d57c891194989ad6c25851076723e_DNE_2_v2,5d0d57c891194989ad6c25851076723e,2,2269376692437632557,ea4b2636-9249-4a1c-a463-a8f564668be8,-1790589970,https://videoid-mobile.e-szigno.hu/identification/ea4b2636-9249-4a1c-a463-a8f564668be8-1790589970,3.9.0 (2853),iOS 26.6.2,26,iPhone 14 Pro Max,"Sep 29, 2026, 2:20:35 PM",SelfServiceRuntimeError,30803,hu.microsec.eszigno.mobile.SelfServiceRuntimeError,videoId,eSzigno.SelfServicePresenter.Status.finished,PROD Release,downloaded,"Facekom végzett aborted(message: Optional(""Ismeretlen hiba történt!"")) státusszal.",PORTRAIT,,,PORTRAIT,,,,,,,,,
https://console.firebase.google.com/project/webszigno-dev-1532086359290/crashlytics/app/ios:hu.microsec.eszigno.mobile/issues/1782c2128a0148281dace39bf8664159?time=90d&versions=3.9.0+%282853%29&types=error&sessionEventKey=5d0d57c891194989ad6c25851076723e_2269377508481418799,1782c2128a0148281dace39bf8664159,5d0d57c891194989ad6c25851076723e_2269377508481418799,5d0d57c891194989ad6c25851076723e_DNE_4_v2,5d0d57c891194989ad6c25851076723e,4,2269377508481418799,ea4b2636-9249-4a1c-a463-a8f564668be8,-1790589970,https://videoid-mobile.e-szigno.hu/identification/ea4b2636-9249-4a1c-a463-a8f564668be8-1790589970,3.9.0 (2853),iOS 26.6.2,26,iPhone 14 Pro Max,"Sep 29, 2026, 2:23:45 PM",SelfServiceRuntimeError,30802,hu.microsec.eszigno.mobile.SelfServiceRuntimeError,videoId,eSzigno.SelfServicePresenter.Status.finished,PROD Release,downloaded,"FaceKom session háttérbe lépett a(z): 2-factor lépésnél, isVideoStep: false, isVideoRecordingStarted: false.",PORTRAIT,,,PORTRAIT,,,,,,,,,
https://console.firebase.google.com/project/webszigno-dev-1532086359290/crashlytics/app/ios:hu.microsec.eszigno.mobile/issues/1782c2128a0148281dace39bf8664159?time=90d&versions=3.9.0+%282853%29&types=error&sessionEventKey=5d0d57c891194989ad6c25851076723e_2269377542841157168,1782c2128a0148281dace39bf8664159,5d0d57c891194989ad6c25851076723e_2269377542841157168,5d0d57c891194989ad6c25851076723e_DNE_5_v2,5d0d57c891194989ad6c25851076723e,5,2269377542841157168,ea4b2636-9249-4a1c-a463-a8f564668be8,-1790589970,https://videoid-mobile.e-szigno.hu/identification/ea4b2636-9249-4a1c-a463-a8f564668be8-1790589970,3.9.0 (2853),iOS 26.6.2,26,iPhone 14 Pro Max,"Sep 29, 2026, 2:23:53 PM",SelfServiceRuntimeError,30803,hu.microsec.eszigno.mobile.SelfServiceRuntimeError,videoId,eSzigno.SelfServicePresenter.Status.finished,PROD Release,downloaded,Facekom végzett finished státusszal.,PORTRAIT,,,PORTRAIT,,,,,,,,,
https://console.firebase.google.com/project/webszigno-dev-1532086359290/crashlytics/app/ios:hu.microsec.eszigno.mobile/issues/1782c2128a0148281dace39bf8664159?time=90d&versions=3.9.0+%282853%29&types=error&sessionEventKey=5d0d57c891194989ad6c25851076723e_2269377542841157169,1782c2128a0148281dace39bf8664159,5d0d57c891194989ad6c25851076723e_2269377542841157169,5d0d57c891194989ad6c25851076723e_DNE_6_v2,5d0d57c891194989ad6c25851076723e,6,2269377542841157169,ea4b2636-9249-4a1c-a463-a8f564668be8,-1790589970,https://videoid-mobile.e-szigno.hu/identification/ea4b2636-9249-4a1c-a463-a8f564668be8-1790589970,3.9.0 (2853),iOS 26.6.2,26,iPhone 14 Pro Max,"Sep 29, 2026, 2:23:53 PM",SelfServiceRuntimeError,30803,hu.microsec.eszigno.mobile.SelfServiceRuntimeError,videoId,eSzigno.SelfServicePresenter.Status.finished,PROD Release,downloaded,Facekom végzett finished státusszal.,PORTRAIT,,,PORTRAIT,,,,,,,,,
https://console.firebase.google.com/project/webszigno-dev-1532086359290/crashlytics/app/ios:hu.microsec.eszigno.mobile/issues/1782c2128a0148281dace39bf8664159?time=90d&versions=3.9.0+%282853%29&types=error&sessionEventKey=edff51aa1bc2472b96376754653f4804_2269394530750344521,1782c2128a0148281dace39bf8664159,edff51aa1bc2472b96376754653f4804_2269394530750344521,edff51aa1bc2472b96376754653f4804_DNE_0_v2,edff51aa1bc2472b96376754653f4804,,2269394530750344521,c77dec25-d81d-44af-9181-6308371108f9,,https://videoid-mobile.e-szigno.hu/identification/c77dec25-d81d-44af-9181-6308371108f9,3.9.0 (2853),iOS 26.6.1,26,iPhone 17 Pro,"Sep 29, 2026, 3:29:49 PM",SelfServiceRuntimeError,30802,hu.microsec.eszigno.mobile.SelfServiceRuntimeError,Logged out videoId,eSzigno.SelfServicePresenter.Status.finished,PROD Release,downloaded,"FaceKom session háttérbe lépett a(z): 2-factor lépésnél, isVideoStep: false, isVideoRecordingStarted: false.",PORTRAIT,,,PORTRAIT,,,,,,,,,
https://console.firebase.google.com/project/webszigno-dev-1532086359290/crashlytics/app/ios:hu.microsec.eszigno.mobile/issues/1782c2128a0148281dace39bf8664159?time=90d&versions=3.9.0+%282853%29&types=error&sessionEventKey=edff51aa1bc2472b96376754653f4804_2269394646714461514,1782c2128a0148281dace39bf8664159,edff51aa1bc2472b96376754653f4804_2269394646714461514,edff51aa1bc2472b96376754653f4804_DNE_1_v2,edff51aa1bc2472b96376754653f4804,1,2269394646714461514,c77dec25-d81d-44af-9181-6308371108f9,,https://videoid-mobile.e-szigno.hu/identification/c77dec25-d81d-44af-9181-6308371108f9,3.9.0 (2853),iOS 26.6.1,26,iPhone 17 Pro,"Sep 29, 2026, 3:30:16 PM",SelfServiceRuntimeError,30802,hu.microsec.eszigno.mobile.SelfServiceRuntimeError,Logged out videoId,eSzigno.SelfServicePresenter.Status.finished,PROD Release,downloaded,"FaceKom session háttérbe lépett a(z): 2-factor lépésnél, isVideoStep: false, isVideoRecordingStarted: false.",PORTRAIT,,,PORTRAIT,,,,,,,,,
https://console.firebase.google.com/project/webszigno-dev-1532086359290/crashlytics/app/ios:hu.microsec.eszigno.mobile/issues/1782c2128a0148281dace39bf8664159?time=90d&versions=3.9.0+%282853%29&types=error&sessionEventKey=edff51aa1bc2472b96376754653f4804_2269394724023872843,1782c2128a0148281dace39bf8664159,edff51aa1bc2472b96376754653f4804_2269394724023872843,edff51aa1bc2472b96376754653f4804_DNE_2_v2,edff51aa1bc2472b96376754653f4804,2,2269394724023872843,c77dec25-d81d-44af-9181-6308371108f9,,https://videoid-mobile.e-szigno.hu/identification/c77dec25-d81d-44af-9181-6308371108f9,3.9.0 (2853),iOS 26.6.1,26,iPhone 17 Pro,"Sep 29, 2026, 3:30:34 PM",SelfServiceRuntimeError,30803,hu.microsec.eszigno.mobile.SelfServiceRuntimeError,Logged out videoId,eSzigno.SelfServicePresenter.Status.finished,PROD Release,downloaded,Facekom végzett finished státusszal.,PORTRAIT,,,PORTRAIT,,,,,,,,,
https://console.firebase.google.com/project/webszigno-dev-1532086359290/crashlytics/app/ios:hu.microsec.eszigno.mobile/issues/1782c2128a0148281dace39bf8664159?time=90d&versions=3.9.0+%282853%29&types=error&sessionEventKey=edff51aa1bc2472b96376754653f4804_2269394724023872844,1782c2128a0148281dace39bf8664159,edff51aa1bc2472b96376754653f4804_2269394724023872844,edff51aa1bc2472b96376754653f4804_DNE_3_v2,edff51aa1bc2472b96376754653f4804,3,2269394724023872844,c77dec25-d81d-44af-9181-6308371108f9,,https://videoid-mobile.e-szigno.hu/identification/c77dec25-d81d-44af-9181-6308371108f9,3.9.0 (2853),iOS 26.6.1,26,iPhone 17 Pro,"Sep 29, 2026, 3:30:34 PM",SelfServiceRuntimeError,30803,hu.microsec.eszigno.mobile.SelfServiceRuntimeError,Logged out videoId,eSzigno.SelfServicePresenter.Status.finished,PROD Release,downloaded,Facekom végzett finished státusszal.,PORTRAIT,,,PORTRAIT,,,,,,,,,
https://console.firebase.google.com/project/webszigno-dev-1532086359290/crashlytics/app/ios:hu.microsec.eszigno.mobile/issues/1782c2128a0148281dace39bf8664159?time=90d&versions=3.9.0+%282853%29&types=error&sessionEventKey=86eb0bfb02c84e67badeaab1a71f3b22_2269649806535685942,1782c2128a0148281dace39bf8664159,86eb0bfb02c84e67badeaab1a71f3b22_2269649806535685942,86eb0bfb02c84e67badeaab1a71f3b22_DNE_0_v2,86eb0bfb02c84e67badeaab1a71f3b22,,2269649806535685942,055f9ec5-27df-4522-8f1c-851912e8cfa2,-1790682467,https://videoid-mobile.e-szigno.hu/identification/055f9ec5-27df-4522-8f1c-851912e8cfa2-1790682467,3.9.0 (2853),iOS 26.2.0,26,iPhone 17 Pro,"Sep 30, 2026, 8:00:25 AM",SelfServiceRuntimeError,30803,hu.microsec.eszigno.mobile.SelfServiceRuntimeError,videoId,eSzigno.SelfServicePresenter.Status.finished,PROD Release,downloaded,"Facekom végzett failed(title: nil, subtitle: nil, message: nil) státusszal.",PORTRAIT,,,PORTRAIT,,,,,,,,,
https://console.firebase.google.com/project/webszigno-dev-1532086359290/crashlytics/app/ios:hu.microsec.eszigno.mobile/issues/1782c2128a0148281dace39bf8664159?time=90d&versions=3.9.0+%282853%29&types=error&sessionEventKey=86eb0bfb02c84e67badeaab1a71f3b22_2269649806535685943,1782c2128a0148281dace39bf8664159,86eb0bfb02c84e67badeaab1a71f3b22_2269649806535685943,86eb0bfb02c84e67badeaab1a71f3b22_DNE_1_v2,86eb0bfb02c84e67badeaab1a71f3b22,1,2269649806535685943,055f9ec5-27df-4522-8f1c-851912e8cfa2,-1790682467,https://videoid-mobile.e-szigno.hu/identification/055f9ec5-27df-4522-8f1c-851912e8cfa2-1790682467,3.9.0 (2853),iOS 26.2.0,26,iPhone 17 Pro,"Sep 30, 2026, 8:00:25 AM",SelfServiceRuntimeError,30803,hu.microsec.eszigno.mobile.SelfServiceRuntimeError,videoId,eSzigno.SelfServicePresenter.Status.finished,PROD Release,downloaded,"Facekom végzett failed(title: nil, subtitle: nil, message: nil) státusszal.",PORTRAIT,,,PORTRAIT,,,,,,,,,
https://console.firebase.google.com/project/webszigno-dev-1532086359290/crashlytics/app/ios:hu.microsec.eszigno.mobile/issues/1782c2128a0148281dace39bf8664159?time=90d&versions=3.9.0+%282853%29&types=error&sessionEventKey=86eb0bfb02c84e67badeaab1a71f3b22_2269650656939210553,1782c2128a0148281dace39bf8664159,86eb0bfb02c84e67badeaab1a71f3b22_2269650656939210553,86eb0bfb02c84e67badeaab1a71f3b22_DNE_3_v2,86eb0bfb02c84e67badeaab1a71f3b22,3,2269650656939210553,055f9ec5-27df-4522-8f1c-851912e8cfa2,-1790682467,https://videoid-mobile.e-szigno.hu/identification/055f9ec5-27df-4522-8f1c-851912e8cfa2-1790682467,3.9.0 (2853),iOS 26.2.0,26,iPhone 17 Pro,"Sep 30, 2026, 8:03:43 AM",SelfServiceRuntimeError,30803,hu.microsec.eszigno.mobile.SelfServiceRuntimeError,videoId,eSzigno.SelfServicePresenter.Status.finished,PROD Release,downloaded,Facekom végzett finished státusszal.,PORTRAIT,,,PORTRAIT,,,,,,,,,
https://console.firebase.google.com/project/webszigno-dev-1532086359290/crashlytics/app/ios:hu.microsec.eszigno.mobile/issues/1782c2128a0148281dace39bf8664159?time=90d&versions=3.9.0+%282853%29&types=error&sessionEventKey=86eb0bfb02c84e67badeaab1a71f3b22_2269650656939210554,1782c2128a0148281dace39bf8664159,86eb0bfb02c84e67badeaab1a71f3b22_2269650656939210554,86eb0bfb02c84e67badeaab1a71f3b22_DNE_4_v2,86eb0bfb02c84e67badeaab1a71f3b22,4,2269650656939210554,055f9ec5-27df-4522-8f1c-851912e8cfa2,-1790682467,https://videoid-mobile.e-szigno.hu/identification/055f9ec5-27df-4522-8f1c-851912e8cfa2-1790682467,3.9.0 (2853),iOS 26.2.0,26,iPhone 17 Pro,"Sep 30, 2026, 8:03:43 AM",SelfServiceRuntimeError,30803,hu.microsec.eszigno.mobile.SelfServiceRuntimeError,videoId,eSzigno.SelfServicePresenter.Status.finished,PROD Release,downloaded,Facekom végzett finished státusszal.,PORTRAIT,,,PORTRAIT,,,,,,,,,
https://console.firebase.google.com/project/webszigno-dev-1532086359290/crashlytics/app/ios:hu.microsec.eszigno.mobile/issues/544dd7955e306fe06e41f2f057ccce69?time=90d&versions=3.9.0+%282853%29&types=error&sessionEventKey=b1767ada015f4dbaa021ee311da04b46_2269328901458452261,544dd7955e306fe06e41f2f057ccce69,b1767ada015f4dbaa021ee311da04b46_2269328901458452261,b1767ada015f4dbaa021ee311da04b46_DNE_4_v2,b1767ada015f4dbaa021ee311da04b46,4,2269328901458452261,50db258a-f489-4f36-9db6-9b68599f76d3,,https://videoid-mobile.e-szigno.hu/identification/50db258a-f489-4f36-9db6-9b68599f76d3,3.9.0 (2853),iOS 26.3.0,26,iPhone 16,"Sep 29, 2026, 11:15:08 AM",FaceKomError,36,FaceKomSDK.FaceKomError,videoId,eSzigno.SelfServicePresenter.Status.finished,PROD Release,not_available,,PORTRAIT,,,PORTRAIT,,,,,,,,,
https://console.firebase.google.com/project/webszigno-dev-1532086359290/crashlytics/app/ios:hu.microsec.eszigno.mobile/issues/fc90ac57101d1258a32120e65642f194?time=90d&versions=3.9.0+%282853%29&types=error&sessionEventKey=b1767ada015f4dbaa021ee311da04b46_2269327247896043298,fc90ac57101d1258a32120e65642f194,b1767ada015f4dbaa021ee311da04b46_2269327247896043298,b1767ada015f4dbaa021ee311da04b46_DNE_1_v2,b1767ada015f4dbaa021ee311da04b46,1,2269327247896043298,50db258a-f489-4f36-9db6-9b68599f76d3,,https://videoid-mobile.e-szigno.hu/identification/50db258a-f489-4f36-9db6-9b68599f76d3,3.9.0 (2853),iOS 26.3.0,26,iPhone 16,"Sep 29, 2026, 11:08:43 AM",stopAndClear,0,FaceKom stopAndClear,videoId,eSzigno.SelfServicePresenter.Status.finished,PROD Release,not_available,,PORTRAIT,,,PORTRAIT,,,,,,,,,
https://console.firebase.google.com/project/webszigno-dev-1532086359290/crashlytics/app/ios:hu.microsec.eszigno.mobile/issues/66ab9689c1addf4cdac8881ddf52eff2?time=90d&versions=3.9.0+%282853%29&types=error&sessionEventKey=1ffbb431330b4cdcbb5c4fcc6ed087eb_2269324851191944101,66ab9689c1addf4cdac8881ddf52eff2,1ffbb431330b4cdcbb5c4fcc6ed087eb_2269324851191944101,1ffbb431330b4cdcbb5c4fcc6ed087eb_DNE_2_v2,1ffbb431330b4cdcbb5c4fcc6ed087eb,2,2269324851191944101,8a49c46c-4977-4f2b-bf1c-f4d5544e1f19,-1790671942,https://videoid-mobile.e-szigno.hu/identification/8a49c46c-4977-4f2b-bf1c-f4d5544e1f19-1790671942,3.9.0 (2853),iOS 26.6.1,26,iPhone 13,"Sep 29, 2026, 10:59:25 AM",handleFlow,0,FaceKom handleFlow,videoId,eSzigno.SelfServicePresenter.Status.finished,PROD Release,downloaded,,PORTRAIT,,,PORTRAIT,,,,,,,,,
https://console.firebase.google.com/project/webszigno-dev-1532086359290/crashlytics/app/ios:hu.microsec.eszigno.mobile/issues/66ab9689c1addf4cdac8881ddf52eff2?time=90d&versions=3.9.0+%282853%29&types=error&sessionEventKey=b1767ada015f4dbaa021ee311da04b46_2269330172768771880,66ab9689c1addf4cdac8881ddf52eff2,b1767ada015f4dbaa021ee311da04b46_2269330172768771880,b1767ada015f4dbaa021ee311da04b46_DNE_7_v2,b1767ada015f4dbaa021ee311da04b46,7,2269330172768771880,50db258a-f489-4f36-9db6-9b68599f76d3,,https://videoid-mobile.e-szigno.hu/identification/50db258a-f489-4f36-9db6-9b68599f76d3,3.9.0 (2853),iOS 26.3.0,26,iPhone 16,"Sep 29, 2026, 11:20:04 AM",handleFlow,0,FaceKom handleFlow,videoId,eSzigno.SelfServicePresenter.Status.finished,PROD Release,not_available,,PORTRAIT,,,PORTRAIT,,,,,,,,,
https://console.firebase.google.com/project/webszigno-dev-1532086359290/crashlytics/app/ios:hu.microsec.eszigno.mobile/issues/66ab9689c1addf4cdac8881ddf52eff2?time=90d&versions=3.9.0+%282853%29&types=error&sessionEventKey=d624b641a1dd44b19a04f57533691e2a_2269354191911520092,66ab9689c1addf4cdac8881ddf52eff2,d624b641a1dd44b19a04f57533691e2a_2269354191911520092,d624b641a1dd44b19a04f57533691e2a_DNE_3_v2,d624b641a1dd44b19a04f57533691e2a,3,2269354191911520092,b5d0af56-619d-4dc5-b094-22bab253cf46,-1790677893,https://videoid-mobile.e-szigno.hu/identification/b5d0af56-619d-4dc5-b094-22bab253cf46-1790677893,3.9.0 (2853),iOS 26.6.2,26,iPhone 14,"Sep 29, 2026, 12:53:17 PM",handleFlow,0,FaceKom handleFlow,Logged out videoId,eSzigno.SelfServicePresenter.Status.finished,PROD Release,downloaded,,PORTRAIT,,,PORTRAIT,,,,,,,,,
https://console.firebase.google.com/project/webszigno-dev-1532086359290/crashlytics/app/ios:hu.microsec.eszigno.mobile/issues/66ab9689c1addf4cdac8881ddf52eff2?time=90d&versions=3.9.0+%282853%29&types=error&sessionEventKey=84b8b9c6a92e42ca85764c1af15d5b2c_2269364992598753539,66ab9689c1addf4cdac8881ddf52eff2,84b8b9c6a92e42ca85764c1af15d5b2c_2269364992598753539,84b8b9c6a92e42ca85764c1af15d5b2c_DNE_2_v2,84b8b9c6a92e42ca85764c1af15d5b2c,2,2269364992598753539,4def6e9d-4d61-4cbb-a9db-a3ed692b3e65,,https://videoid-mobile.e-szigno.hu/identification/4def6e9d-4d61-4cbb-a9db-a3ed692b3e65,3.9.0 (2853),iOS 26.6.1,26,iPhone 17,"Sep 29, 2026, 1:35:11 PM",handleFlow,0,FaceKom handleFlow,Logged out videoId,eSzigno.SelfServicePresenter.Status.finished,PROD Release,not_available,,PORTRAIT,,,PORTRAIT,,,,,,,,,
https://console.firebase.google.com/project/webszigno-dev-1532086359290/crashlytics/app/ios:hu.microsec.eszigno.mobile/issues/66ab9689c1addf4cdac8881ddf52eff2?time=90d&versions=3.9.0+%282853%29&types=error&sessionEventKey=328c1caf9c754d41a1086d3fe43560ad_2269374430114659511,66ab9689c1addf4cdac8881ddf52eff2,328c1caf9c754d41a1086d3fe43560ad_2269374430114659511,328c1caf9c754d41a1086d3fe43560ad_DNE_2_v2,328c1caf9c754d41a1086d3fe43560ad,2,2269374430114659511,ac164c95-b26e-49a6-9094-c3543fab3922,,https://videoid-mobile.e-szigno.hu/identification/ac164c95-b26e-49a6-9094-c3543fab3922,3.9.0 (2853),iOS 26.6.2,26,iPhone 17,"Sep 29, 2026, 2:11:49 PM",handleFlow,0,FaceKom handleFlow,videoId,eSzigno.SelfServicePresenter.Status.finished,PROD Release,downloaded,,PORTRAIT,,,PORTRAIT,,,,,,,,,
https://console.firebase.google.com/project/webszigno-dev-1532086359290/crashlytics/app/ios:hu.microsec.eszigno.mobile/issues/66ab9689c1addf4cdac8881ddf52eff2?time=90d&versions=3.9.0+%282853%29&types=error&sessionEventKey=cfa29a1982de43f9b5d126dcdb512771_2269377890168313413,66ab9689c1addf4cdac8881ddf52eff2,cfa29a1982de43f9b5d126dcdb512771_2269377890168313413,cfa29a1982de43f9b5d126dcdb512771_DNE_2_v2,cfa29a1982de43f9b5d126dcdb512771,2,2269377890168313413,0f7686e1-5ccd-4c30-9ae2-50c5cb7ba992,,https://videoid-mobile.e-szigno.hu/identification/0f7686e1-5ccd-4c30-9ae2-50c5cb7ba992,3.9.0 (2853),iOS 26.6.2,26,iPhone 13 Pro Max,"Sep 29, 2026, 2:25:14 PM",handleFlow,0,FaceKom handleFlow,videoId,eSzigno.SelfServicePresenter.Status.finished,PROD Release,downloaded,,FACE_UP,,,PORTRAIT,,,,,,,,,
https://console.firebase.google.com/project/webszigno-dev-1532086359290/crashlytics/app/ios:hu.microsec.eszigno.mobile/issues/66ab9689c1addf4cdac8881ddf52eff2?time=90d&versions=3.9.0+%282853%29&types=error&sessionEventKey=405857e75cd041c5904aaa42b6c0b764_2269385586090328372,66ab9689c1addf4cdac8881ddf52eff2,405857e75cd041c5904aaa42b6c0b764_2269385586090328372,405857e75cd041c5904aaa42b6c0b764_DNE_2_v2,405857e75cd041c5904aaa42b6c0b764,2,2269385586090328372,3f48d031-5f67-446f-8af7-d8c42d0c6250,,https://videoid-mobile.e-szigno.hu/identification/3f48d031-5f67-446f-8af7-d8c42d0c6250,3.9.0 (2853),iOS 26.7.0,26,iPhone 13 Mini,"Sep 29, 2026, 2:55:06 PM",handleFlow,0,FaceKom handleFlow,Logged out videoId,eSzigno.SelfServicePresenter.Status.finished,PROD Release,downloaded,,PORTRAIT,,,PORTRAIT,,,,,,,,,
https://console.firebase.google.com/project/webszigno-dev-1532086359290/crashlytics/app/ios:hu.microsec.eszigno.mobile/issues/66ab9689c1addf4cdac8881ddf52eff2?time=90d&versions=3.9.0+%282853%29&types=error&sessionEventKey=b343ccd06938483d91fe15e385e70888_2269395133820872633,66ab9689c1addf4cdac8881ddf52eff2,b343ccd06938483d91fe15e385e70888_2269395133820872633,b343ccd06938483d91fe15e385e70888_DNE_2_v2,b343ccd06938483d91fe15e385e70888,2,2269395133820872633,9ce78069-fa9c-4cdc-a935-d06340099c5c,,https://videoid-mobile.e-szigno.hu/identification/9ce78069-fa9c-4cdc-a935-d06340099c5c,3.9.0 (2853),iOS 26.6.1,26,iPhone 15,"Sep 29, 2026, 3:32:09 PM",handleFlow,0,FaceKom handleFlow,videoId,eSzigno.SelfServicePresenter.Status.finished,PROD Release,downloaded,,PORTRAIT,,,PORTRAIT,,,,,,,,,
https://console.firebase.google.com/project/webszigno-dev-1532086359290/crashlytics/app/ios:hu.microsec.eszigno.mobile/issues/66ab9689c1addf4cdac8881ddf52eff2?time=90d&versions=3.9.0+%282853%29&types=error&sessionEventKey=0ef3be10cecd4b51bca4e6e467e36aad_2269399579916635132,66ab9689c1addf4cdac8881ddf52eff2,0ef3be10cecd4b51bca4e6e467e36aad_2269399579916635132,0ef3be10cecd4b51bca4e6e467e36aad_DNE_2_v2,0ef3be10cecd4b51bca4e6e467e36aad,2,2269399579916635132,fcf2a036-9e40-4144-90d6-0456781ca84f,,https://videoid-mobile.e-szigno.hu/identification/fcf2a036-9e40-4144-90d6-0456781ca84f,3.9.0 (2853),iOS 26.6.2,26,iPhone 13 Pro,"Sep 29, 2026, 3:49:24 PM",handleFlow,0,FaceKom handleFlow,videoId,eSzigno.SelfServicePresenter.Status.finished,PROD Release,downloaded,,FACE_UP,,,PORTRAIT,,,,,,,,,
https://console.firebase.google.com/project/webszigno-dev-1532086359290/crashlytics/app/ios:hu.microsec.eszigno.mobile/issues/66ab9689c1addf4cdac8881ddf52eff2?time=90d&versions=3.9.0+%282853%29&types=error&sessionEventKey=4d692a7b0d2447c48a5a62653475a65f_2269417132651168954,66ab9689c1addf4cdac8881ddf52eff2,4d692a7b0d2447c48a5a62653475a65f_2269417132651168954,4d692a7b0d2447c48a5a62653475a65f_DNE_2_v2,4d692a7b0d2447c48a5a62653475a65f,2,2269417132651168954,47970fa4-22e4-4c33-91c9-bb5ec63ca049,,https://videoid-mobile.e-szigno.hu/identification/47970fa4-22e4-4c33-91c9-bb5ec63ca049,3.9.0 (2853),iOS 26.5.1,26,iPhone 17,"Sep 29, 2026, 4:57:31 PM",handleFlow,0,FaceKom handleFlow,Logged out videoId,eSzigno.SelfServicePresenter.Status.failed,PROD Release,downloaded,,PORTRAIT,,,PORTRAIT,,,,,,,,,
https://console.firebase.google.com/project/webszigno-dev-1532086359290/crashlytics/app/ios:hu.microsec.eszigno.mobile/issues/66ab9689c1addf4cdac8881ddf52eff2?time=90d&versions=3.9.0+%282853%29&types=error&sessionEventKey=1d5f0799b44d4ab2abc9230c017888db_2269468692479849973,66ab9689c1addf4cdac8881ddf52eff2,1d5f0799b44d4ab2abc9230c017888db_2269468692479849973,1d5f0799b44d4ab2abc9230c017888db_DNE_2_v2,1d5f0799b44d4ab2abc9230c017888db,2,2269468692479849973,7fffcd53-beed-4d7d-a33f-9e7f233096f7,,https://videoid-mobile.e-szigno.hu/identification/7fffcd53-beed-4d7d-a33f-9e7f233096f7,3.9.0 (2853),iOS 26.6.1,26,iPhone 17 Pro Max,"Sep 29, 2026, 8:17:36 PM",handleFlow,0,FaceKom handleFlow,videoId,eSzigno.SelfServicePresenter.Status.finished,PROD Release,downloaded,,PORTRAIT,,,PORTRAIT,,,,,,,,,
https://console.firebase.google.com/project/webszigno-dev-1532086359290/crashlytics/app/ios:hu.microsec.eszigno.mobile/issues/66ab9689c1addf4cdac8881ddf52eff2?time=90d&versions=3.9.0+%282853%29&types=error&sessionEventKey=b22cc496d7154849984b5e700448fdb3_2269665363752737418,66ab9689c1addf4cdac8881ddf52eff2,b22cc496d7154849984b5e700448fdb3_2269665363752737418,b22cc496d7154849984b5e700448fdb3_DNE_2_v2,b22cc496d7154849984b5e700448fdb3,2,2269665363752737418,ac164c95-b26e-49a6-9094-c3543fab3922,-1790688828,https://videoid-mobile.e-szigno.hu/identification/ac164c95-b26e-49a6-9094-c3543fab3922-1790688828,3.9.0 (2853),iOS 26.6.2,26,iPhone 17,"Sep 30, 2026, 9:00:47 AM",handleFlow,0,FaceKom handleFlow,Logged out videoId,eSzigno.SelfServicePresenter.Status.finished,PROD Release,downloaded,,PORTRAIT,,,PORTRAIT,,,,,,,,,
https://console.firebase.google.com/project/webszigno-dev-1532086359290/crashlytics/app/ios:hu.microsec.eszigno.mobile/issues/66ab9689c1addf4cdac8881ddf52eff2?time=90d&versions=3.9.0+%282853%29&types=error&sessionEventKey=b22cc496d7154849984b5e700448fdb3_2269667206293707405,66ab9689c1addf4cdac8881ddf52eff2,b22cc496d7154849984b5e700448fdb3_2269667206293707405,b22cc496d7154849984b5e700448fdb3_DNE_5_v2,b22cc496d7154849984b5e700448fdb3,5,2269667206293707405,ac164c95-b26e-49a6-9094-c3543fab3922,-1790688828,https://videoid-mobile.e-szigno.hu/identification/ac164c95-b26e-49a6-9094-c3543fab3922-1790688828,3.9.0 (2853),iOS 26.6.2,26,iPhone 17,"Sep 30, 2026, 9:07:56 AM",handleFlow,0,FaceKom handleFlow,Logged out videoId,eSzigno.SelfServicePresenter.Status.finished,PROD Release,downloaded,,PORTRAIT,,,PORTRAIT,,,,,,,,,
https://console.firebase.google.com/project/webszigno-dev-1532086359290/crashlytics/app/ios:hu.microsec.eszigno.mobile/issues/66ab9689c1addf4cdac8881ddf52eff2?time=90d&versions=3.9.0+%282853%29&types=error&sessionEventKey=043ccd3b06064b738b31e31ddb4516eb_2269669730523858004,66ab9689c1addf4cdac8881ddf52eff2,043ccd3b06064b738b31e31ddb4516eb_2269669730523858004,043ccd3b06064b738b31e31ddb4516eb_DNE_3_v2,043ccd3b06064b738b31e31ddb4516eb,3,2269669730523858004,4def6e9d-4d61-4cbb-a9db-a3ed692b3e65,-1790687555,https://videoid-mobile.e-szigno.hu/identification/4def6e9d-4d61-4cbb-a9db-a3ed692b3e65-1790687555,3.9.0 (2853),iOS 26.6.1,26,iPhone 17,"Sep 30, 2026, 9:17:44 AM",handleFlow,0,FaceKom handleFlow,Logged out videoId,eSzigno.SelfServicePresenter.Status.finished,PROD Release,downloaded,,FACE_UP,,,PORTRAIT,,,,,,,,,
https://console.firebase.google.com/project/webszigno-dev-1532086359290/crashlytics/app/ios:hu.microsec.eszigno.mobile/issues/66ab9689c1addf4cdac8881ddf52eff2?time=90d&versions=3.9.0+%282853%29&types=error&sessionEventKey=97c4f025395c416fbb0b68e1d76510c3_2269713004806836501,66ab9689c1addf4cdac8881ddf52eff2,97c4f025395c416fbb0b68e1d76510c3_2269713004806836501,97c4f025395c416fbb0b68e1d76510c3_DNE_3_v2,97c4f025395c416fbb0b68e1d76510c3,3,2269713004806836501,79cc31c4-55d3-4689-91f5-cbdfa4543f3c,,https://videoid-mobile.e-szigno.hu/identification/79cc31c4-55d3-4689-91f5-cbdfa4543f3c,3.9.0 (2853),iOS 26.6.2,26,iPhone 17 Pro,"Sep 30, 2026, 12:05:39 PM",handleFlow,0,FaceKom handleFlow,videoId,eSzigno.SelfServicePresenter.Status.finished,PROD Release,downloaded,,PORTRAIT,,,PORTRAIT,,,,,,,,,
https://console.firebase.google.com/project/webszigno-dev-1532086359290/crashlytics/app/ios:hu.microsec.eszigno.mobile/issues/1782c2128a0148281dace39bf8664159?time=90d&versions=3.9.0+%282853%29&types=error&sessionEventKey=1ffbb431330b4cdcbb5c4fcc6ed087eb_2269324838307042211,1782c2128a0148281dace39bf8664159,1ffbb431330b4cdcbb5c4fcc6ed087eb_2269324838307042211,1ffbb431330b4cdcbb5c4fcc6ed087eb_DNE_0_v2,1ffbb431330b4cdcbb5c4fcc6ed087eb,,2269324838307042211,8a49c46c-4977-4f2b-bf1c-f4d5544e1f19,-1790671942,https://videoid-mobile.e-szigno.hu/identification/8a49c46c-4977-4f2b-bf1c-f4d5544e1f19-1790671942,3.9.0 (2853),iOS 26.6.1,26,iPhone 13,"Sep 29, 2026, 10:59:22 AM",SelfServiceRuntimeError,30803,hu.microsec.eszigno.mobile.SelfServiceRuntimeError,videoId,eSzigno.SelfServicePresenter.Status.finished,PROD Release,downloaded,Facekom végzett finished státusszal.,PORTRAIT,,,PORTRAIT,,,,,,,,,
https://console.firebase.google.com/project/webszigno-dev-1532086359290/crashlytics/app/ios:hu.microsec.eszigno.mobile/issues/1782c2128a0148281dace39bf8664159?time=90d&versions=3.9.0+%282853%29&types=error&sessionEventKey=1ffbb431330b4cdcbb5c4fcc6ed087eb_2269324838307042212,1782c2128a0148281dace39bf8664159,1ffbb431330b4cdcbb5c4fcc6ed087eb_2269324838307042212,1ffbb431330b4cdcbb5c4fcc6ed087eb_DNE_1_v2,1ffbb431330b4cdcbb5c4fcc6ed087eb,1,2269324838307042212,8a49c46c-4977-4f2b-bf1c-f4d5544e1f19,-1790671942,https://videoid-mobile.e-szigno.hu/identification/8a49c46c-4977-4f2b-bf1c-f4d5544e1f19-1790671942,3.9.0 (2853),iOS 26.6.1,26,iPhone 13,"Sep 29, 2026, 10:59:22 AM",SelfServiceRuntimeError,30803,hu.microsec.eszigno.mobile.SelfServiceRuntimeError,videoId,eSzigno.SelfServicePresenter.Status.finished,PROD Release,downloaded,Facekom végzett finished státusszal.,PORTRAIT,,,PORTRAIT,,,,,,,,,
https://console.firebase.google.com/project/webszigno-dev-1532086359290/crashlytics/app/ios:hu.microsec.eszigno.mobile/issues/1782c2128a0148281dace39bf8664159?time=90d&versions=3.9.0+%282853%29&types=error&sessionEventKey=b1767ada015f4dbaa021ee311da04b46_2269327247896043297,1782c2128a0148281dace39bf8664159,b1767ada015f4dbaa021ee311da04b46_2269327247896043297,b1767ada015f4dbaa021ee311da04b46_DNE_0_v2,b1767ada015f4dbaa021ee311da04b46,,2269327247896043297,50db258a-f489-4f36-9db6-9b68599f76d3,,https://videoid-mobile.e-szigno.hu/identification/50db258a-f489-4f36-9db6-9b68599f76d3,3.9.0 (2853),iOS 26.3.0,26,iPhone 16,"Sep 29, 2026, 11:08:43 AM",SelfServiceRuntimeError,30803,hu.microsec.eszigno.mobile.SelfServiceRuntimeError,videoId,eSzigno.SelfServicePresenter.Status.finished,PROD Release,not_available,"Facekom végzett aborted(message: Optional(""Ismeretlen hiba történt!"")) státusszal.",PORTRAIT,,,PORTRAIT,,,,,,,,,
https://console.firebase.google.com/project/webszigno-dev-1532086359290/crashlytics/app/ios:hu.microsec.eszigno.mobile/issues/1782c2128a0148281dace39bf8664159?time=90d&versions=3.9.0+%282853%29&types=error&sessionEventKey=b1767ada015f4dbaa021ee311da04b46_2269328862803746595,1782c2128a0148281dace39bf8664159,b1767ada015f4dbaa021ee311da04b46_2269328862803746595,b1767ada015f4dbaa021ee311da04b46_DNE_2_v2,b1767ada015f4dbaa021ee311da04b46,2,2269328862803746595,50db258a-f489-4f36-9db6-9b68599f76d3,,https://videoid-mobile.e-szigno.hu/identification/50db258a-f489-4f36-9db6-9b68599f76d3,3.9.0 (2853),iOS 26.3.0,26,iPhone 16,"Sep 29, 2026, 11:14:59 AM",SelfServiceRuntimeError,30803,hu.microsec.eszigno.mobile.SelfServiceRuntimeError,videoId,eSzigno.SelfServicePresenter.Status.finished,PROD Release,not_available,"Facekom végzett aborted(message: Optional(""Ismeretlen hiba történt!"")) státusszal.",PORTRAIT,,,PORTRAIT,,,,,,,,,
https://console.firebase.google.com/project/webszigno-dev-1532086359290/crashlytics/app/ios:hu.microsec.eszigno.mobile/issues/1782c2128a0148281dace39bf8664159?time=90d&versions=3.9.0+%282853%29&types=error&sessionEventKey=b1767ada015f4dbaa021ee311da04b46_2269328862803746596,1782c2128a0148281dace39bf8664159,b1767ada015f4dbaa021ee311da04b46_2269328862803746596,b1767ada015f4dbaa021ee311da04b46_DNE_3_v2,b1767ada015f4dbaa021ee311da04b46,3,2269328862803746596,50db258a-f489-4f36-9db6-9b68599f76d3,,https://videoid-mobile.e-szigno.hu/identification/50db258a-f489-4f36-9db6-9b68599f76d3,3.9.0 (2853),iOS 26.3.0,26,iPhone 16,"Sep 29, 2026, 11:14:59 AM",SelfServiceRuntimeError,30803,hu.microsec.eszigno.mobile.SelfServiceRuntimeError,videoId,eSzigno.SelfServicePresenter.Status.finished,PROD Release,not_available,"Facekom végzett aborted(message: Optional(""Ismeretlen hiba történt!"")) státusszal.",PORTRAIT,,,PORTRAIT,,,,,,,,,
https://console.firebase.google.com/project/webszigno-dev-1532086359290/crashlytics/app/ios:hu.microsec.eszigno.mobile/issues/1782c2128a0148281dace39bf8664159?time=90d&versions=3.9.0+%282853%29&types=error&sessionEventKey=b1767ada015f4dbaa021ee311da04b46_2269330138409033510,1782c2128a0148281dace39bf8664159,b1767ada015f4dbaa021ee311da04b46_2269330138409033510,b1767ada015f4dbaa021ee311da04b46_DNE_5_v2,b1767ada015f4dbaa021ee311da04b46,5,2269330138409033510,50db258a-f489-4f36-9db6-9b68599f76d3,,https://videoid-mobile.e-szigno.hu/identification/50db258a-f489-4f36-9db6-9b68599f76d3,3.9.0 (2853),iOS 26.3.0,26,iPhone 16,"Sep 29, 2026, 11:19:56 AM",SelfServiceRuntimeError,30803,hu.microsec.eszigno.mobile.SelfServiceRuntimeError,videoId,eSzigno.SelfServicePresenter.Status.finished,PROD Release,not_available,Facekom végzett finished státusszal.,PORTRAIT,,,PORTRAIT,,,,,,,,,
https://console.firebase.google.com/project/webszigno-dev-1532086359290/crashlytics/app/ios:hu.microsec.eszigno.mobile/issues/1782c2128a0148281dace39bf8664159?time=90d&versions=3.9.0+%282853%29&types=error&sessionEventKey=b1767ada015f4dbaa021ee311da04b46_2269330138409033511,1782c2128a0148281dace39bf8664159,b1767ada015f4dbaa021ee311da04b46_2269330138409033511,b1767ada015f4dbaa021ee311da04b46_DNE_6_v2,b1767ada015f4dbaa021ee311da04b46,6,2269330138409033511,50db258a-f489-4f36-9db6-9b68599f76d3,,https://videoid-mobile.e-szigno.hu/identification/50db258a-f489-4f36-9db6-9b68599f76d3,3.9.0 (2853),iOS 26.3.0,26,iPhone 16,"Sep 29, 2026, 11:19:56 AM",SelfServiceRuntimeError,30803,hu.microsec.eszigno.mobile.SelfServiceRuntimeError,videoId,eSzigno.SelfServicePresenter.Status.finished,PROD Release,not_available,Facekom végzett finished státusszal.,PORTRAIT,,,PORTRAIT,,,,,,,,,
https://console.firebase.google.com/project/webszigno-dev-1532086359290/crashlytics/app/ios:hu.microsec.eszigno.mobile/issues/1782c2128a0148281dace39bf8664159?time=90d&versions=3.9.0+%282853%29&types=error&sessionEventKey=d624b641a1dd44b19a04f57533691e2a_2269354127487010649,1782c2128a0148281dace39bf8664159,d624b641a1dd44b19a04f57533691e2a_2269354127487010649,d624b641a1dd44b19a04f57533691e2a_DNE_0_v2,d624b641a1dd44b19a04f57533691e2a,,2269354127487010649,b5d0af56-619d-4dc5-b094-22bab253cf46,-1790677893,https://videoid-mobile.e-szigno.hu/identification/b5d0af56-619d-4dc5-b094-22bab253cf46-1790677893,3.9.0 (2853),iOS 26.6.2,26,iPhone 14,"Sep 29, 2026, 12:53:02 PM",SelfServiceRuntimeError,30802,hu.microsec.eszigno.mobile.SelfServiceRuntimeError,Logged out videoId,eSzigno.SelfServicePresenter.Status.finished,PROD Release,downloaded,"FaceKom session háttérbe lépett a(z): 2-factor lépésnél, isVideoStep: false, isVideoRecordingStarted: false.",PORTRAIT,,,PORTRAIT,,,,,,,,,
https://console.firebase.google.com/project/webszigno-dev-1532086359290/crashlytics/app/ios:hu.microsec.eszigno.mobile/issues/1782c2128a0148281dace39bf8664159?time=90d&versions=3.9.0+%282853%29&types=error&sessionEventKey=d624b641a1dd44b19a04f57533691e2a_2269354179026618202,1782c2128a0148281dace39bf8664159,d624b641a1dd44b19a04f57533691e2a_2269354179026618202,d624b641a1dd44b19a04f57533691e2a_DNE_1_v2,d624b641a1dd44b19a04f57533691e2a,1,2269354179026618202,b5d0af56-619d-4dc5-b094-22bab253cf46,-1790677893,https://videoid-mobile.e-szigno.hu/identification/b5d0af56-619d-4dc5-b094-22bab253cf46-1790677893,3.9.0 (2853),iOS 26.6.2,26,iPhone 14,"Sep 29, 2026, 12:53:14 PM",SelfServiceRuntimeError,30803,hu.microsec.eszigno.mobile.SelfServiceRuntimeError,Logged out videoId,eSzigno.SelfServicePresenter.Status.finished,PROD Release,downloaded,Facekom végzett finished státusszal.,PORTRAIT,,,PORTRAIT,,,,,,,,,
https://console.firebase.google.com/project/webszigno-dev-1532086359290/crashlytics/app/ios:hu.microsec.eszigno.mobile/issues/1782c2128a0148281dace39bf8664159?time=90d&versions=3.9.0+%282853%29&types=error&sessionEventKey=d624b641a1dd44b19a04f57533691e2a_2269354179026618203,1782c2128a0148281dace39bf8664159,d624b641a1dd44b19a04f57533691e2a_2269354179026618203,d624b641a1dd44b19a04f57533691e2a_DNE_2_v2,d624b641a1dd44b19a04f57533691e2a,2,2269354179026618203,b5d0af56-619d-4dc5-b094-22bab253cf46,-1790677893,https://videoid-mobile.e-szigno.hu/identification/b5d0af56-619d-4dc5-b094-22bab253cf46-1790677893,3.9.0 (2853),iOS 26.6.2,26,iPhone 14,"Sep 29, 2026, 12:53:14 PM",SelfServiceRuntimeError,30803,hu.microsec.eszigno.mobile.SelfServiceRuntimeError,Logged out videoId,eSzigno.SelfServicePresenter.Status.finished,PROD Release,downloaded,Facekom végzett finished státusszal.,PORTRAIT,,,PORTRAIT,,,,,,,,,
https://console.firebase.google.com/project/webszigno-dev-1532086359290/crashlytics/app/ios:hu.microsec.eszigno.mobile/issues/1782c2128a0148281dace39bf8664159?time=90d&versions=3.9.0+%282853%29&types=error&sessionEventKey=84b8b9c6a92e42ca85764c1af15d5b2c_2269364962533982465,1782c2128a0148281dace39bf8664159,84b8b9c6a92e42ca85764c1af15d5b2c_2269364962533982465,84b8b9c6a92e42ca85764c1af15d5b2c_DNE_0_v2,84b8b9c6a92e42ca85764c1af15d5b2c,,2269364962533982465,4def6e9d-4d61-4cbb-a9db-a3ed692b3e65,,https://videoid-mobile.e-szigno.hu/identification/4def6e9d-4d61-4cbb-a9db-a3ed692b3e65,3.9.0 (2853),iOS 26.6.1,26,iPhone 17,"Sep 29, 2026, 1:35:04 PM",SelfServiceRuntimeError,30803,hu.microsec.eszigno.mobile.SelfServiceRuntimeError,Logged out videoId,eSzigno.SelfServicePresenter.Status.finished,PROD Release,not_available,Facekom végzett finished státusszal.,PORTRAIT,,,PORTRAIT,,,,,,,,,
https://console.firebase.google.com/project/webszigno-dev-1532086359290/crashlytics/app/ios:hu.microsec.eszigno.mobile/issues/1782c2128a0148281dace39bf8664159?time=90d&versions=3.9.0+%282853%29&types=error&sessionEventKey=84b8b9c6a92e42ca85764c1af15d5b2c_2269364962533982466,1782c2128a0148281dace39bf8664159,84b8b9c6a92e42ca85764c1af15d5b2c_2269364962533982466,84b8b9c6a92e42ca85764c1af15d5b2c_DNE_1_v2,84b8b9c6a92e42ca85764c1af15d5b2c,1,2269364962533982466,4def6e9d-4d61-4cbb-a9db-a3ed692b3e65,,https://videoid-mobile.e-szigno.hu/identification/4def6e9d-4d61-4cbb-a9db-a3ed692b3e65,3.9.0 (2853),iOS 26.6.1,26,iPhone 17,"Sep 29, 2026, 1:35:04 PM",SelfServiceRuntimeError,30803,hu.microsec.eszigno.mobile.SelfServiceRuntimeError,Logged out videoId,eSzigno.SelfServicePresenter.Status.finished,PROD Release,not_available,Facekom végzett finished státusszal.,PORTRAIT,,,PORTRAIT,,,,,,,,,
https://console.firebase.google.com/project/webszigno-dev-1532086359290/crashlytics/app/ios:hu.microsec.eszigno.mobile/issues/1782c2128a0148281dace39bf8664159?time=90d&versions=3.9.0+%282853%29&types=error&sessionEventKey=328c1caf9c754d41a1086d3fe43560ad_2269374404344855733,1782c2128a0148281dace39bf8664159,328c1caf9c754d41a1086d3fe43560ad_2269374404344855733,328c1caf9c754d41a1086d3fe43560ad_DNE_0_v2,328c1caf9c754d41a1086d3fe43560ad,,2269374404344855733,ac164c95-b26e-49a6-9094-c3543fab3922,,https://videoid-mobile.e-szigno.hu/identification/ac164c95-b26e-49a6-9094-c3543fab3922,3.9.0 (2853),iOS 26.6.2,26,iPhone 17,"Sep 29, 2026, 2:11:43 PM",SelfServiceRuntimeError,30803,hu.microsec.eszigno.mobile.SelfServiceRuntimeError,videoId,eSzigno.SelfServicePresenter.Status.finished,PROD Release,downloaded,Facekom végzett finished státusszal.,PORTRAIT,,,PORTRAIT,,,,,,,,,
https://console.firebase.google.com/project/webszigno-dev-1532086359290/crashlytics/app/ios:hu.microsec.eszigno.mobile/issues/1782c2128a0148281dace39bf8664159?time=90d&versions=3.9.0+%282853%29&types=error&sessionEventKey=328c1caf9c754d41a1086d3fe43560ad_2269374404344855734,1782c2128a0148281dace39bf8664159,328c1caf9c754d41a1086d3fe43560ad_2269374404344855734,328c1caf9c754d41a1086d3fe43560ad_DNE_1_v2,328c1caf9c754d41a1086d3fe43560ad,1,2269374404344855734,ac164c95-b26e-49a6-9094-c3543fab3922,,https://videoid-mobile.e-szigno.hu/identification/ac164c95-b26e-49a6-9094-c3543fab3922,3.9.0 (2853),iOS 26.6.2,26,iPhone 17,"Sep 29, 2026, 2:11:43 PM",SelfServiceRuntimeError,30803,hu.microsec.eszigno.mobile.SelfServiceRuntimeError,videoId,eSzigno.SelfServicePresenter.Status.finished,PROD Release,downloaded,Facekom végzett finished státusszal.,PORTRAIT,,,PORTRAIT,,,,,,,,,
https://console.firebase.google.com/project/webszigno-dev-1532086359290/crashlytics/app/ios:hu.microsec.eszigno.mobile/issues/1782c2128a0148281dace39bf8664159?time=90d&versions=3.9.0+%282853%29&types=error&sessionEventKey=cfa29a1982de43f9b5d126dcdb512771_2269377881578378819,1782c2128a0148281dace39bf8664159,cfa29a1982de43f9b5d126dcdb512771_2269377881578378819,cfa29a1982de43f9b5d126dcdb512771_DNE_0_v2,cfa29a1982de43f9b5d126dcdb512771,,2269377881578378819,0f7686e1-5ccd-4c30-9ae2-50c5cb7ba992,,https://videoid-mobile.e-szigno.hu/identification/0f7686e1-5ccd-4c30-9ae2-50c5cb7ba992,3.9.0 (2853),iOS 26.6.2,26,iPhone 13 Pro Max,"Sep 29, 2026, 2:25:12 PM",SelfServiceRuntimeError,30803,hu.microsec.eszigno.mobile.SelfServiceRuntimeError,videoId,eSzigno.SelfServicePresenter.Status.finished,PROD Release,downloaded,Facekom végzett finished státusszal.,FACE_UP,,,PORTRAIT,,,,,,,,,
https://console.firebase.google.com/project/webszigno-dev-1532086359290/crashlytics/app/ios:hu.microsec.eszigno.mobile/issues/1782c2128a0148281dace39bf8664159?time=90d&versions=3.9.0+%282853%29&types=error&sessionEventKey=cfa29a1982de43f9b5d126dcdb512771_2269377881578378820,1782c2128a0148281dace39bf8664159,cfa29a1982de43f9b5d126dcdb512771_2269377881578378820,cfa29a1982de43f9b5d126dcdb512771_DNE_1_v2,cfa29a1982de43f9b5d126dcdb512771,1,2269377881578378820,0f7686e1-5ccd-4c30-9ae2-50c5cb7ba992,,https://videoid-mobile.e-szigno.hu/identification/0f7686e1-5ccd-4c30-9ae2-50c5cb7ba992,3.9.0 (2853),iOS 26.6.2,26,iPhone 13 Pro Max,"Sep 29, 2026, 2:25:12 PM",SelfServiceRuntimeError,30803,hu.microsec.eszigno.mobile.SelfServiceRuntimeError,videoId,eSzigno.SelfServicePresenter.Status.finished,PROD Release,downloaded,Facekom végzett finished státusszal.,FACE_UP,,,PORTRAIT,,,,,,,,,
https://console.firebase.google.com/project/webszigno-dev-1532086359290/crashlytics/app/ios:hu.microsec.eszigno.mobile/issues/1782c2128a0148281dace39bf8664159?time=90d&versions=3.9.0+%282853%29&types=error&sessionEventKey=405857e75cd041c5904aaa42b6c0b764_2269385568910459186,1782c2128a0148281dace39bf8664159,405857e75cd041c5904aaa42b6c0b764_2269385568910459186,405857e75cd041c5904aaa42b6c0b764_DNE_0_v2,405857e75cd041c5904aaa42b6c0b764,,2269385568910459186,3f48d031-5f67-446f-8af7-d8c42d0c6250,,https://videoid-mobile.e-szigno.hu/identification/3f48d031-5f67-446f-8af7-d8c42d0c6250,3.9.0 (2853),iOS 26.7.0,26,iPhone 13 Mini,"Sep 29, 2026, 2:55:02 PM",SelfServiceRuntimeError,30803,hu.microsec.eszigno.mobile.SelfServiceRuntimeError,Logged out videoId,eSzigno.SelfServicePresenter.Status.finished,PROD Release,downloaded,Facekom végzett finished státusszal.,PORTRAIT,,,PORTRAIT,,,,,,,,,
https://console.firebase.google.com/project/webszigno-dev-1532086359290/crashlytics/app/ios:hu.microsec.eszigno.mobile/issues/1782c2128a0148281dace39bf8664159?time=90d&versions=3.9.0+%282853%29&types=error&sessionEventKey=405857e75cd041c5904aaa42b6c0b764_2269385568910459187,1782c2128a0148281dace39bf8664159,405857e75cd041c5904aaa42b6c0b764_2269385568910459187,405857e75cd041c5904aaa42b6c0b764_DNE_1_v2,405857e75cd041c5904aaa42b6c0b764,1,2269385568910459187,3f48d031-5f67-446f-8af7-d8c42d0c6250,,https://videoid-mobile.e-szigno.hu/identification/3f48d031-5f67-446f-8af7-d8c42d0c6250,3.9.0 (2853),iOS 26.7.0,26,iPhone 13 Mini,"Sep 29, 2026, 2:55:02 PM",SelfServiceRuntimeError,30803,hu.microsec.eszigno.mobile.SelfServiceRuntimeError,Logged out videoId,eSzigno.SelfServicePresenter.Status.finished,PROD Release,downloaded,Facekom végzett finished státusszal.,PORTRAIT,,,PORTRAIT,,,,,,,,,
https://console.firebase.google.com/project/webszigno-dev-1532086359290/crashlytics/app/ios:hu.microsec.eszigno.mobile/issues/1782c2128a0148281dace39bf8664159?time=90d&versions=3.9.0+%282853%29&types=error&sessionEventKey=b343ccd06938483d91fe15e385e70888_2269395108051068855,1782c2128a0148281dace39bf8664159,b343ccd06938483d91fe15e385e70888_2269395108051068855,b343ccd06938483d91fe15e385e70888_DNE_0_v2,b343ccd06938483d91fe15e385e70888,,2269395108051068855,9ce78069-fa9c-4cdc-a935-d06340099c5c,,https://videoid-mobile.e-szigno.hu/identification/9ce78069-fa9c-4cdc-a935-d06340099c5c,3.9.0 (2853),iOS 26.6.1,26,iPhone 15,"Sep 29, 2026, 3:32:03 PM",SelfServiceRuntimeError,30803,hu.microsec.eszigno.mobile.SelfServiceRuntimeError,videoId,eSzigno.SelfServicePresenter.Status.finished,PROD Release,downloaded,Facekom végzett finished státusszal.,PORTRAIT,,,PORTRAIT,,,,,,,,,
https://console.firebase.google.com/project/webszigno-dev-1532086359290/crashlytics/app/ios:hu.microsec.eszigno.mobile/issues/1782c2128a0148281dace39bf8664159?time=90d&versions=3.9.0+%282853%29&types=error&sessionEventKey=b343ccd06938483d91fe15e385e70888_2269395108051068856,1782c2128a0148281dace39bf8664159,b343ccd06938483d91fe15e385e70888_2269395108051068856,b343ccd06938483d91fe15e385e70888_DNE_1_v2,b343ccd06938483d91fe15e385e70888,1,2269395108051068856,9ce78069-fa9c-4cdc-a935-d06340099c5c,,https://videoid-mobile.e-szigno.hu/identification/9ce78069-fa9c-4cdc-a935-d06340099c5c,3.9.0 (2853),iOS 26.6.1,26,iPhone 15,"Sep 29, 2026, 3:32:03 PM",SelfServiceRuntimeError,30803,hu.microsec.eszigno.mobile.SelfServiceRuntimeError,videoId,eSzigno.SelfServicePresenter.Status.finished,PROD Release,downloaded,Facekom végzett finished státusszal.,PORTRAIT,,,PORTRAIT,,,,,,,,,
https://console.firebase.google.com/project/webszigno-dev-1532086359290/crashlytics/app/ios:hu.microsec.eszigno.mobile/issues/1782c2128a0148281dace39bf8664159?time=90d&versions=3.9.0+%282853%29&types=error&sessionEventKey=0ef3be10cecd4b51bca4e6e467e36aad_2269399549851864058,1782c2128a0148281dace39bf8664159,0ef3be10cecd4b51bca4e6e467e36aad_2269399549851864058,0ef3be10cecd4b51bca4e6e467e36aad_DNE_0_v2,0ef3be10cecd4b51bca4e6e467e36aad,,2269399549851864058,fcf2a036-9e40-4144-90d6-0456781ca84f,,https://videoid-mobile.e-szigno.hu/identification/fcf2a036-9e40-4144-90d6-0456781ca84f,3.9.0 (2853),iOS 26.6.2,26,iPhone 13 Pro,"Sep 29, 2026, 3:49:17 PM",SelfServiceRuntimeError,30803,hu.microsec.eszigno.mobile.SelfServiceRuntimeError,videoId,eSzigno.SelfServicePresenter.Status.finished,PROD Release,downloaded,Facekom végzett finished státusszal.,FACE_UP,,,PORTRAIT,,,,,,,,,
https://console.firebase.google.com/project/webszigno-dev-1532086359290/crashlytics/app/ios:hu.microsec.eszigno.mobile/issues/1782c2128a0148281dace39bf8664159?time=90d&versions=3.9.0+%282853%29&types=error&sessionEventKey=0ef3be10cecd4b51bca4e6e467e36aad_2269399549851864059,1782c2128a0148281dace39bf8664159,0ef3be10cecd4b51bca4e6e467e36aad_2269399549851864059,0ef3be10cecd4b51bca4e6e467e36aad_DNE_1_v2,0ef3be10cecd4b51bca4e6e467e36aad,1,2269399549851864059,fcf2a036-9e40-4144-90d6-0456781ca84f,,https://videoid-mobile.e-szigno.hu/identification/fcf2a036-9e40-4144-90d6-0456781ca84f,3.9.0 (2853),iOS 26.6.2,26,iPhone 13 Pro,"Sep 29, 2026, 3:49:17 PM",SelfServiceRuntimeError,30803,hu.microsec.eszigno.mobile.SelfServiceRuntimeError,videoId,eSzigno.SelfServicePresenter.Status.finished,PROD Release,downloaded,Facekom végzett finished státusszal.,FACE_UP,,,PORTRAIT,,,,,,,,,
https://console.firebase.google.com/project/webszigno-dev-1532086359290/crashlytics/app/ios:hu.microsec.eszigno.mobile/issues/1782c2128a0148281dace39bf8664159?time=90d&versions=3.9.0+%282853%29&types=error&sessionEventKey=4d692a7b0d2447c48a5a62653475a65f_2269417098291430584,1782c2128a0148281dace39bf8664159,4d692a7b0d2447c48a5a62653475a65f_2269417098291430584,4d692a7b0d2447c48a5a62653475a65f_DNE_0_v2,4d692a7b0d2447c48a5a62653475a65f,,2269417098291430584,47970fa4-22e4-4c33-91c9-bb5ec63ca049,,https://videoid-mobile.e-szigno.hu/identification/47970fa4-22e4-4c33-91c9-bb5ec63ca049,3.9.0 (2853),iOS 26.5.1,26,iPhone 17,"Sep 29, 2026, 4:57:23 PM",SelfServiceRuntimeError,30803,hu.microsec.eszigno.mobile.SelfServiceRuntimeError,Logged out videoId,eSzigno.SelfServicePresenter.Status.failed,PROD Release,downloaded,"Facekom végzett failed(title: Optional(""Sikertelen ellenőrzés""), subtitle: Optional(""A képkészítésre rendelkezésreálló próbálkozások száma elérte a maximumot, a QR-kód leolvasásával indítsa újra a folyamatot!""), message: nil) státusszal.",PORTRAIT,,,PORTRAIT,,,,,,,,,
https://console.firebase.google.com/project/webszigno-dev-1532086359290/crashlytics/app/ios:hu.microsec.eszigno.mobile/issues/1782c2128a0148281dace39bf8664159?time=90d&versions=3.9.0+%282853%29&types=error&sessionEventKey=4d692a7b0d2447c48a5a62653475a65f_2269417098291430585,1782c2128a0148281dace39bf8664159,4d692a7b0d2447c48a5a62653475a65f_2269417098291430585,4d692a7b0d2447c48a5a62653475a65f_DNE_1_v2,4d692a7b0d2447c48a5a62653475a65f,1,2269417098291430585,47970fa4-22e4-4c33-91c9-bb5ec63ca049,,https://videoid-mobile.e-szigno.hu/identification/47970fa4-22e4-4c33-91c9-bb5ec63ca049,3.9.0 (2853),iOS 26.5.1,26,iPhone 17,"Sep 29, 2026, 4:57:23 PM",SelfServiceRuntimeError,30803,hu.microsec.eszigno.mobile.SelfServiceRuntimeError,Logged out videoId,eSzigno.SelfServicePresenter.Status.failed,PROD Release,downloaded,"Facekom végzett failed(title: Optional(""Sikertelen ellenőrzés""), subtitle: Optional(""A képkészítésre rendelkezésreálló próbálkozások száma elérte a maximumot, a QR-kód leolvasásával indítsa újra a folyamatot!""), message: nil) státusszal.",PORTRAIT,,,PORTRAIT,,,,,,,,,
https://console.firebase.google.com/project/webszigno-dev-1532086359290/crashlytics/app/ios:hu.microsec.eszigno.mobile/issues/1782c2128a0148281dace39bf8664159?time=90d&versions=3.9.0+%282853%29&types=error&sessionEventKey=1d5f0799b44d4ab2abc9230c017888db_2269468671005013491,1782c2128a0148281dace39bf8664159,1d5f0799b44d4ab2abc9230c017888db_2269468671005013491,1d5f0799b44d4ab2abc9230c017888db_DNE_0_v2,1d5f0799b44d4ab2abc9230c017888db,,2269468671005013491,7fffcd53-beed-4d7d-a33f-9e7f233096f7,,https://videoid-mobile.e-szigno.hu/identification/7fffcd53-beed-4d7d-a33f-9e7f233096f7,3.9.0 (2853),iOS 26.6.1,26,iPhone 17 Pro Max,"Sep 29, 2026, 8:17:31 PM",SelfServiceRuntimeError,30803,hu.microsec.eszigno.mobile.SelfServiceRuntimeError,videoId,eSzigno.SelfServicePresenter.Status.finished,PROD Release,downloaded,Facekom végzett finished státusszal.,PORTRAIT,,,PORTRAIT,,,,,,,,,
https://console.firebase.google.com/project/webszigno-dev-1532086359290/crashlytics/app/ios:hu.microsec.eszigno.mobile/issues/1782c2128a0148281dace39bf8664159?time=90d&versions=3.9.0+%282853%29&types=error&sessionEventKey=1d5f0799b44d4ab2abc9230c017888db_2269468671005013492,1782c2128a0148281dace39bf8664159,1d5f0799b44d4ab2abc9230c017888db_2269468671005013492,1d5f0799b44d4ab2abc9230c017888db_DNE_1_v2,1d5f0799b44d4ab2abc9230c017888db,1,2269468671005013492,7fffcd53-beed-4d7d-a33f-9e7f233096f7,,https://videoid-mobile.e-szigno.hu/identification/7fffcd53-beed-4d7d-a33f-9e7f233096f7,3.9.0 (2853),iOS 26.6.1,26,iPhone 17 Pro Max,"Sep 29, 2026, 8:17:31 PM",SelfServiceRuntimeError,30803,hu.microsec.eszigno.mobile.SelfServiceRuntimeError,videoId,eSzigno.SelfServicePresenter.Status.finished,PROD Release,downloaded,Facekom végzett finished státusszal.,PORTRAIT,,,PORTRAIT,,,,,,,,,
https://console.firebase.google.com/project/webszigno-dev-1532086359290/crashlytics/app/ios:hu.microsec.eszigno.mobile/issues/1782c2128a0148281dace39bf8664159?time=90d&versions=3.9.0+%282853%29&types=error&sessionEventKey=b22cc496d7154849984b5e700448fdb3_2269665355162802824,1782c2128a0148281dace39bf8664159,b22cc496d7154849984b5e700448fdb3_2269665355162802824,b22cc496d7154849984b5e700448fdb3_DNE_0_v2,b22cc496d7154849984b5e700448fdb3,,2269665355162802824,ac164c95-b26e-49a6-9094-c3543fab3922,-1790688828,https://videoid-mobile.e-szigno.hu/identification/ac164c95-b26e-49a6-9094-c3543fab3922-1790688828,3.9.0 (2853),iOS 26.6.2,26,iPhone 17,"Sep 30, 2026, 9:00:45 AM",SelfServiceRuntimeError,30803,hu.microsec.eszigno.mobile.SelfServiceRuntimeError,Logged out videoId,eSzigno.SelfServicePresenter.Status.finished,PROD Release,downloaded,"Facekom végzett failed(title: Optional(""Sajnos ez most nem sikerült!""), subtitle: Optional(""FaceKomError: timeOut""), message: nil) státusszal.",PORTRAIT,,,PORTRAIT,,,,,,,,,
https://console.firebase.google.com/project/webszigno-dev-1532086359290/crashlytics/app/ios:hu.microsec.eszigno.mobile/issues/1782c2128a0148281dace39bf8664159?time=90d&versions=3.9.0+%282853%29&types=error&sessionEventKey=b22cc496d7154849984b5e700448fdb3_2269665359457770121,1782c2128a0148281dace39bf8664159,b22cc496d7154849984b5e700448fdb3_2269665359457770121,b22cc496d7154849984b5e700448fdb3_DNE_1_v2,b22cc496d7154849984b5e700448fdb3,1,2269665359457770121,ac164c95-b26e-49a6-9094-c3543fab3922,-1790688828,https://videoid-mobile.e-szigno.hu/identification/ac164c95-b26e-49a6-9094-c3543fab3922-1790688828,3.9.0 (2853),iOS 26.6.2,26,iPhone 17,"Sep 30, 2026, 9:00:46 AM",SelfServiceRuntimeError,30803,hu.microsec.eszigno.mobile.SelfServiceRuntimeError,Logged out videoId,eSzigno.SelfServicePresenter.Status.finished,PROD Release,downloaded,"Facekom végzett aborted(message: Optional(""Ismeretlen hiba történt!"")) státusszal.",PORTRAIT,,,PORTRAIT,,,,,,,,,
https://console.firebase.google.com/project/webszigno-dev-1532086359290/crashlytics/app/ios:hu.microsec.eszigno.mobile/issues/1782c2128a0148281dace39bf8664159?time=90d&versions=3.9.0+%282853%29&types=error&sessionEventKey=b22cc496d7154849984b5e700448fdb3_2269667184818870923,1782c2128a0148281dace39bf8664159,b22cc496d7154849984b5e700448fdb3_2269667184818870923,b22cc496d7154849984b5e700448fdb3_DNE_3_v2,b22cc496d7154849984b5e700448fdb3,3,2269667184818870923,ac164c95-b26e-49a6-9094-c3543fab3922,-1790688828,https://videoid-mobile.e-szigno.hu/identification/ac164c95-b26e-49a6-9094-c3543fab3922-1790688828,3.9.0 (2853),iOS 26.6.2,26,iPhone 17,"Sep 30, 2026, 9:07:51 AM",SelfServiceRuntimeError,30803,hu.microsec.eszigno.mobile.SelfServiceRuntimeError,Logged out videoId,eSzigno.SelfServicePresenter.Status.finished,PROD Release,downloaded,Facekom végzett finished státusszal.,PORTRAIT,,,PORTRAIT,,,,,,,,,
https://console.firebase.google.com/project/webszigno-dev-1532086359290/crashlytics/app/ios:hu.microsec.eszigno.mobile/issues/1782c2128a0148281dace39bf8664159?time=90d&versions=3.9.0+%282853%29&types=error&sessionEventKey=b22cc496d7154849984b5e700448fdb3_2269667184818870924,1782c2128a0148281dace39bf8664159,b22cc496d7154849984b5e700448fdb3_2269667184818870924,b22cc496d7154849984b5e700448fdb3_DNE_4_v2,b22cc496d7154849984b5e700448fdb3,4,2269667184818870924,ac164c95-b26e-49a6-9094-c3543fab3922,-1790688828,https://videoid-mobile.e-szigno.hu/identification/ac164c95-b26e-49a6-9094-c3543fab3922-1790688828,3.9.0 (2853),iOS 26.6.2,26,iPhone 17,"Sep 30, 2026, 9:07:51 AM",SelfServiceRuntimeError,30803,hu.microsec.eszigno.mobile.SelfServiceRuntimeError,Logged out videoId,eSzigno.SelfServicePresenter.Status.finished,PROD Release,downloaded,Facekom végzett finished státusszal.,PORTRAIT,,,PORTRAIT,,,,,,,,,
https://console.firebase.google.com/project/webszigno-dev-1532086359290/crashlytics/app/ios:hu.microsec.eszigno.mobile/issues/1782c2128a0148281dace39bf8664159?time=90d&versions=3.9.0+%282853%29&types=error&sessionEventKey=043ccd3b06064b738b31e31ddb4516eb_2269669567315100753,1782c2128a0148281dace39bf8664159,043ccd3b06064b738b31e31ddb4516eb_2269669567315100753,043ccd3b06064b738b31e31ddb4516eb_DNE_0_v2,043ccd3b06064b738b31e31ddb4516eb,,2269669567315100753,4def6e9d-4d61-4cbb-a9db-a3ed692b3e65,-1790687555,https://videoid-mobile.e-szigno.hu/identification/4def6e9d-4d61-4cbb-a9db-a3ed692b3e65-1790687555,3.9.0 (2853),iOS 26.6.1,26,iPhone 17,"Sep 30, 2026, 9:17:06 AM",SelfServiceRuntimeError,30802,hu.microsec.eszigno.mobile.SelfServiceRuntimeError,Logged out videoId,eSzigno.SelfServicePresenter.Status.finished,PROD Release,downloaded,"FaceKom session háttérbe lépett a(z): 2-factor lépésnél, isVideoStep: false, isVideoRecordingStarted: false.",FACE_UP,,,PORTRAIT,,,,,,,,,
https://console.firebase.google.com/project/webszigno-dev-1532086359290/crashlytics/app/ios:hu.microsec.eszigno.mobile/issues/1782c2128a0148281dace39bf8664159?time=90d&versions=3.9.0+%282853%29&types=error&sessionEventKey=043ccd3b06064b738b31e31ddb4516eb_2269669704754054226,1782c2128a0148281dace39bf8664159,043ccd3b06064b738b31e31ddb4516eb_2269669704754054226,043ccd3b06064b738b31e31ddb4516eb_DNE_1_v2,043ccd3b06064b738b31e31ddb4516eb,1,2269669704754054226,4def6e9d-4d61-4cbb-a9db-a3ed692b3e65,-1790687555,https://videoid-mobile.e-szigno.hu/identification/4def6e9d-4d61-4cbb-a9db-a3ed692b3e65-1790687555,3.9.0 (2853),iOS 26.6.1,26,iPhone 17,"Sep 30, 2026, 9:17:38 AM",SelfServiceRuntimeError,30803,hu.microsec.eszigno.mobile.SelfServiceRuntimeError,Logged out videoId,eSzigno.SelfServicePresenter.Status.finished,PROD Release,downloaded,Facekom végzett finished státusszal.,FACE_UP,,,PORTRAIT,,,,,,,,,
https://console.firebase.google.com/project/webszigno-dev-1532086359290/crashlytics/app/ios:hu.microsec.eszigno.mobile/issues/1782c2128a0148281dace39bf8664159?time=90d&versions=3.9.0+%282853%29&types=error&sessionEventKey=043ccd3b06064b738b31e31ddb4516eb_2269669704754054227,1782c2128a0148281dace39bf8664159,043ccd3b06064b738b31e31ddb4516eb_2269669704754054227,043ccd3b06064b738b31e31ddb4516eb_DNE_2_v2,043ccd3b06064b738b31e31ddb4516eb,2,2269669704754054227,4def6e9d-4d61-4cbb-a9db-a3ed692b3e65,-1790687555,https://videoid-mobile.e-szigno.hu/identification/4def6e9d-4d61-4cbb-a9db-a3ed692b3e65-1790687555,3.9.0 (2853),iOS 26.6.1,26,iPhone 17,"Sep 30, 2026, 9:17:38 AM",SelfServiceRuntimeError,30803,hu.microsec.eszigno.mobile.SelfServiceRuntimeError,Logged out videoId,eSzigno.SelfServicePresenter.Status.finished,PROD Release,downloaded,Facekom végzett finished státusszal.,FACE_UP,,,PORTRAIT,,,,,,,,,
https://console.firebase.google.com/project/webszigno-dev-1532086359290/crashlytics/app/ios:hu.microsec.eszigno.mobile/issues/1782c2128a0148281dace39bf8664159?time=90d&versions=3.9.0+%282853%29&types=error&sessionEventKey=97c4f025395c416fbb0b68e1d76510c3_2269712948972261650,1782c2128a0148281dace39bf8664159,97c4f025395c416fbb0b68e1d76510c3_2269712948972261650,97c4f025395c416fbb0b68e1d76510c3_DNE_0_v2,97c4f025395c416fbb0b68e1d76510c3,,2269712948972261650,79cc31c4-55d3-4689-91f5-cbdfa4543f3c,,https://videoid-mobile.e-szigno.hu/identification/79cc31c4-55d3-4689-91f5-cbdfa4543f3c,3.9.0 (2853),iOS 26.6.2,26,iPhone 17 Pro,"Sep 30, 2026, 12:05:26 PM",SelfServiceRuntimeError,30802,hu.microsec.eszigno.mobile.SelfServiceRuntimeError,videoId,eSzigno.SelfServicePresenter.Status.finished,PROD Release,downloaded,"FaceKom session háttérbe lépett a(z): 2-factor lépésnél, isVideoStep: false, isVideoRecordingStarted: false.",PORTRAIT,,,PORTRAIT,,,,,,,,,
https://console.firebase.google.com/project/webszigno-dev-1532086359290/crashlytics/app/ios:hu.microsec.eszigno.mobile/issues/1782c2128a0148281dace39bf8664159?time=90d&versions=3.9.0+%282853%29&types=error&sessionEventKey=97c4f025395c416fbb0b68e1d76510c3_2269712991921934611,1782c2128a0148281dace39bf8664159,97c4f025395c416fbb0b68e1d76510c3_2269712991921934611,97c4f025395c416fbb0b68e1d76510c3_DNE_1_v2,97c4f025395c416fbb0b68e1d76510c3,1,2269712991921934611,79cc31c4-55d3-4689-91f5-cbdfa4543f3c,,https://videoid-mobile.e-szigno.hu/identification/79cc31c4-55d3-4689-91f5-cbdfa4543f3c,3.9.0 (2853),iOS 26.6.2,26,iPhone 17 Pro,"Sep 30, 2026, 12:05:36 PM",SelfServiceRuntimeError,30803,hu.microsec.eszigno.mobile.SelfServiceRuntimeError,videoId,eSzigno.SelfServicePresenter.Status.finished,PROD Release,downloaded,Facekom végzett finished státusszal.,PORTRAIT,,,PORTRAIT,,,,,,,,,
https://console.firebase.google.com/project/webszigno-dev-1532086359290/crashlytics/app/ios:hu.microsec.eszigno.mobile/issues/1782c2128a0148281dace39bf8664159?time=90d&versions=3.9.0+%282853%29&types=error&sessionEventKey=97c4f025395c416fbb0b68e1d76510c3_2269712991921934612,1782c2128a0148281dace39bf8664159,97c4f025395c416fbb0b68e1d76510c3_2269712991921934612,97c4f025395c416fbb0b68e1d76510c3_DNE_2_v2,97c4f025395c416fbb0b68e1d76510c3,2,2269712991921934612,79cc31c4-55d3-4689-91f5-cbdfa4543f3c,,https://videoid-mobile.e-szigno.hu/identification/79cc31c4-55d3-4689-91f5-cbdfa4543f3c,3.9.0 (2853),iOS 26.6.2,26,iPhone 17 Pro,"Sep 30, 2026, 12:05:36 PM",SelfServiceRuntimeError,30803,hu.microsec.eszigno.mobile.SelfServiceRuntimeError,videoId,eSzigno.SelfServicePresenter.Status.finished,PROD Release,downloaded,Facekom végzett finished státusszal.,PORTRAIT,,,PORTRAIT,,,,,,,,,
