event_url,issue_id,session_event_key,session_id_full,session_id_base,report_index,event_id,user_id_base,user_id_suffix,identification_link,app_version,os_version,os_major_version,model,date,crash_kind,nserror_code,nserror_domain,source,status,configuration,breadcrumbs_status,nslocalized_description,orientation_device,ram_free_mib,jailbroken,orientation_os,outcome,reason,last_step,steps_reached,screen_views,n_status_changes,first_breadcrumb_ts,last_breadcrumb_ts,session_elapsed_s
,1782c2128a0148281dace39bf8664159,,,,,,,,not available,- - -,- - -,,- - -,- - -,handleFlow,,,,,,not_available,,,,,,,,,,,,,,
,1782c2128a0148281dace39bf8664159,,,,,,,,not available,- - -,- - -,,- - -,- - -,SelfServiceRuntimeError,,,,,,not_available,,,,,,,,,,,,,,
https://console.firebase.google.com/project/webszigno-dev-1532086359290/crashlytics/app/ios:hu.microsec.eszigno.mobile/issues/66ab9689c1addf4cdac8881ddf52eff2?time=90d&versions=3.8.1+%282805%29&types=error&sessionEventKey=6a07cb0019934245ad2af73b1cd4b940_2247792082021623112,66ab9689c1addf4cdac8881ddf52eff2,6a07cb0019934245ad2af73b1cd4b940_2247792082021623112,,6a07cb0019934245ad2af73b1cd4b940,,2247792082021623112,,,not available,3.8.1 (2805),iOS 26.4.1,26,iPhone Air,"Aug 2, 2026, 10:21:17 AM",handleFlow,0,FaceKom handleFlow,Logged in videoId,eSzigno.SelfServicePresenter.Status.finished,INT Release,downloaded,,,,,,,,,,,,,,
https://console.firebase.google.com/project/webszigno-dev-1532086359290/crashlytics/app/ios:hu.microsec.eszigno.mobile/issues/1782c2128a0148281dace39bf8664159?time=90d&versions=3.8.1+%282805%29&types=error&sessionEventKey=6a07cb0019934245ad2af73b1cd4b940_2247792047661884743,1782c2128a0148281dace39bf8664159,6a07cb0019934245ad2af73b1cd4b940_2247792047661884743,,6a07cb0019934245ad2af73b1cd4b940,,2247792047661884743,,,not available,3.8.1 (2805),iOS 26.4.1,26,iPhone Air,"Aug 2, 2026, 10:21:09 AM",SelfServiceRuntimeError,30803,hu.microsec.eszigno.mobile.SelfServiceRuntimeError,Logged in videoId,eSzigno.SelfServicePresenter.Status.finished,INT Release,downloaded,Facekom finished with state: finished,,,,,,,,,,,,,
https://console.firebase.google.com/project/webszigno-dev-1532086359290/crashlytics/app/ios:hu.microsec.eszigno.mobile/issues/1782c2128a0148281dace39bf8664159?time=90d&versions=3.8.1+%282805%29&types=error&sessionEventKey=6a07cb0019934245ad2af73b1cd4b940_2247792047661884742,1782c2128a0148281dace39bf8664159,6a07cb0019934245ad2af73b1cd4b940_2247792047661884742,,6a07cb0019934245ad2af73b1cd4b940,,2247792047661884742,67d4dddf-cd10-430a-9bd5-ca0308f45666,-1785658012,https://videoid-mobile-test.e-szigno.hu/identification/67d4dddf-cd10-430a-9bd5-ca0308f45666-1785658012,3.8.1 (2805),iOS 26.4.1,26,iPhone Air,"Aug 2, 2026, 10:21:09 AM",SelfServiceRuntimeError,30803,hu.microsec.eszigno.mobile.SelfServiceRuntimeError,Logged in videoId,eSzigno.SelfServicePresenter.Status.finished,INT Release,downloaded,Facekom finished with state: finished,,,,,,,,,,,,,
https://console.firebase.google.com/project/webszigno-dev-1532086359290/crashlytics/app/ios:hu.microsec.eszigno.mobile/issues/1782c2128a0148281dace39bf8664159?time=90d&versions=3.8.1+%282805%29&types=error&sessionEventKey=6a07cb0019934245ad2af73b1cd4b940_2247791970352473413,1782c2128a0148281dace39bf8664159,6a07cb0019934245ad2af73b1cd4b940_2247791970352473413,,6a07cb0019934245ad2af73b1cd4b940,,2247791970352473413,67d4dddf-cd10-430a-9bd5-ca0308f45666,-1785658012,https://videoid-mobile-test.e-szigno.hu/identification/67d4dddf-cd10-430a-9bd5-ca0308f45666-1785658012,3.8.1 (2805),iOS 26.4.1,26,iPhone Air,"Aug 2, 2026, 10:20:51 AM",SelfServiceRuntimeError,30802,hu.microsec.eszigno.mobile.SelfServiceRuntimeError,Logged in videoId,eSzigno.SelfServicePresenter.Status.finished,INT Release,downloaded,"FaceKom session did enter background at step: 2-factor, isVideoStep: false, isVideoRecordingStarted: false.",,,,,,,,,,,,,
,66ab9689c1addf4cdac8881ddf52eff2,,,,,,,,not available,- - -,- - -,,- - -,- - -,handleFlow,,,,,,not_available,,,,,,,,,,,,,,
,1782c2128a0148281dace39bf8664159,,,,,,,,not available,- - -,- - -,,- - -,- - -,SelfServiceRuntimeError,,,,,,not_available,,,,,,,,,,,,,,
https://console.firebase.google.com/project/webszigno-dev-1532086359290/crashlytics/app/ios:hu.microsec.eszigno.mobile/issues/1782c2128a0148281dace39bf8664159?time=3d&versions=3.8.1+%282805%29&types=error&sessionEventKey=9fd7f7992cfd4342a2ce1bdc81812d36_2248163170863600487,1782c2128a0148281dace39bf8664159,9fd7f7992cfd4342a2ce1bdc81812d36_2248163170863600487,,9fd7f7992cfd4342a2ce1bdc81812d36,,2248163170863600487,,,not available,3.8.1 (2805),iOS 27.0.0,27,iPhone 17 Pro,"Aug 3, 2026, 10:21:18 AM",SelfServiceRuntimeError,30802,hu.microsec.eszigno.mobile.SelfServiceRuntimeError,videoId,,INT Release,downloaded,"FaceKom session did enter background at step: 2-factor, isVideoStep: false, isVideoRecordingStarted: false.",,,,,,,,,,,,,
https://console.firebase.google.com/project/webszigno-dev-1532086359290/crashlytics/app/ios:hu.microsec.eszigno.mobile/issues/1782c2128a0148281dace39bf8664159?time=3d&versions=3.8.1+%282805%29&types=error&sessionEventKey=9fd7f7992cfd4342a2ce1bdc81812d36_2248162938935366502,1782c2128a0148281dace39bf8664159,9fd7f7992cfd4342a2ce1bdc81812d36_2248162938935366502,,9fd7f7992cfd4342a2ce1bdc81812d36,,2248162938935366502,83118112-d724-411b-aa28-eff4ae624aee,,https://videoid-mobile-test.e-szigno.hu/identification/83118112-d724-411b-aa28-eff4ae624aee,3.8.1 (2805),iOS 27.0.0,27,iPhone 17 Pro,"Aug 3, 2026, 10:20:24 AM",SelfServiceRuntimeError,30802,hu.microsec.eszigno.mobile.SelfServiceRuntimeError,videoId,,INT Release,downloaded,"FaceKom session did enter background at step: 2-factor, isVideoStep: false, isVideoRecordingStarted: false.",,,,,,,,,,,,,
https://console.firebase.google.com/project/webszigno-dev-1532086359290/crashlytics/app/ios:hu.microsec.eszigno.mobile/issues/66ab9689c1addf4cdac8881ddf52eff2?time=1d&versions=3.8.1+%282809%29&types=error&sessionEventKey=183f422f08b2497caabb5e0ec566c9a3_2248225220141533580,66ab9689c1addf4cdac8881ddf52eff2,183f422f08b2497caabb5e0ec566c9a3_2248225220141533580,,183f422f08b2497caabb5e0ec566c9a3,,2248225220141533580,,,not available,3.8.1 (2809),iOS 26.5.2,26,iPhone SE (3rd generation),"Aug 3, 2026, 2:22:05 PM",handleFlow,0,FaceKom handleFlow,videoId,eSzigno.SelfServicePresenter.Status.finished,PROD Release,downloaded,,,,,,,,,,,,,,
https://console.firebase.google.com/project/webszigno-dev-1532086359290/crashlytics/app/ios:hu.microsec.eszigno.mobile/issues/1782c2128a0148281dace39bf8664159?time=1d&versions=3.8.1+%282809%29&types=error&sessionEventKey=31fd750b876b4e479f9d84124da39022_2248924820368348698,1782c2128a0148281dace39bf8664159,31fd750b876b4e479f9d84124da39022_2248924820368348698,,31fd750b876b4e479f9d84124da39022,,2248924820368348698,73838ade-7caf-44f2-ae9a-d0faace97b91,,https://videoid-mobile.e-szigno.hu/identification/73838ade-7caf-44f2-ae9a-d0faace97b91,3.8.1 (2809),iOS 26.5.2,26,iPhone 13,"Aug 5, 2026, 11:36:53 AM",SelfServiceRuntimeError,30803,hu.microsec.eszigno.mobile.SelfServiceRuntimeError,videoId,eSzigno.SelfServicePresenter.Status.finished,PROD Release,downloaded,Facekom végzett finished státusszal.,,,,,,,,,,,,,
https://console.firebase.google.com/project/webszigno-dev-1532086359290/crashlytics/app/ios:hu.microsec.eszigno.mobile/issues/1782c2128a0148281dace39bf8664159?time=1d&versions=3.8.1+%282809%29&types=error&sessionEventKey=31fd750b876b4e479f9d84124da39022_2248924820368348697,1782c2128a0148281dace39bf8664159,31fd750b876b4e479f9d84124da39022_2248924820368348697,,31fd750b876b4e479f9d84124da39022,,2248924820368348697,73838ade-7caf-44f2-ae9a-d0faace97b91,,https://videoid-mobile.e-szigno.hu/identification/73838ade-7caf-44f2-ae9a-d0faace97b91,3.8.1 (2809),iOS 26.5.2,26,iPhone 13,"Aug 5, 2026, 11:36:53 AM",SelfServiceRuntimeError,30803,hu.microsec.eszigno.mobile.SelfServiceRuntimeError,videoId,eSzigno.SelfServicePresenter.Status.finished,PROD Release,downloaded,Facekom végzett finished státusszal.,,,,,,,,,,,,,
https://console.firebase.google.com/project/webszigno-dev-1532086359290/crashlytics/app/ios:hu.microsec.eszigno.mobile/issues/1782c2128a0148281dace39bf8664159?time=1d&versions=3.8.1+%282809%29&types=error&sessionEventKey=31fd750b876b4e479f9d84124da39022_2248924730174035480,1782c2128a0148281dace39bf8664159,31fd750b876b4e479f9d84124da39022_2248924730174035480,,31fd750b876b4e479f9d84124da39022,,2248924730174035480,73838ade-7caf-44f2-ae9a-d0faace97b91,,https://videoid-mobile.e-szigno.hu/identification/73838ade-7caf-44f2-ae9a-d0faace97b91,3.8.1 (2809),iOS 26.5.2,26,iPhone 13,"Aug 5, 2026, 11:36:32 AM",SelfServiceRuntimeError,30802,hu.microsec.eszigno.mobile.SelfServiceRuntimeError,videoId,eSzigno.SelfServicePresenter.Status.finished,PROD Release,downloaded,"FaceKom session háttérbe lépet a: 2-factor lépésnél, isVideoStep: false, isVideoRecordingStarted: false.",,,,,,,,,,,,,
https://console.firebase.google.com/project/webszigno-dev-1532086359290/crashlytics/app/ios:hu.microsec.eszigno.mobile/issues/1782c2128a0148281dace39bf8664159?time=1d&versions=3.8.1+%282809%29&types=error&sessionEventKey=183f422f08b2497caabb5e0ec566c9a3_2248225215846566283,1782c2128a0148281dace39bf8664159,183f422f08b2497caabb5e0ec566c9a3_2248225215846566283,,183f422f08b2497caabb5e0ec566c9a3,,2248225215846566283,494e7f0f-9de3-41d1-b31a-4d306db6795e,,https://videoid-mobile-test.e-szigno.hu/identification/494e7f0f-9de3-41d1-b31a-4d306db6795e,3.8.1 (2809),iOS 26.5.2,26,iPhone SE (3rd generation),"Aug 3, 2026, 2:22:04 PM",SelfServiceRuntimeError,30803,hu.microsec.eszigno.mobile.SelfServiceRuntimeError,videoId,eSzigno.SelfServicePresenter.Status.finished,PROD Release,downloaded,Facekom végzett finished státusszal.,,,,,,,,,,,,,
https://console.firebase.google.com/project/webszigno-dev-1532086359290/crashlytics/app/ios:hu.microsec.eszigno.mobile/issues/1782c2128a0148281dace39bf8664159?time=1d&versions=3.8.1+%282809%29&types=error&sessionEventKey=183f422f08b2497caabb5e0ec566c9a3_2248225215846566282,1782c2128a0148281dace39bf8664159,183f422f08b2497caabb5e0ec566c9a3_2248225215846566282,,183f422f08b2497caabb5e0ec566c9a3,,2248225215846566282,494e7f0f-9de3-41d1-b31a-4d306db6795e,,https://videoid-mobile-test.e-szigno.hu/identification/494e7f0f-9de3-41d1-b31a-4d306db6795e,3.8.1 (2809),iOS 26.5.2,26,iPhone SE (3rd generation),"Aug 3, 2026, 2:22:04 PM",SelfServiceRuntimeError,30803,hu.microsec.eszigno.mobile.SelfServiceRuntimeError,videoId,eSzigno.SelfServicePresenter.Status.finished,PROD Release,downloaded,Facekom végzett finished státusszal.,,,,,,,,,,,,,
https://console.firebase.google.com/project/webszigno-dev-1532086359290/crashlytics/app/ios:hu.microsec.eszigno.mobile/issues/1782c2128a0148281dace39bf8664159?time=1d&versions=3.8.1+%282809%29&types=error&sessionEventKey=183f422f08b2497caabb5e0ec566c9a3_2248224923788790153,1782c2128a0148281dace39bf8664159,183f422f08b2497caabb5e0ec566c9a3_2248224923788790153,,183f422f08b2497caabb5e0ec566c9a3,,2248224923788790153,494e7f0f-9de3-41d1-b31a-4d306db6795e,,https://videoid-mobile-test.e-szigno.hu/identification/494e7f0f-9de3-41d1-b31a-4d306db6795e,3.8.1 (2809),iOS 26.5.2,26,iPhone SE (3rd generation),"Aug 3, 2026, 2:20:56 PM",SelfServiceRuntimeError,30802,hu.microsec.eszigno.mobile.SelfServiceRuntimeError,videoId,eSzigno.SelfServicePresenter.Status.finished,PROD Release,downloaded,"FaceKom session háttérbe lépet a: 2-factor lépésnél, isVideoStep: false, isVideoRecordingStarted: false.",,,,,,,,,,,,,
https://console.firebase.google.com/project/webszigno-dev-1532086359290/crashlytics/app/ios:hu.microsec.eszigno.mobile/issues/66ab9689c1addf4cdac8881ddf52eff2?time=1d&versions=3.8.1+%282809%29&types=error&sessionEventKey=707e0ef93dba4670a705f1eea5bbc141_2248981034516800267,66ab9689c1addf4cdac8881ddf52eff2,707e0ef93dba4670a705f1eea5bbc141_2248981034516800267,,707e0ef93dba4670a705f1eea5bbc141,,2248981034516800267,1c06f3fd-597f-4c7f-a9f6-22c44cbbf0bc,-1783496695,https://videoid-mobile.e-szigno.hu/identification/1c06f3fd-597f-4c7f-a9f6-22c44cbbf0bc-1783496695,3.8.1 (2809),iOS 26.5.2,26,iPhone 14 Pro,"Aug 5, 2026, 3:15:01 PM",handleFlow,0,FaceKom handleFlow,videoId,eSzigno.SelfServicePresenter.Status.finished,PROD Release,downloaded,,,,,,,,,,,,,,
https://console.firebase.google.com/project/webszigno-dev-1532086359290/crashlytics/app/ios:hu.microsec.eszigno.mobile/issues/66ab9689c1addf4cdac8881ddf52eff2?time=1d&versions=3.8.1+%282809%29&types=error&sessionEventKey=7a81041a99644442a439c07f9121e41a_2248974133175234899,66ab9689c1addf4cdac8881ddf52eff2,7a81041a99644442a439c07f9121e41a_2248974133175234899,,7a81041a99644442a439c07f9121e41a,,2248974133175234899,936b483d-d375-4e45-959c-213ffb657225,,https://videoid-mobile.e-szigno.hu/identification/936b483d-d375-4e45-959c-213ffb657225,3.8.1 (2809),iOS 26.5.0,26,iPhone 16e,"Aug 5, 2026, 2:48:14 PM",handleFlow,0,FaceKom handleFlow,videoId,eSzigno.SelfServicePresenter.Status.finished,PROD Release,downloaded,,,,,,,,,,,,,,
https://console.firebase.google.com/project/webszigno-dev-1532086359290/crashlytics/app/ios:hu.microsec.eszigno.mobile/issues/66ab9689c1addf4cdac8881ddf52eff2?time=1d&versions=3.8.1+%282809%29&types=error&sessionEventKey=31fd750b876b4e479f9d84124da39022_2248924837548217883,66ab9689c1addf4cdac8881ddf52eff2,31fd750b876b4e479f9d84124da39022_2248924837548217883,,31fd750b876b4e479f9d84124da39022,,2248924837548217883,73838ade-7caf-44f2-ae9a-d0faace97b91,,https://videoid-mobile.e-szigno.hu/identification/73838ade-7caf-44f2-ae9a-d0faace97b91,3.8.1 (2809),iOS 26.5.2,26,iPhone 13,"Aug 5, 2026, 11:36:57 AM",handleFlow,0,FaceKom handleFlow,videoId,eSzigno.SelfServicePresenter.Status.finished,PROD Release,downloaded,,,,,,,,,,,,,,
https://console.firebase.google.com/project/webszigno-dev-1532086359290/crashlytics/app/ios:hu.microsec.eszigno.mobile/issues/1782c2128a0148281dace39bf8664159?time=1d&versions=3.8.1+%282809%29&types=error&sessionEventKey=707e0ef93dba4670a705f1eea5bbc141_2248980995862094602,1782c2128a0148281dace39bf8664159,707e0ef93dba4670a705f1eea5bbc141_2248980995862094602,,707e0ef93dba4670a705f1eea5bbc141,,2248980995862094602,,,not available,3.8.1 (2809),iOS 26.5.2,26,iPhone 14 Pro,"Aug 5, 2026, 3:14:52 PM",SelfServiceRuntimeError,30803,hu.microsec.eszigno.mobile.SelfServiceRuntimeError,videoId,eSzigno.SelfServicePresenter.Status.finished,PROD Release,downloaded,Facekom végzett finished státusszal.,,,,,,,,,,,,,
https://console.firebase.google.com/project/webszigno-dev-1532086359290/crashlytics/app/ios:hu.microsec.eszigno.mobile/issues/1782c2128a0148281dace39bf8664159?time=1d&versions=3.8.1+%282809%29&types=error&sessionEventKey=707e0ef93dba4670a705f1eea5bbc141_2248980995862094601,1782c2128a0148281dace39bf8664159,707e0ef93dba4670a705f1eea5bbc141_2248980995862094601,,707e0ef93dba4670a705f1eea5bbc141,,2248980995862094601,1c06f3fd-597f-4c7f-a9f6-22c44cbbf0bc,-1783496695,https://videoid-mobile.e-szigno.hu/identification/1c06f3fd-597f-4c7f-a9f6-22c44cbbf0bc-1783496695,3.8.1 (2809),iOS 26.5.2,26,iPhone 14 Pro,"Aug 5, 2026, 3:14:52 PM",SelfServiceRuntimeError,30803,hu.microsec.eszigno.mobile.SelfServiceRuntimeError,videoId,eSzigno.SelfServicePresenter.Status.finished,PROD Release,downloaded,Facekom végzett finished státusszal.,,,,,,,,,,,,,
https://console.firebase.google.com/project/webszigno-dev-1532086359290/crashlytics/app/ios:hu.microsec.eszigno.mobile/issues/1782c2128a0148281dace39bf8664159?time=1d&versions=3.8.1+%282809%29&types=error&sessionEventKey=7a81041a99644442a439c07f9121e41a_2248974111700398418,1782c2128a0148281dace39bf8664159,7a81041a99644442a439c07f9121e41a_2248974111700398418,,7a81041a99644442a439c07f9121e41a,,2248974111700398418,936b483d-d375-4e45-959c-213ffb657225,,https://videoid-mobile.e-szigno.hu/identification/936b483d-d375-4e45-959c-213ffb657225,3.8.1 (2809),iOS 26.5.0,26,iPhone 16e,"Aug 5, 2026, 2:48:09 PM",SelfServiceRuntimeError,30803,hu.microsec.eszigno.mobile.SelfServiceRuntimeError,videoId,eSzigno.SelfServicePresenter.Status.finished,PROD Release,downloaded,Facekom finished with state: finished,,,,,,,,,,,,,
https://console.firebase.google.com/project/webszigno-dev-1532086359290/crashlytics/app/ios:hu.microsec.eszigno.mobile/issues/1782c2128a0148281dace39bf8664159?time=1d&versions=3.8.1+%282809%29&types=error&sessionEventKey=7a81041a99644442a439c07f9121e41a_2248974111700398417,1782c2128a0148281dace39bf8664159,7a81041a99644442a439c07f9121e41a_2248974111700398417,,7a81041a99644442a439c07f9121e41a,,2248974111700398417,936b483d-d375-4e45-959c-213ffb657225,,https://videoid-mobile.e-szigno.hu/identification/936b483d-d375-4e45-959c-213ffb657225,3.8.1 (2809),iOS 26.5.0,26,iPhone 16e,"Aug 5, 2026, 2:48:09 PM",SelfServiceRuntimeError,30803,hu.microsec.eszigno.mobile.SelfServiceRuntimeError,videoId,eSzigno.SelfServicePresenter.Status.finished,PROD Release,downloaded,Facekom finished with state: finished,,,,,,,,,,,,,
https://console.firebase.google.com/project/webszigno-dev-1532086359290/crashlytics/app/ios:hu.microsec.eszigno.mobile/issues/1782c2128a0148281dace39bf8664159?time=1d&versions=3.8.1+%282809%29&types=error&sessionEventKey=7a81041a99644442a439c07f9121e41a_2248974073045692752,1782c2128a0148281dace39bf8664159,7a81041a99644442a439c07f9121e41a_2248974073045692752,,7a81041a99644442a439c07f9121e41a,,2248974073045692752,936b483d-d375-4e45-959c-213ffb657225,,https://videoid-mobile.e-szigno.hu/identification/936b483d-d375-4e45-959c-213ffb657225,3.8.1 (2809),iOS 26.5.0,26,iPhone 16e,"Aug 5, 2026, 2:48:00 PM",SelfServiceRuntimeError,30802,hu.microsec.eszigno.mobile.SelfServiceRuntimeError,videoId,eSzigno.SelfServicePresenter.Status.finished,PROD Release,downloaded,"FaceKom session did enter background at step: 2-factor, isVideoStep: false, isVideoRecordingStarted: false.",,,,,,,,,,,,,
https://console.firebase.google.com/project/webszigno-dev-1532086359290/crashlytics/app/ios:hu.microsec.eszigno.mobile/issues/1782c2128a0148281dace39bf8664159?time=3d&versions=3.8.1+%282809%29&types=error&sessionEventKey=b9f6db0da0504915a45d2c09c2a5230c_2249092045748526317,1782c2128a0148281dace39bf8664159,b9f6db0da0504915a45d2c09c2a5230c_2249092045748526317,,b9f6db0da0504915a45d2c09c2a5230c,,2249092045748526317,fd608bd3-0844-4a2f-8d05-2cf8f90282dd,,https://videoid-mobile.e-szigno.hu/identification/fd608bd3-0844-4a2f-8d05-2cf8f90282dd,3.8.1 (2809),iOS 26.5.2,26,iPhone 15 Pro Max,"Aug 5, 2026, 10:25:48 PM",stopAndClear,30803,hu.microsec.eszigno.mobile.SelfServiceRuntimeError,videoId,eSzigno.SelfServicePresenter.Status.finished,PROD Release,downloaded,Facekom végzett finished státusszal.,,,,,,,,,,,,,
https://console.firebase.google.com/project/webszigno-dev-1532086359290/crashlytics/app/ios:hu.microsec.eszigno.mobile/issues/1782c2128a0148281dace39bf8664159?time=3d&versions=3.8.1+%282809%29&types=error&sessionEventKey=b9f6db0da0504915a45d2c09c2a5230c_2249092045748526316,1782c2128a0148281dace39bf8664159,b9f6db0da0504915a45d2c09c2a5230c_2249092045748526316,,b9f6db0da0504915a45d2c09c2a5230c,,2249092045748526316,fd608bd3-0844-4a2f-8d05-2cf8f90282dd,,https://videoid-mobile.e-szigno.hu/identification/fd608bd3-0844-4a2f-8d05-2cf8f90282dd,3.8.1 (2809),iOS 26.5.2,26,iPhone 15 Pro Max,"Aug 5, 2026, 10:25:48 PM",stopAndClear,30803,hu.microsec.eszigno.mobile.SelfServiceRuntimeError,videoId,eSzigno.SelfServicePresenter.Status.finished,PROD Release,downloaded,Facekom végzett finished státusszal.,,,,,,,,,,,,,
https://console.firebase.google.com/project/webszigno-dev-1532086359290/crashlytics/app/ios:hu.microsec.eszigno.mobile/issues/1782c2128a0148281dace39bf8664159?time=3d&versions=3.8.1+%282809%29&types=error&sessionEventKey=b9f6db0da0504915a45d2c09c2a5230c_2249091977029049579,1782c2128a0148281dace39bf8664159,b9f6db0da0504915a45d2c09c2a5230c_2249091977029049579,,b9f6db0da0504915a45d2c09c2a5230c,,2249091977029049579,fd608bd3-0844-4a2f-8d05-2cf8f90282dd,,https://videoid-mobile.e-szigno.hu/identification/fd608bd3-0844-4a2f-8d05-2cf8f90282dd,3.8.1 (2809),iOS 26.5.2,26,iPhone 15 Pro Max,"Aug 5, 2026, 10:25:32 PM",stopAndClear,30802,hu.microsec.eszigno.mobile.SelfServiceRuntimeError,videoId,eSzigno.SelfServicePresenter.Status.finished,PROD Release,downloaded,"FaceKom session háttérbe lépet a: 2-factor lépésnél, isVideoStep: false, isVideoRecordingStarted: false.",,,,,,,,,,,,,
https://console.firebase.google.com/project/webszigno-dev-1532086359290/crashlytics/app/ios:hu.microsec.eszigno.mobile/issues/1782c2128a0148281dace39bf8664159?time=3d&versions=3.8.1+%282809%29&types=error&sessionEventKey=b9f6db0da0504915a45d2c09c2a5230c_2249091191050034409,1782c2128a0148281dace39bf8664159,b9f6db0da0504915a45d2c09c2a5230c_2249091191050034409,,b9f6db0da0504915a45d2c09c2a5230c,,2249091191050034409,fd608bd3-0844-4a2f-8d05-2cf8f90282dd,,https://videoid-mobile.e-szigno.hu/identification/fd608bd3-0844-4a2f-8d05-2cf8f90282dd,3.8.1 (2809),iOS 26.5.2,26,iPhone 15 Pro Max,"Aug 5, 2026, 10:22:29 PM",stopAndClear,30803,hu.microsec.eszigno.mobile.SelfServiceRuntimeError,videoId,eSzigno.SelfServicePresenter.Status.finished,PROD Release,downloaded,"Facekom végzett failed(title: nil, subtitle: nil, message: nil) státusszal.",,,,,,,,,,,,,
https://console.firebase.google.com/project/webszigno-dev-1532086359290/crashlytics/app/ios:hu.microsec.eszigno.mobile/issues/1782c2128a0148281dace39bf8664159?time=3d&versions=3.8.1+%282809%29&types=error&sessionEventKey=b9f6db0da0504915a45d2c09c2a5230c_2249091191050034408,1782c2128a0148281dace39bf8664159,b9f6db0da0504915a45d2c09c2a5230c_2249091191050034408,,b9f6db0da0504915a45d2c09c2a5230c,,2249091191050034408,,,not available,3.8.1 (2809),iOS 26.5.2,26,iPhone 15 Pro Max,"Aug 5, 2026, 10:22:29 PM",stopAndClear,30803,hu.microsec.eszigno.mobile.SelfServiceRuntimeError,videoId,eSzigno.SelfServicePresenter.Status.finished,PROD Release,downloaded,"Facekom végzett failed(title: nil, subtitle: nil, message: nil) státusszal.",,,,,,,,,,,,,
https://console.firebase.google.com/project/webszigno-dev-1532086359290/crashlytics/app/ios:hu.microsec.eszigno.mobile/issues/1782c2128a0148281dace39bf8664159?time=3d&versions=3.8.1+%282809%29&types=error&sessionEventKey=b6b286a343f043969d889d592b25111e_2249018391529986051,1782c2128a0148281dace39bf8664159,b6b286a343f043969d889d592b25111e_2249018391529986051,,b6b286a343f043969d889d592b25111e,,2249018391529986051,b3b45c86-9ad2-4651-84d5-eb0e49085538,,https://videoid-mobile.e-szigno.hu/identification/b3b45c86-9ad2-4651-84d5-eb0e49085538,3.8.1 (2809),iOS 26.6.0,26,iPhone 16,"Aug 5, 2026, 5:39:59 PM",stopAndClear,30803,hu.microsec.eszigno.mobile.SelfServiceRuntimeError,videoId,eSzigno.SelfServicePresenter.Status.finished,PROD Release,downloaded,Facekom végzett finished státusszal.,,,,,,,,,,,,,
https://console.firebase.google.com/project/webszigno-dev-1532086359290/crashlytics/app/ios:hu.microsec.eszigno.mobile/issues/1782c2128a0148281dace39bf8664159?time=3d&versions=3.8.1+%282809%29&types=error&sessionEventKey=b6b286a343f043969d889d592b25111e_2249018391529986050,1782c2128a0148281dace39bf8664159,b6b286a343f043969d889d592b25111e_2249018391529986050,,b6b286a343f043969d889d592b25111e,,2249018391529986050,b3b45c86-9ad2-4651-84d5-eb0e49085538,,https://videoid-mobile.e-szigno.hu/identification/b3b45c86-9ad2-4651-84d5-eb0e49085538,3.8.1 (2809),iOS 26.6.0,26,iPhone 16,"Aug 5, 2026, 5:39:59 PM",stopAndClear,30803,hu.microsec.eszigno.mobile.SelfServiceRuntimeError,videoId,eSzigno.SelfServicePresenter.Status.finished,PROD Release,downloaded,Facekom végzett finished státusszal.,,,,,,,,,,,,,
https://console.firebase.google.com/project/webszigno-dev-1532086359290/crashlytics/app/ios:hu.microsec.eszigno.mobile/issues/1782c2128a0148281dace39bf8664159?time=3d&versions=3.8.1+%282809%29&types=error&sessionEventKey=b7834ac9effb4ccf98ec029727032235_2248969365818851570,1782c2128a0148281dace39bf8664159,b7834ac9effb4ccf98ec029727032235_2248969365818851570,,b7834ac9effb4ccf98ec029727032235,,2248969365818851570,e6e25aa6-17b4-4410-8280-76243a2f9f01,,https://videoid-mobile.e-szigno.hu/identification/e6e25aa6-17b4-4410-8280-76243a2f9f01,3.8.1 (2809),iOS 26.6.0,26,iPhone 16,"Aug 5, 2026, 2:29:45 PM",stopAndClear,30803,hu.microsec.eszigno.mobile.SelfServiceRuntimeError,videoId,eSzigno.SelfServicePresenter.Status.finished,PROD Release,downloaded,Facekom végzett finished státusszal.,,,,,,,,,,,,,
https://console.firebase.google.com/project/webszigno-dev-1532086359290/crashlytics/app/ios:hu.microsec.eszigno.mobile/issues/1782c2128a0148281dace39bf8664159?time=3d&versions=3.8.1+%282809%29&types=error&sessionEventKey=b7834ac9effb4ccf98ec029727032235_2248969365818851569,1782c2128a0148281dace39bf8664159,b7834ac9effb4ccf98ec029727032235_2248969365818851569,,b7834ac9effb4ccf98ec029727032235,,2248969365818851569,e6e25aa6-17b4-4410-8280-76243a2f9f01,,https://videoid-mobile.e-szigno.hu/identification/e6e25aa6-17b4-4410-8280-76243a2f9f01,3.8.1 (2809),iOS 26.6.0,26,iPhone 16,"Aug 5, 2026, 2:29:45 PM",stopAndClear,30803,hu.microsec.eszigno.mobile.SelfServiceRuntimeError,videoId,eSzigno.SelfServicePresenter.Status.finished,PROD Release,downloaded,Facekom végzett finished státusszal.,,,,,,,,,,,,,
https://console.firebase.google.com/project/webszigno-dev-1532086359290/crashlytics/app/ios:hu.microsec.eszigno.mobile/issues/1782c2128a0148281dace39bf8664159?time=3d&versions=3.8.1+%282809%29&types=error&sessionEventKey=12450dd9b7d94df4a0ad1867fe1875fb_2248924003566457229,1782c2128a0148281dace39bf8664159,12450dd9b7d94df4a0ad1867fe1875fb_2248924003566457229,,12450dd9b7d94df4a0ad1867fe1875fb,,2248924003566457229,,,not available,3.8.1 (2809),iOS 26.5.2,26,iPhone 17 Pro,"Aug 5, 2026, 11:33:43 AM",stopAndClear,30803,hu.microsec.eszigno.mobile.SelfServiceRuntimeError,videoId,eSzigno.SelfServicePresenter.Status.finished,PROD Release,downloaded,Facekom végzett finished státusszal.,,,,,,,,,,,,,
https://console.firebase.google.com/project/webszigno-dev-1532086359290/crashlytics/app/ios:hu.microsec.eszigno.mobile/issues/1782c2128a0148281dace39bf8664159?time=3d&versions=3.8.1+%282809%29&types=error&sessionEventKey=12450dd9b7d94df4a0ad1867fe1875fb_2248924003566457228,1782c2128a0148281dace39bf8664159,12450dd9b7d94df4a0ad1867fe1875fb_2248924003566457228,,12450dd9b7d94df4a0ad1867fe1875fb,,2248924003566457228,512dd0f5-f23a-4067-a605-83988b6c3404,,https://videoid-mobile.e-szigno.hu/identification/512dd0f5-f23a-4067-a605-83988b6c3404,3.8.1 (2809),iOS 26.5.2,26,iPhone 17 Pro,"Aug 5, 2026, 11:33:43 AM",stopAndClear,30803,hu.microsec.eszigno.mobile.SelfServiceRuntimeError,videoId,eSzigno.SelfServicePresenter.Status.finished,PROD Release,downloaded,Facekom végzett finished státusszal.,,,,,,,,,,,,,
https://console.firebase.google.com/project/webszigno-dev-1532086359290/crashlytics/app/ios:hu.microsec.eszigno.mobile/issues/1782c2128a0148281dace39bf8664159?time=3d&versions=3.8.1+%282809%29&types=error&sessionEventKey=12450dd9b7d94df4a0ad1867fe1875fb_2248923943436915083,1782c2128a0148281dace39bf8664159,12450dd9b7d94df4a0ad1867fe1875fb_2248923943436915083,,12450dd9b7d94df4a0ad1867fe1875fb,,2248923943436915083,,,not available,3.8.1 (2809),iOS 26.5.2,26,iPhone 17 Pro,"Aug 5, 2026, 11:33:29 AM",stopAndClear,30802,hu.microsec.eszigno.mobile.SelfServiceRuntimeError,videoId,eSzigno.SelfServicePresenter.Status.finished,PROD Release,downloaded,"FaceKom session háttérbe lépet a: 2-factor lépésnél, isVideoStep: false, isVideoRecordingStarted: false.",,,,,,,,,,,,,
https://console.firebase.google.com/project/webszigno-dev-1532086359290/crashlytics/app/ios:hu.microsec.eszigno.mobile/issues/fc90ac57101d1258a32120e65642f194?time=1d&versions=3.8.1+%282809%29&types=error&sessionEventKey=f979154da1a74754af165f430cdc267b_2249294287520316310,fc90ac57101d1258a32120e65642f194,f979154da1a74754af165f430cdc267b_2249294287520316310,,f979154da1a74754af165f430cdc267b,,2249294287520316310,0a7435da-88ab-4e41-8954-2fb1201a8f11,,https://videoid-mobile.e-szigno.hu/identification/0a7435da-88ab-4e41-8954-2fb1201a8f11,3.8.1 (2809),iOS 26.5.2,26,iPhone 15 Pro,"Aug 6, 2026, 11:30:36 AM",stopAndClear,0,FaceKom stopAndClear,Logged in videoId,eSzigno.SelfServicePresenter.Status.finished,PROD Release,downloaded,,,,,,,,,,,,,,
https://console.firebase.google.com/project/webszigno-dev-1532086359290/crashlytics/app/ios:hu.microsec.eszigno.mobile/issues/fc90ac57101d1258a32120e65642f194?time=1d&versions=3.8.1+%282809%29&types=error&sessionEventKey=f979154da1a74754af165f430cdc267b_2249293836548750227,fc90ac57101d1258a32120e65642f194,f979154da1a74754af165f430cdc267b_2249293836548750227,,f979154da1a74754af165f430cdc267b,,2249293836548750227,0a7435da-88ab-4e41-8954-2fb1201a8f11,,https://videoid-mobile.e-szigno.hu/identification/0a7435da-88ab-4e41-8954-2fb1201a8f11,3.8.1 (2809),iOS 26.5.2,26,iPhone 15 Pro,"Aug 6, 2026, 11:28:51 AM",stopAndClear,0,FaceKom stopAndClear,Logged in videoId,eSzigno.SelfServicePresenter.Status.finished,PROD Release,downloaded,,,,,,,,,,,,,,
https://console.firebase.google.com/project/webszigno-dev-1532086359290/crashlytics/app/ios:hu.microsec.eszigno.mobile/issues/fc90ac57101d1258a32120e65642f194?time=1d&versions=3.8.1+%282809%29&types=error&sessionEventKey=83570d932fa94019bcfe3a633fd50635_2249268001623687735,fc90ac57101d1258a32120e65642f194,83570d932fa94019bcfe3a633fd50635_2249268001623687735,,83570d932fa94019bcfe3a633fd50635,,2249268001623687735,15711a97-80dd-4e4e-8723-fec8a3bc3be8,,https://videoid-mobile.e-szigno.hu/identification/15711a97-80dd-4e4e-8723-fec8a3bc3be8,3.8.1 (2809),iOS 18.7.8,18,iPhone 16 Pro,"Aug 6, 2026, 9:48:36 AM",stopAndClear,0,FaceKom stopAndClear,Logged in videoId,eSzigno.SelfServicePresenter.Status.aborted,PROD Release,downloaded,,,,,,,,,,,,,,
https://console.firebase.google.com/project/webszigno-dev-1532086359290/crashlytics/app/ios:hu.microsec.eszigno.mobile/issues/66ab9689c1addf4cdac8881ddf52eff2?time=1d&versions=3.8.1+%282809%29&types=error&sessionEventKey=4d6cf022982f47f59ac6233ea0be47fa_2249361205443505149,66ab9689c1addf4cdac8881ddf52eff2,4d6cf022982f47f59ac6233ea0be47fa_2249361205443505149,,4d6cf022982f47f59ac6233ea0be47fa,,2249361205443505149,8fb5f315-48d3-403b-8db0-abc9e2727169,,https://videoid-mobile.e-szigno.hu/identification/8fb5f315-48d3-403b-8db0-abc9e2727169,3.8.1 (2809),iOS 26.5.2,26,iPhone 14 Pro,"Aug 6, 2026, 3:50:17 PM",handleFlow,0,FaceKom handleFlow,videoId,eSzigno.SelfServicePresenter.Status.finished,PROD Release,downloaded,,,,,,,,,,,,,,
https://console.firebase.google.com/project/webszigno-dev-1532086359290/crashlytics/app/ios:hu.microsec.eszigno.mobile/issues/66ab9689c1addf4cdac8881ddf52eff2?time=1d&versions=3.8.1+%282809%29&types=error&sessionEventKey=f979154da1a74754af165f430cdc267b_2249295180873513882,66ab9689c1addf4cdac8881ddf52eff2,f979154da1a74754af165f430cdc267b_2249295180873513882,,f979154da1a74754af165f430cdc267b,,2249295180873513882,0a7435da-88ab-4e41-8954-2fb1201a8f11,,https://videoid-mobile.e-szigno.hu/identification/0a7435da-88ab-4e41-8954-2fb1201a8f11,3.8.1 (2809),iOS 26.5.2,26,iPhone 15 Pro,"Aug 6, 2026, 11:34:04 AM",handleFlow,0,FaceKom handleFlow,Logged in videoId,eSzigno.SelfServicePresenter.Status.finished,PROD Release,downloaded,,,,,,,,,,,,,,
https://console.firebase.google.com/project/webszigno-dev-1532086359290/crashlytics/app/ios:hu.microsec.eszigno.mobile/issues/66ab9689c1addf4cdac8881ddf52eff2?time=1d&versions=3.8.1+%282809%29&types=error&sessionEventKey=c19a16fc854b460794d3bd1febecee82_2249294727154053112,66ab9689c1addf4cdac8881ddf52eff2,c19a16fc854b460794d3bd1febecee82_2249294727154053112,,c19a16fc854b460794d3bd1febecee82,,2249294727154053112,adbbf20e-0f8d-4f55-9ca0-43c9b2d7caf0,,https://videoid-mobile.e-szigno.hu/identification/adbbf20e-0f8d-4f55-9ca0-43c9b2d7caf0,3.8.1 (2809),iOS 18.6.2,18,iPhone 12,"Aug 6, 2026, 11:32:19 AM",handleFlow,0,FaceKom handleFlow,videoId,eSzigno.SelfServicePresenter.Status.finished,PROD Release,downloaded,,,,,,,,,,,,,,
https://console.firebase.google.com/project/webszigno-dev-1532086359290/crashlytics/app/ios:hu.microsec.eszigno.mobile/issues/66ab9689c1addf4cdac8881ddf52eff2?time=1d&versions=3.8.1+%282809%29&types=error&sessionEventKey=d36df44a2787491c92d5cdd7626d1cb1_2249276457207201615,66ab9689c1addf4cdac8881ddf52eff2,d36df44a2787491c92d5cdd7626d1cb1_2249276457207201615,,d36df44a2787491c92d5cdd7626d1cb1,,2249276457207201615,cca45c0d-c3ad-4eac-98db-03f4d583bcb2,,https://videoid-mobile.e-szigno.hu/identification/cca45c0d-c3ad-4eac-98db-03f4d583bcb2,3.8.1 (2809),iOS 18.7.7,18,iPhone 15,"Aug 6, 2026, 10:21:25 AM",handleFlow,0,FaceKom handleFlow,videoId,eSzigno.SelfServicePresenter.Status.finished,PROD Release,downloaded,,,,,,,,,,,,,,
https://console.firebase.google.com/project/webszigno-dev-1532086359290/crashlytics/app/ios:hu.microsec.eszigno.mobile/issues/66ab9689c1addf4cdac8881ddf52eff2?time=1d&versions=3.8.1+%282809%29&types=error&sessionEventKey=b9f6db0da0504915a45d2c09c2a5230c_2249092075813297390,66ab9689c1addf4cdac8881ddf52eff2,b9f6db0da0504915a45d2c09c2a5230c_2249092075813297390,,b9f6db0da0504915a45d2c09c2a5230c,,2249092075813297390,fd608bd3-0844-4a2f-8d05-2cf8f90282dd,,https://videoid-mobile.e-szigno.hu/identification/fd608bd3-0844-4a2f-8d05-2cf8f90282dd,3.8.1 (2809),iOS 26.5.2,26,iPhone 15 Pro Max,"Aug 5, 2026, 10:25:55 PM",handleFlow,0,FaceKom handleFlow,videoId,eSzigno.SelfServicePresenter.Status.finished,PROD Release,downloaded,,,,,,,,,,,,,,
https://console.firebase.google.com/project/webszigno-dev-1532086359290/crashlytics/app/ios:hu.microsec.eszigno.mobile/issues/66ab9689c1addf4cdac8881ddf52eff2?time=1d&versions=3.8.1+%282809%29&types=error&sessionEventKey=b9f6db0da0504915a45d2c09c2a5230c_2249091221114805482,66ab9689c1addf4cdac8881ddf52eff2,b9f6db0da0504915a45d2c09c2a5230c_2249091221114805482,,b9f6db0da0504915a45d2c09c2a5230c,,2249091221114805482,fd608bd3-0844-4a2f-8d05-2cf8f90282dd,,https://videoid-mobile.e-szigno.hu/identification/fd608bd3-0844-4a2f-8d05-2cf8f90282dd,3.8.1 (2809),iOS 26.5.2,26,iPhone 15 Pro Max,"Aug 5, 2026, 10:22:36 PM",handleFlow,0,FaceKom handleFlow,videoId,eSzigno.SelfServicePresenter.Status.finished,PROD Release,downloaded,,,,,,,,,,,,,,
https://console.firebase.google.com/project/webszigno-dev-1532086359290/crashlytics/app/ios:hu.microsec.eszigno.mobile/issues/66ab9689c1addf4cdac8881ddf52eff2?time=1d&versions=3.8.1+%282809%29&types=error&sessionEventKey=b6b286a343f043969d889d592b25111e_2249018400119920644,66ab9689c1addf4cdac8881ddf52eff2,b6b286a343f043969d889d592b25111e_2249018400119920644,,b6b286a343f043969d889d592b25111e,,2249018400119920644,b3b45c86-9ad2-4651-84d5-eb0e49085538,,https://videoid-mobile.e-szigno.hu/identification/b3b45c86-9ad2-4651-84d5-eb0e49085538,3.8.1 (2809),iOS 26.6.0,26,iPhone 16,"Aug 5, 2026, 5:40:01 PM",handleFlow,0,FaceKom handleFlow,videoId,eSzigno.SelfServicePresenter.Status.finished,PROD Release,downloaded,,,,,,,,,,,,,,
https://console.firebase.google.com/project/webszigno-dev-1532086359290/crashlytics/app/ios:hu.microsec.eszigno.mobile/issues/66ab9689c1addf4cdac8881ddf52eff2?time=1d&versions=3.8.1+%282809%29&types=error&sessionEventKey=b7834ac9effb4ccf98ec029727032235_2248969374408786163,66ab9689c1addf4cdac8881ddf52eff2,b7834ac9effb4ccf98ec029727032235_2248969374408786163,,b7834ac9effb4ccf98ec029727032235,,2248969374408786163,e6e25aa6-17b4-4410-8280-76243a2f9f01,,https://videoid-mobile.e-szigno.hu/identification/e6e25aa6-17b4-4410-8280-76243a2f9f01,3.8.1 (2809),iOS 26.6.0,26,iPhone 16,"Aug 5, 2026, 2:29:47 PM",handleFlow,0,FaceKom handleFlow,videoId,eSzigno.SelfServicePresenter.Status.finished,PROD Release,downloaded,,,,,,,,,,,,,,
https://console.firebase.google.com/project/webszigno-dev-1532086359290/crashlytics/app/ios:hu.microsec.eszigno.mobile/issues/66ab9689c1addf4cdac8881ddf52eff2?time=1d&versions=3.8.1+%282809%29&types=error&sessionEventKey=12450dd9b7d94df4a0ad1867fe1875fb_2248924029336261006,66ab9689c1addf4cdac8881ddf52eff2,12450dd9b7d94df4a0ad1867fe1875fb_2248924029336261006,,12450dd9b7d94df4a0ad1867fe1875fb,,2248924029336261006,512dd0f5-f23a-4067-a605-83988b6c3404,,https://videoid-mobile.e-szigno.hu/identification/512dd0f5-f23a-4067-a605-83988b6c3404,3.8.1 (2809),iOS 26.5.2,26,iPhone 17 Pro,"Aug 5, 2026, 11:33:49 AM",handleFlow,0,FaceKom handleFlow,videoId,eSzigno.SelfServicePresenter.Status.finished,PROD Release,downloaded,,,,,,,,,,,,,,
https://console.firebase.google.com/project/webszigno-dev-1532086359290/crashlytics/app/ios:hu.microsec.eszigno.mobile/issues/1782c2128a0148281dace39bf8664159?time=1d&versions=3.8.1+%282809%29&types=error&sessionEventKey=4d6cf022982f47f59ac6233ea0be47fa_2249361175378734076,1782c2128a0148281dace39bf8664159,4d6cf022982f47f59ac6233ea0be47fa_2249361175378734076,,4d6cf022982f47f59ac6233ea0be47fa,,2249361175378734076,,,not available,3.8.1 (2809),iOS 26.5.2,26,iPhone 14 Pro,"Aug 6, 2026, 3:50:10 PM",SelfServiceRuntimeError,30803,hu.microsec.eszigno.mobile.SelfServiceRuntimeError,videoId,eSzigno.SelfServicePresenter.Status.finished,PROD Release,downloaded,Facekom végzett finished státusszal.,,,,,,,,,,,,,
https://console.firebase.google.com/project/webszigno-dev-1532086359290/crashlytics/app/ios:hu.microsec.eszigno.mobile/issues/1782c2128a0148281dace39bf8664159?time=1d&versions=3.8.1+%282809%29&types=error&sessionEventKey=4d6cf022982f47f59ac6233ea0be47fa_2249361175378734075,1782c2128a0148281dace39bf8664159,4d6cf022982f47f59ac6233ea0be47fa_2249361175378734075,,4d6cf022982f47f59ac6233ea0be47fa,,2249361175378734075,8fb5f315-48d3-403b-8db0-abc9e2727169,,https://videoid-mobile.e-szigno.hu/identification/8fb5f315-48d3-403b-8db0-abc9e2727169,3.8.1 (2809),iOS 26.5.2,26,iPhone 14 Pro,"Aug 6, 2026, 3:50:10 PM",SelfServiceRuntimeError,30803,hu.microsec.eszigno.mobile.SelfServiceRuntimeError,videoId,eSzigno.SelfServicePresenter.Status.finished,PROD Release,downloaded,Facekom végzett finished státusszal.,,,,,,,,,,,,,
https://console.firebase.google.com/project/webszigno-dev-1532086359290/crashlytics/app/ios:hu.microsec.eszigno.mobile/issues/1782c2128a0148281dace39bf8664159?time=1d&versions=3.8.1+%282809%29&types=error&sessionEventKey=f979154da1a74754af165f430cdc267b_2249295116449004441,1782c2128a0148281dace39bf8664159,f979154da1a74754af165f430cdc267b_2249295116449004441,,f979154da1a74754af165f430cdc267b,,2249295116449004441,0a7435da-88ab-4e41-8954-2fb1201a8f11,,https://videoid-mobile.e-szigno.hu/identification/0a7435da-88ab-4e41-8954-2fb1201a8f11,3.8.1 (2809),iOS 26.5.2,26,iPhone 15 Pro,"Aug 6, 2026, 11:33:49 AM",SelfServiceRuntimeError,30803,hu.microsec.eszigno.mobile.SelfServiceRuntimeError,Logged in videoId,eSzigno.SelfServicePresenter.Status.finished,PROD Release,downloaded,Facekom végzett finished státusszal.,,,,,,,,,,,,,
https://console.firebase.google.com/project/webszigno-dev-1532086359290/crashlytics/app/ios:hu.microsec.eszigno.mobile/issues/1782c2128a0148281dace39bf8664159?time=1d&versions=3.8.1+%282809%29&types=error&sessionEventKey=f979154da1a74754af165f430cdc267b_2249295116449004440,1782c2128a0148281dace39bf8664159,f979154da1a74754af165f430cdc267b_2249295116449004440,,f979154da1a74754af165f430cdc267b,,2249295116449004440,0a7435da-88ab-4e41-8954-2fb1201a8f11,,https://videoid-mobile.e-szigno.hu/identification/0a7435da-88ab-4e41-8954-2fb1201a8f11,3.8.1 (2809),iOS 26.5.2,26,iPhone 15 Pro,"Aug 6, 2026, 11:33:49 AM",SelfServiceRuntimeError,30803,hu.microsec.eszigno.mobile.SelfServiceRuntimeError,Logged in videoId,eSzigno.SelfServicePresenter.Status.finished,PROD Release,downloaded,Facekom végzett finished státusszal.,,,,,,,,,,,,,
https://console.firebase.google.com/project/webszigno-dev-1532086359290/crashlytics/app/ios:hu.microsec.eszigno.mobile/issues/1782c2128a0148281dace39bf8664159?time=1d&versions=3.8.1+%282809%29&types=error&sessionEventKey=c19a16fc854b460794d3bd1febecee82_2249294722859085815,1782c2128a0148281dace39bf8664159,c19a16fc854b460794d3bd1febecee82_2249294722859085815,,c19a16fc854b460794d3bd1febecee82,,2249294722859085815,adbbf20e-0f8d-4f55-9ca0-43c9b2d7caf0,,https://videoid-mobile.e-szigno.hu/identification/adbbf20e-0f8d-4f55-9ca0-43c9b2d7caf0,3.8.1 (2809),iOS 18.6.2,18,iPhone 12,"Aug 6, 2026, 11:32:18 AM",SelfServiceRuntimeError,30803,hu.microsec.eszigno.mobile.SelfServiceRuntimeError,videoId,eSzigno.SelfServicePresenter.Status.finished,PROD Release,downloaded,Facekom finished with state: finished,,,,,,,,,,,,,
https://console.firebase.google.com/project/webszigno-dev-1532086359290/crashlytics/app/ios:hu.microsec.eszigno.mobile/issues/1782c2128a0148281dace39bf8664159?time=1d&versions=3.8.1+%282809%29&types=error&sessionEventKey=c19a16fc854b460794d3bd1febecee82_2249294722859085814,1782c2128a0148281dace39bf8664159,c19a16fc854b460794d3bd1febecee82_2249294722859085814,,c19a16fc854b460794d3bd1febecee82,,2249294722859085814,adbbf20e-0f8d-4f55-9ca0-43c9b2d7caf0,,https://videoid-mobile.e-szigno.hu/identification/adbbf20e-0f8d-4f55-9ca0-43c9b2d7caf0,3.8.1 (2809),iOS 18.6.2,18,iPhone 12,"Aug 6, 2026, 11:32:18 AM",SelfServiceRuntimeError,30803,hu.microsec.eszigno.mobile.SelfServiceRuntimeError,videoId,eSzigno.SelfServicePresenter.Status.finished,PROD Release,downloaded,Facekom finished with state: finished,,,,,,,,,,,,,
https://console.firebase.google.com/project/webszigno-dev-1532086359290/crashlytics/app/ios:hu.microsec.eszigno.mobile/issues/1782c2128a0148281dace39bf8664159?time=1d&versions=3.8.1+%282809%29&types=error&sessionEventKey=f979154da1a74754af165f430cdc267b_2249294287520316311,1782c2128a0148281dace39bf8664159,f979154da1a74754af165f430cdc267b_2249294287520316311,,f979154da1a74754af165f430cdc267b,,2249294287520316311,0a7435da-88ab-4e41-8954-2fb1201a8f11,,https://videoid-mobile.e-szigno.hu/identification/0a7435da-88ab-4e41-8954-2fb1201a8f11,3.8.1 (2809),iOS 26.5.2,26,iPhone 15 Pro,"Aug 6, 2026, 11:30:36 AM",SelfServiceRuntimeError,30803,hu.microsec.eszigno.mobile.SelfServiceRuntimeError,Logged in videoId,eSzigno.SelfServicePresenter.Status.finished,PROD Release,downloaded,"Facekom végzett aborted(message: Optional(""Ismeretlen hiba történt!"")) státusszal.",,,,,,,,,,,,,
https://console.firebase.google.com/project/webszigno-dev-1532086359290/crashlytics/app/ios:hu.microsec.eszigno.mobile/issues/1782c2128a0148281dace39bf8664159?time=1d&versions=3.8.1+%282809%29&types=error&sessionEventKey=f979154da1a74754af165f430cdc267b_2249294287520316309,1782c2128a0148281dace39bf8664159,f979154da1a74754af165f430cdc267b_2249294287520316309,,f979154da1a74754af165f430cdc267b,,2249294287520316309,0a7435da-88ab-4e41-8954-2fb1201a8f11,,https://videoid-mobile.e-szigno.hu/identification/0a7435da-88ab-4e41-8954-2fb1201a8f11,3.8.1 (2809),iOS 26.5.2,26,iPhone 15 Pro,"Aug 6, 2026, 11:30:36 AM",SelfServiceRuntimeError,30803,hu.microsec.eszigno.mobile.SelfServiceRuntimeError,Logged in videoId,eSzigno.SelfServicePresenter.Status.finished,PROD Release,downloaded,"Facekom végzett aborted(message: Optional(""Ismeretlen hiba történt!"")) státusszal.",,,,,,,,,,,,,
https://console.firebase.google.com/project/webszigno-dev-1532086359290/crashlytics/app/ios:hu.microsec.eszigno.mobile/issues/1782c2128a0148281dace39bf8664159?time=1d&versions=3.8.1+%282809%29&types=error&sessionEventKey=f979154da1a74754af165f430cdc267b_2249293836548750228,1782c2128a0148281dace39bf8664159,f979154da1a74754af165f430cdc267b_2249293836548750228,,f979154da1a74754af165f430cdc267b,,2249293836548750228,0a7435da-88ab-4e41-8954-2fb1201a8f11,,https://videoid-mobile.e-szigno.hu/identification/0a7435da-88ab-4e41-8954-2fb1201a8f11,3.8.1 (2809),iOS 26.5.2,26,iPhone 15 Pro,"Aug 6, 2026, 11:28:51 AM",SelfServiceRuntimeError,30803,hu.microsec.eszigno.mobile.SelfServiceRuntimeError,Logged in videoId,eSzigno.SelfServicePresenter.Status.finished,PROD Release,downloaded,"Facekom végzett aborted(message: Optional(""Ismeretlen hiba történt!"")) státusszal.",,,,,,,,,,,,,
https://console.firebase.google.com/project/webszigno-dev-1532086359290/crashlytics/app/ios:hu.microsec.eszigno.mobile/issues/1782c2128a0148281dace39bf8664159?time=1d&versions=3.8.1+%282809%29&types=error&sessionEventKey=d36df44a2787491c92d5cdd7626d1cb1_2249276414257528654,1782c2128a0148281dace39bf8664159,d36df44a2787491c92d5cdd7626d1cb1_2249276414257528654,,d36df44a2787491c92d5cdd7626d1cb1,,2249276414257528654,cca45c0d-c3ad-4eac-98db-03f4d583bcb2,,https://videoid-mobile.e-szigno.hu/identification/cca45c0d-c3ad-4eac-98db-03f4d583bcb2,3.8.1 (2809),iOS 18.7.7,18,iPhone 15,"Aug 6, 2026, 10:21:15 AM",SelfServiceRuntimeError,30803,hu.microsec.eszigno.mobile.SelfServiceRuntimeError,videoId,eSzigno.SelfServicePresenter.Status.finished,PROD Release,downloaded,Facekom végzett finished státusszal.,,,,,,,,,,,,,
https://console.firebase.google.com/project/webszigno-dev-1532086359290/crashlytics/app/ios:hu.microsec.eszigno.mobile/issues/1782c2128a0148281dace39bf8664159?time=1d&versions=3.8.1+%282809%29&types=error&sessionEventKey=d36df44a2787491c92d5cdd7626d1cb1_2249276414257528653,1782c2128a0148281dace39bf8664159,d36df44a2787491c92d5cdd7626d1cb1_2249276414257528653,,d36df44a2787491c92d5cdd7626d1cb1,,2249276414257528653,cca45c0d-c3ad-4eac-98db-03f4d583bcb2,,https://videoid-mobile.e-szigno.hu/identification/cca45c0d-c3ad-4eac-98db-03f4d583bcb2,3.8.1 (2809),iOS 18.7.7,18,iPhone 15,"Aug 6, 2026, 10:21:15 AM",SelfServiceRuntimeError,30803,hu.microsec.eszigno.mobile.SelfServiceRuntimeError,videoId,eSzigno.SelfServicePresenter.Status.finished,PROD Release,downloaded,Facekom végzett finished státusszal.,,,,,,,,,,,,,
https://console.firebase.google.com/project/webszigno-dev-1532086359290/crashlytics/app/ios:hu.microsec.eszigno.mobile/issues/1782c2128a0148281dace39bf8664159?time=1d&versions=3.8.1+%282809%29&types=error&sessionEventKey=83570d932fa94019bcfe3a633fd50635_2249268001623687736,1782c2128a0148281dace39bf8664159,83570d932fa94019bcfe3a633fd50635_2249268001623687736,,83570d932fa94019bcfe3a633fd50635,,2249268001623687736,15711a97-80dd-4e4e-8723-fec8a3bc3be8,,https://videoid-mobile.e-szigno.hu/identification/15711a97-80dd-4e4e-8723-fec8a3bc3be8,3.8.1 (2809),iOS 18.7.8,18,iPhone 16 Pro,"Aug 6, 2026, 9:48:36 AM",SelfServiceRuntimeError,30803,hu.microsec.eszigno.mobile.SelfServiceRuntimeError,Logged in videoId,eSzigno.SelfServicePresenter.Status.aborted,PROD Release,downloaded,"Facekom végzett aborted(message: Optional(""Ismeretlen hiba történt!"")) státusszal.",,,,,,,,,,,,,
https://console.firebase.google.com/project/webszigno-dev-1532086359290/crashlytics/app/ios:hu.microsec.eszigno.mobile/issues/1782c2128a0148281dace39bf8664159?time=1d&versions=3.8.1+%282809%29&types=error&sessionEventKey=83570d932fa94019bcfe3a633fd50635_2249268001623687734,1782c2128a0148281dace39bf8664159,83570d932fa94019bcfe3a633fd50635_2249268001623687734,,83570d932fa94019bcfe3a633fd50635,,2249268001623687734,15711a97-80dd-4e4e-8723-fec8a3bc3be8,,https://videoid-mobile.e-szigno.hu/identification/15711a97-80dd-4e4e-8723-fec8a3bc3be8,3.8.1 (2809),iOS 18.7.8,18,iPhone 16 Pro,"Aug 6, 2026, 9:48:36 AM",SelfServiceRuntimeError,30803,hu.microsec.eszigno.mobile.SelfServiceRuntimeError,Logged in videoId,eSzigno.SelfServicePresenter.Status.aborted,PROD Release,downloaded,"Facekom végzett aborted(message: Optional(""Ismeretlen hiba történt!"")) státusszal.",,,,,,,,,,,,,
https://console.firebase.google.com/project/webszigno-dev-1532086359290/crashlytics/app/ios:hu.microsec.eszigno.mobile/issues/fc90ac57101d1258a32120e65642f194?time=1d&versions=3.8.1+%282809%29&types=error&sessionEventKey=64dbff01d1e24bd3a778280fdee72080_2249431561465320642,fc90ac57101d1258a32120e65642f194,64dbff01d1e24bd3a778280fdee72080_2249431561465320642,,64dbff01d1e24bd3a778280fdee72080,,2249431561465320642,,,not available,3.8.1 (2809),iOS 26.5.2,26,iPhone 12,"Aug 6, 2026, 8:23:18 PM",stopAndClear,0,FaceKom stopAndClear,Logged out videoId,eSzigno.SelfServicePresenter.Status.aborted,PROD Release,downloaded,,,,,,,,,,,,,,
https://console.firebase.google.com/project/webszigno-dev-1532086359290/crashlytics/app/ios:hu.microsec.eszigno.mobile/issues/fc90ac57101d1258a32120e65642f194?time=1d&versions=3.8.1+%282809%29&types=error&sessionEventKey=64dbff01d1e24bd3a778280fdee72080_2249429830593500351,fc90ac57101d1258a32120e65642f194,64dbff01d1e24bd3a778280fdee72080_2249429830593500351,,64dbff01d1e24bd3a778280fdee72080,,2249429830593500351,39d40323-8f86-4607-9f5d-6bf20f85a797,,https://videoid-mobile.e-szigno.hu/identification/39d40323-8f86-4607-9f5d-6bf20f85a797,3.8.1 (2809),iOS 26.5.2,26,iPhone 12,"Aug 6, 2026, 8:16:35 PM",stopAndClear,0,FaceKom stopAndClear,Logged out videoId,eSzigno.SelfServicePresenter.Status.aborted,PROD Release,downloaded,,,,,,,,,,,,,,
https://console.firebase.google.com/project/webszigno-dev-1532086359290/crashlytics/app/ios:hu.microsec.eszigno.mobile/issues/1782c2128a0148281dace39bf8664159?time=1d&versions=3.8.1+%282809%29&types=error&sessionEventKey=64dbff01d1e24bd3a778280fdee72080_2249431561465320643,1782c2128a0148281dace39bf8664159,64dbff01d1e24bd3a778280fdee72080_2249431561465320643,,64dbff01d1e24bd3a778280fdee72080,,2249431561465320643,,,not available,3.8.1 (2809),iOS 26.5.2,26,iPhone 12,"Aug 6, 2026, 8:23:18 PM",SelfServiceRuntimeError,30803,hu.microsec.eszigno.mobile.SelfServiceRuntimeError,Logged out videoId,eSzigno.SelfServicePresenter.Status.aborted,PROD Release,downloaded,"Facekom végzett aborted(message: Optional(""Ismeretlen hiba történt!"")) státusszal.",,,,,,,,,,,,,
https://console.firebase.google.com/project/webszigno-dev-1532086359290/crashlytics/app/ios:hu.microsec.eszigno.mobile/issues/1782c2128a0148281dace39bf8664159?time=1d&versions=3.8.1+%282809%29&types=error&sessionEventKey=64dbff01d1e24bd3a778280fdee72080_2249431561465320641,1782c2128a0148281dace39bf8664159,64dbff01d1e24bd3a778280fdee72080_2249431561465320641,,64dbff01d1e24bd3a778280fdee72080,,2249431561465320641,39d40323-8f86-4607-9f5d-6bf20f85a797,,https://videoid-mobile.e-szigno.hu/identification/39d40323-8f86-4607-9f5d-6bf20f85a797,3.8.1 (2809),iOS 26.5.2,26,iPhone 12,"Aug 6, 2026, 8:23:18 PM",SelfServiceRuntimeError,30803,hu.microsec.eszigno.mobile.SelfServiceRuntimeError,Logged out videoId,eSzigno.SelfServicePresenter.Status.aborted,PROD Release,downloaded,"Facekom végzett aborted(message: Optional(""Ismeretlen hiba történt!"")) státusszal.",,,,,,,,,,,,,
https://console.firebase.google.com/project/webszigno-dev-1532086359290/crashlytics/app/ios:hu.microsec.eszigno.mobile/issues/1782c2128a0148281dace39bf8664159?time=1d&versions=3.8.1+%282809%29&types=error&sessionEventKey=64dbff01d1e24bd3a778280fdee72080_2249429830593500352,1782c2128a0148281dace39bf8664159,64dbff01d1e24bd3a778280fdee72080_2249429830593500352,,64dbff01d1e24bd3a778280fdee72080,,2249429830593500352,39d40323-8f86-4607-9f5d-6bf20f85a797,,https://videoid-mobile.e-szigno.hu/identification/39d40323-8f86-4607-9f5d-6bf20f85a797,3.8.1 (2809),iOS 26.5.2,26,iPhone 12,"Aug 6, 2026, 8:16:35 PM",SelfServiceRuntimeError,30803,hu.microsec.eszigno.mobile.SelfServiceRuntimeError,Logged out videoId,eSzigno.SelfServicePresenter.Status.aborted,PROD Release,downloaded,"Facekom végzett aborted(message: Optional(""Ismeretlen hiba történt!"")) státusszal.",,,,,,,,,,,,,
https://console.firebase.google.com/project/webszigno-dev-1532086359290/crashlytics/app/ios:hu.microsec.eszigno.mobile/issues/1782c2128a0148281dace39bf8664159?time=1d&versions=3.8.1+%282809%29&types=error&sessionEventKey=64dbff01d1e24bd3a778280fdee72080_2249429830593500350,1782c2128a0148281dace39bf8664159,64dbff01d1e24bd3a778280fdee72080_2249429830593500350,,64dbff01d1e24bd3a778280fdee72080,,2249429830593500350,39d40323-8f86-4607-9f5d-6bf20f85a797,,https://videoid-mobile.e-szigno.hu/identification/39d40323-8f86-4607-9f5d-6bf20f85a797,3.8.1 (2809),iOS 26.5.2,26,iPhone 12,"Aug 6, 2026, 8:16:35 PM",SelfServiceRuntimeError,30803,hu.microsec.eszigno.mobile.SelfServiceRuntimeError,Logged out videoId,eSzigno.SelfServicePresenter.Status.aborted,PROD Release,downloaded,"Facekom végzett aborted(message: Optional(""Ismeretlen hiba történt!"")) státusszal.",,,,,,,,,,,,,
https://console.firebase.google.com/project/webszigno-dev-1532086359290/crashlytics/app/ios:hu.microsec.eszigno.mobile/issues/1782c2128a0148281dace39bf8664159?time=1d&versions=3.8.1+%282809%29&types=error&sessionEventKey=0f6d21f8947449a280c1201a4b5b26ee_2249363615297415587,1782c2128a0148281dace39bf8664159,0f6d21f8947449a280c1201a4b5b26ee_2249363615297415587,,0f6d21f8947449a280c1201a4b5b26ee,,2249363615297415587,46c9838c-a445-4528-8304-25d9b38dad5d,,https://videoid-mobile.e-szigno.hu/identification/46c9838c-a445-4528-8304-25d9b38dad5d,3.8.1 (2809),iOS 26.3.1,26,iPhone 13,"Aug 6, 2026, 3:59:38 PM",SelfServiceRuntimeError,30802,hu.microsec.eszigno.mobile.SelfServiceRuntimeError,videoId,eSzigno.SelfServicePresenter.Status.aborted,PROD Release,downloaded,"FaceKom session háttérbe lépet a: customer-portrait lépésnél, isVideoStep: true, isVideoRecordingStarted: true.",,,,,,,,,,,,,
https://console.firebase.google.com/project/webszigno-dev-1532086359290/crashlytics/app/ios:hu.microsec.eszigno.mobile/issues/1782c2128a0148281dace39bf8664159?time=1d&versions=3.8.1+%282809%29&types=error&sessionEventKey=0f6d21f8947449a280c1201a4b5b26ee_2249363495038331298,1782c2128a0148281dace39bf8664159,0f6d21f8947449a280c1201a4b5b26ee_2249363495038331298,,0f6d21f8947449a280c1201a4b5b26ee,,2249363495038331298,46c9838c-a445-4528-8304-25d9b38dad5d,,https://videoid-mobile.e-szigno.hu/identification/46c9838c-a445-4528-8304-25d9b38dad5d,3.8.1 (2809),iOS 26.3.1,26,iPhone 13,"Aug 6, 2026, 3:59:10 PM",SelfServiceRuntimeError,30803,hu.microsec.eszigno.mobile.SelfServiceRuntimeError,videoId,eSzigno.SelfServicePresenter.Status.aborted,PROD Release,downloaded,"Facekom végzett aborted(message: Optional(""Ismeretlen hiba történt!"")) státusszal.",,,,,,,,,,,,,
https://console.firebase.google.com/project/webszigno-dev-1532086359290/crashlytics/app/ios:hu.microsec.eszigno.mobile/issues/1782c2128a0148281dace39bf8664159?time=1d&versions=3.8.1+%282809%29&types=error&sessionEventKey=0f6d21f8947449a280c1201a4b5b26ee_2249363366189312417,1782c2128a0148281dace39bf8664159,0f6d21f8947449a280c1201a4b5b26ee_2249363366189312417,,0f6d21f8947449a280c1201a4b5b26ee,,2249363366189312417,46c9838c-a445-4528-8304-25d9b38dad5d,,https://videoid-mobile.e-szigno.hu/identification/46c9838c-a445-4528-8304-25d9b38dad5d,3.8.1 (2809),iOS 26.3.1,26,iPhone 13,"Aug 6, 2026, 3:58:40 PM",SelfServiceRuntimeError,30802,hu.microsec.eszigno.mobile.SelfServiceRuntimeError,videoId,eSzigno.SelfServicePresenter.Status.aborted,PROD Release,downloaded,"FaceKom session háttérbe lépet a: customer-portrait lépésnél, isVideoStep: true, isVideoRecordingStarted: true.",,,,,,,,,,,,,
,fc90ac57101d1258a32120e65642f194,,,,,,,,not available,- - -,- - -,,- - -,- - -,stopAndClear,,,,,,not_available,,,,,,,,,,,,,,
,fc90ac57101d1258a32120e65642f194,,,,,,,,not available,- - -,- - -,,- - -,- - -,stopAndClear,,,,,,not_available,,,,,,,,,,,,,,
https://console.firebase.google.com/project/webszigno-dev-1532086359290/crashlytics/app/ios:hu.microsec.eszigno.mobile/issues/66ab9689c1addf4cdac8881ddf52eff2?time=3d&versions=3.8.1+%282809%29&types=error&sessionEventKey=e6ad421b8ad547379825fdb5f36b5e2c_2248986184048901542,66ab9689c1addf4cdac8881ddf52eff2,e6ad421b8ad547379825fdb5f36b5e2c_2248986184048901542,,e6ad421b8ad547379825fdb5f36b5e2c,,2248986184048901542,,,not available,3.8.1 (2809),iOS 26.5.2,26,iPhone 17 Pro,"Aug 5, 2026, 3:35:00 PM",handleFlow,0,FaceKom handleFlow,Logged in videoId,eSzigno.SelfServicePresenter.Status.finished,PROD Release,downloaded,,,,,,,,,,,,,,
https://console.firebase.google.com/project/webszigno-dev-1532086359290/crashlytics/app/ios:hu.microsec.eszigno.mobile/issues/1782c2128a0148281dace39bf8664159?time=3d&versions=3.8.1+%282809%29&types=error&sessionEventKey=e6ad421b8ad547379825fdb5f36b5e2c_2248986175458966949,1782c2128a0148281dace39bf8664159,e6ad421b8ad547379825fdb5f36b5e2c_2248986175458966949,,e6ad421b8ad547379825fdb5f36b5e2c,,2248986175458966949,17445d5a-1f1f-4cec-9fb5-68de792804af,-1785936493,https://videoid-mobile.e-szigno.hu/identification/17445d5a-1f1f-4cec-9fb5-68de792804af-1785936493,3.8.1 (2809),iOS 26.5.2,26,iPhone 17 Pro,"Aug 5, 2026, 3:34:58 PM",SelfServiceRuntimeError,30803,hu.microsec.eszigno.mobile.SelfServiceRuntimeError,Logged in videoId,eSzigno.SelfServicePresenter.Status.finished,PROD Release,downloaded,Facekom végzett finished státusszal.,,,,,,,,,,,,,
https://console.firebase.google.com/project/webszigno-dev-1532086359290/crashlytics/app/ios:hu.microsec.eszigno.mobile/issues/1782c2128a0148281dace39bf8664159?time=3d&versions=3.8.1+%282809%29&types=error&sessionEventKey=e6ad421b8ad547379825fdb5f36b5e2c_2248986175458966948,1782c2128a0148281dace39bf8664159,e6ad421b8ad547379825fdb5f36b5e2c_2248986175458966948,,e6ad421b8ad547379825fdb5f36b5e2c,,2248986175458966948,17445d5a-1f1f-4cec-9fb5-68de792804af,-1785936493,https://videoid-mobile.e-szigno.hu/identification/17445d5a-1f1f-4cec-9fb5-68de792804af-1785936493,3.8.1 (2809),iOS 26.5.2,26,iPhone 17 Pro,"Aug 5, 2026, 3:34:58 PM",SelfServiceRuntimeError,30803,hu.microsec.eszigno.mobile.SelfServiceRuntimeError,Logged in videoId,eSzigno.SelfServicePresenter.Status.finished,PROD Release,downloaded,Facekom végzett finished státusszal.,,,,,,,,,,,,,
https://console.firebase.google.com/project/webszigno-dev-1532086359290/crashlytics/app/ios:hu.microsec.eszigno.mobile/issues/1782c2128a0148281dace39bf8664159?time=3d&versions=3.8.1+%282809%29&types=error&sessionEventKey=98ab2b363f7142559b3ac861ef46764b_2250092662112745177,1782c2128a0148281dace39bf8664159,98ab2b363f7142559b3ac861ef46764b_2250092662112745177,,98ab2b363f7142559b3ac861ef46764b,,2250092662112745177,677b3f0a-1470-4242-b87c-2d9a99271545,,https://videoid-mobile.e-szigno.hu/identification/677b3f0a-1470-4242-b87c-2d9a99271545,3.8.1 (2809),iOS 26.6.0,26,iPhone 13 Pro Max,"Aug 8, 2026, 3:08:42 PM",stopAndClear,30803,hu.microsec.eszigno.mobile.SelfServiceRuntimeError,videoId,eSzigno.SelfServicePresenter.Status.finished,PROD Release,downloaded,Facekom végzett finished státusszal.,,,,,,,,,,,,,
https://console.firebase.google.com/project/webszigno-dev-1532086359290/crashlytics/app/ios:hu.microsec.eszigno.mobile/issues/1782c2128a0148281dace39bf8664159?time=3d&versions=3.8.1+%282809%29&types=error&sessionEventKey=98ab2b363f7142559b3ac861ef46764b_2250092662112745176,1782c2128a0148281dace39bf8664159,98ab2b363f7142559b3ac861ef46764b_2250092662112745176,,98ab2b363f7142559b3ac861ef46764b,,2250092662112745176,677b3f0a-1470-4242-b87c-2d9a99271545,,https://videoid-mobile.e-szigno.hu/identification/677b3f0a-1470-4242-b87c-2d9a99271545,3.8.1 (2809),iOS 26.6.0,26,iPhone 13 Pro Max,"Aug 8, 2026, 3:08:42 PM",stopAndClear,30803,hu.microsec.eszigno.mobile.SelfServiceRuntimeError,videoId,eSzigno.SelfServicePresenter.Status.finished,PROD Release,downloaded,Facekom végzett finished státusszal.,,,,,,,,,,,,,
https://console.firebase.google.com/project/webszigno-dev-1532086359290/crashlytics/app/ios:hu.microsec.eszigno.mobile/issues/1782c2128a0148281dace39bf8664159?time=3d&versions=3.8.1+%282809%29&types=error&sessionEventKey=ec6c2efffe694cefb8e16a265890ef07_2250004451948099017,1782c2128a0148281dace39bf8664159,ec6c2efffe694cefb8e16a265890ef07_2250004451948099017,,ec6c2efffe694cefb8e16a265890ef07,,2250004451948099017,a8913d47-675d-479b-8d44-3597157d3906,,https://videoid-mobile.e-szigno.hu/identification/a8913d47-675d-479b-8d44-3597157d3906,3.8.1 (2809),iOS 26.5.2,26,iPhone 17 Pro,"Aug 8, 2026, 9:26:24 AM",stopAndClear,30803,hu.microsec.eszigno.mobile.SelfServiceRuntimeError,videoId,eSzigno.SelfServicePresenter.Status.finished,PROD Release,downloaded,Facekom végzett finished státusszal.,,,,,,,,,,,,,
https://console.firebase.google.com/project/webszigno-dev-1532086359290/crashlytics/app/ios:hu.microsec.eszigno.mobile/issues/1782c2128a0148281dace39bf8664159?time=3d&versions=3.8.1+%282809%29&types=error&sessionEventKey=ec6c2efffe694cefb8e16a265890ef07_2250004451948099016,1782c2128a0148281dace39bf8664159,ec6c2efffe694cefb8e16a265890ef07_2250004451948099016,,ec6c2efffe694cefb8e16a265890ef07,,2250004451948099016,a8913d47-675d-479b-8d44-3597157d3906,,https://videoid-mobile.e-szigno.hu/identification/a8913d47-675d-479b-8d44-3597157d3906,3.8.1 (2809),iOS 26.5.2,26,iPhone 17 Pro,"Aug 8, 2026, 9:26:24 AM",stopAndClear,30803,hu.microsec.eszigno.mobile.SelfServiceRuntimeError,videoId,eSzigno.SelfServicePresenter.Status.finished,PROD Release,downloaded,Facekom végzett finished státusszal.,,,,,,,,,,,,,
https://console.firebase.google.com/project/webszigno-dev-1532086359290/crashlytics/app/ios:hu.microsec.eszigno.mobile/issues/1782c2128a0148281dace39bf8664159?time=3d&versions=3.8.1+%282809%29&types=error&sessionEventKey=ec6c2efffe694cefb8e16a265890ef07_2250004404703458759,1782c2128a0148281dace39bf8664159,ec6c2efffe694cefb8e16a265890ef07_2250004404703458759,,ec6c2efffe694cefb8e16a265890ef07,,2250004404703458759,a8913d47-675d-479b-8d44-3597157d3906,,https://videoid-mobile.e-szigno.hu/identification/a8913d47-675d-479b-8d44-3597157d3906,3.8.1 (2809),iOS 26.5.2,26,iPhone 17 Pro,"Aug 8, 2026, 9:26:13 AM",stopAndClear,30802,hu.microsec.eszigno.mobile.SelfServiceRuntimeError,videoId,eSzigno.SelfServicePresenter.Status.finished,PROD Release,downloaded,"FaceKom session háttérbe lépet a: 2-factor lépésnél, isVideoStep: false, isVideoRecordingStarted: false.",,,,,,,,,,,,,
https://console.firebase.google.com/project/webszigno-dev-1532086359290/crashlytics/app/ios:hu.microsec.eszigno.mobile/issues/1782c2128a0148281dace39bf8664159?time=3d&versions=3.8.1+%282809%29&types=error&sessionEventKey=14ebda5918b7492db6be9a0322799deb_2249825724494873718,1782c2128a0148281dace39bf8664159,14ebda5918b7492db6be9a0322799deb_2249825724494873718,,14ebda5918b7492db6be9a0322799deb,,2249825724494873718,aa2a8c3c-d42f-4d51-999c-0bab3537b42e,-1785394278,https://videoid-mobile.e-szigno.hu/identification/aa2a8c3c-d42f-4d51-999c-0bab3537b42e-1785394278,3.8.1 (2809),iOS 18.7.8,18,iPhone 16 Pro,"Aug 7, 2026, 9:52:51 PM",stopAndClear,30803,hu.microsec.eszigno.mobile.SelfServiceRuntimeError,Logged out videoId,eSzigno.SelfServicePresenter.Status.aborted,PROD Release,downloaded,"Facekom végzett aborted(message: Optional(""Ismeretlen hiba történt!"")) státusszal.",,,,,,,,,,,,,
https://console.firebase.google.com/project/webszigno-dev-1532086359290/crashlytics/app/ios:hu.microsec.eszigno.mobile/issues/1782c2128a0148281dace39bf8664159?time=3d&versions=3.8.1+%282809%29&types=error&sessionEventKey=14ebda5918b7492db6be9a0322799deb_2249825724494873716,1782c2128a0148281dace39bf8664159,14ebda5918b7492db6be9a0322799deb_2249825724494873716,,14ebda5918b7492db6be9a0322799deb,,2249825724494873716,aa2a8c3c-d42f-4d51-999c-0bab3537b42e,-1785394278,https://videoid-mobile.e-szigno.hu/identification/aa2a8c3c-d42f-4d51-999c-0bab3537b42e-1785394278,3.8.1 (2809),iOS 18.7.8,18,iPhone 16 Pro,"Aug 7, 2026, 9:52:51 PM",stopAndClear,30803,hu.microsec.eszigno.mobile.SelfServiceRuntimeError,Logged out videoId,eSzigno.SelfServicePresenter.Status.aborted,PROD Release,downloaded,"Facekom végzett aborted(message: Optional(""Ismeretlen hiba történt!"")) státusszal.",,,,,,,,,,,,,
https://console.firebase.google.com/project/webszigno-dev-1532086359290/crashlytics/app/ios:hu.microsec.eszigno.mobile/issues/1782c2128a0148281dace39bf8664159?time=3d&versions=3.8.1+%282809%29&types=error&sessionEventKey=14ebda5918b7492db6be9a0322799deb_2249825724494873715,1782c2128a0148281dace39bf8664159,14ebda5918b7492db6be9a0322799deb_2249825724494873715,,14ebda5918b7492db6be9a0322799deb,,2249825724494873715,aa2a8c3c-d42f-4d51-999c-0bab3537b42e,-1785394278,https://videoid-mobile.e-szigno.hu/identification/aa2a8c3c-d42f-4d51-999c-0bab3537b42e-1785394278,3.8.1 (2809),iOS 18.7.8,18,iPhone 16 Pro,"Aug 7, 2026, 9:52:51 PM",stopAndClear,30802,hu.microsec.eszigno.mobile.SelfServiceRuntimeError,Logged out videoId,eSzigno.SelfServicePresenter.Status.aborted,PROD Release,downloaded,"FaceKom session háttérbe lépet a: id-back-video lépésnél, isVideoStep: true, isVideoRecordingStarted: true.",,,,,,,,,,,,,
https://console.firebase.google.com/project/webszigno-dev-1532086359290/crashlytics/app/ios:hu.microsec.eszigno.mobile/issues/1782c2128a0148281dace39bf8664159?time=3d&versions=3.8.1+%282809%29&types=error&sessionEventKey=29805e6512bc4a95b6d09b40365982a7_2249754175040567178,1782c2128a0148281dace39bf8664159,29805e6512bc4a95b6d09b40365982a7_2249754175040567178,,29805e6512bc4a95b6d09b40365982a7,,2249754175040567178,,,not available,3.8.1 (2809),iOS 26.5.2,26,iPhone 16,"Aug 7, 2026, 5:15:12 PM",stopAndClear,30803,hu.microsec.eszigno.mobile.SelfServiceRuntimeError,Logged in videoId,eSzigno.SelfServicePresenter.Status.finished,PROD Release,not_available,Facekom végzett finished státusszal.,,,,,,,,,,,,,
https://console.firebase.google.com/project/webszigno-dev-1532086359290/crashlytics/app/ios:hu.microsec.eszigno.mobile/issues/1782c2128a0148281dace39bf8664159?time=3d&versions=3.8.1+%282809%29&types=error&sessionEventKey=29805e6512bc4a95b6d09b40365982a7_2249754175040567177,1782c2128a0148281dace39bf8664159,29805e6512bc4a95b6d09b40365982a7_2249754175040567177,,29805e6512bc4a95b6d09b40365982a7,,2249754175040567177,,,not available,3.8.1 (2809),iOS 26.5.2,26,iPhone 16,"Aug 7, 2026, 5:15:12 PM",stopAndClear,30803,hu.microsec.eszigno.mobile.SelfServiceRuntimeError,Logged in videoId,eSzigno.SelfServicePresenter.Status.finished,PROD Release,not_available,Facekom végzett finished státusszal.,,,,,,,,,,,,,
https://console.firebase.google.com/project/webszigno-dev-1532086359290/crashlytics/app/ios:hu.microsec.eszigno.mobile/issues/1782c2128a0148281dace39bf8664159?time=3d&versions=3.8.1+%282809%29&types=error&sessionEventKey=f22c6c81285948e5b0d3e1b45ea0cd5d_2249746293432516697,1782c2128a0148281dace39bf8664159,f22c6c81285948e5b0d3e1b45ea0cd5d_2249746293432516697,,f22c6c81285948e5b0d3e1b45ea0cd5d,,2249746293432516697,,,not available,3.8.1 (2809),iOS 26.5.2,26,iPhone 17 Pro Max,"Aug 7, 2026, 4:44:37 PM",stopAndClear,30803,hu.microsec.eszigno.mobile.SelfServiceRuntimeError,videoId,eSzigno.SelfServicePresenter.Status.finished,PROD Release,downloaded,Facekom végzett finished státusszal.,,,,,,,,,,,,,
https://console.firebase.google.com/project/webszigno-dev-1532086359290/crashlytics/app/ios:hu.microsec.eszigno.mobile/issues/1782c2128a0148281dace39bf8664159?time=3d&versions=3.8.1+%282809%29&types=error&sessionEventKey=f22c6c81285948e5b0d3e1b45ea0cd5d_2249746293432516696,1782c2128a0148281dace39bf8664159,f22c6c81285948e5b0d3e1b45ea0cd5d_2249746293432516696,,f22c6c81285948e5b0d3e1b45ea0cd5d,,2249746293432516696,47fd0392-ad67-411d-a815-2a12bc4610dc,,https://videoid-mobile.e-szigno.hu/identification/47fd0392-ad67-411d-a815-2a12bc4610dc,3.8.1 (2809),iOS 26.5.2,26,iPhone 17 Pro Max,"Aug 7, 2026, 4:44:37 PM",stopAndClear,30803,hu.microsec.eszigno.mobile.SelfServiceRuntimeError,videoId,eSzigno.SelfServicePresenter.Status.finished,PROD Release,downloaded,Facekom végzett finished státusszal.,,,,,,,,,,,,,
https://console.firebase.google.com/project/webszigno-dev-1532086359290/crashlytics/app/ios:hu.microsec.eszigno.mobile/issues/1782c2128a0148281dace39bf8664159?time=3d&versions=3.8.1+%282809%29&types=error&sessionEventKey=fce5ff5589d844eeba8c642fd5f7e175_2249739491401281620,1782c2128a0148281dace39bf8664159,fce5ff5589d844eeba8c642fd5f7e175_2249739491401281620,,fce5ff5589d844eeba8c642fd5f7e175,,2249739491401281620,0d6f6ddb-5725-475f-be17-49172e6e6fce,,https://videoid-mobile.e-szigno.hu/identification/0d6f6ddb-5725-475f-be17-49172e6e6fce,3.8.1 (2809),iOS 26.5.2,26,iPhone 17 Pro,"Aug 7, 2026, 4:18:13 PM",stopAndClear,30803,hu.microsec.eszigno.mobile.SelfServiceRuntimeError,videoId,eSzigno.SelfServicePresenter.Status.finished,PROD Release,downloaded,Facekom végzett finished státusszal.,,,,,,,,,,,,,
https://console.firebase.google.com/project/webszigno-dev-1532086359290/crashlytics/app/ios:hu.microsec.eszigno.mobile/issues/1782c2128a0148281dace39bf8664159?time=3d&versions=3.8.1+%282809%29&types=error&sessionEventKey=fce5ff5589d844eeba8c642fd5f7e175_2249739491401281619,1782c2128a0148281dace39bf8664159,fce5ff5589d844eeba8c642fd5f7e175_2249739491401281619,,fce5ff5589d844eeba8c642fd5f7e175,,2249739491401281619,,,not available,3.8.1 (2809),iOS 26.5.2,26,iPhone 17 Pro,"Aug 7, 2026, 4:18:13 PM",stopAndClear,30803,hu.microsec.eszigno.mobile.SelfServiceRuntimeError,videoId,eSzigno.SelfServicePresenter.Status.finished,PROD Release,downloaded,Facekom végzett finished státusszal.,,,,,,,,,,,,,
https://console.firebase.google.com/project/webszigno-dev-1532086359290/crashlytics/app/ios:hu.microsec.eszigno.mobile/issues/1782c2128a0148281dace39bf8664159?time=3d&versions=3.8.1+%282809%29&types=error&sessionEventKey=fce5ff5589d844eeba8c642fd5f7e175_2249739444156641362,1782c2128a0148281dace39bf8664159,fce5ff5589d844eeba8c642fd5f7e175_2249739444156641362,,fce5ff5589d844eeba8c642fd5f7e175,,2249739444156641362,,,not available,3.8.1 (2809),iOS 26.5.2,26,iPhone 17 Pro,"Aug 7, 2026, 4:18:02 PM",stopAndClear,30802,hu.microsec.eszigno.mobile.SelfServiceRuntimeError,videoId,eSzigno.SelfServicePresenter.Status.finished,PROD Release,downloaded,"FaceKom session háttérbe lépet a: 2-factor lépésnél, isVideoStep: false, isVideoRecordingStarted: false.",,,,,,,,,,,,,
https://console.firebase.google.com/project/webszigno-dev-1532086359290/crashlytics/app/ios:hu.microsec.eszigno.mobile/issues/1782c2128a0148281dace39bf8664159?time=3d&versions=3.8.1+%282809%29&types=error&sessionEventKey=ae944c8cd12a4d0996d9ffee59b632a9_2249730071310440734,1782c2128a0148281dace39bf8664159,ae944c8cd12a4d0996d9ffee59b632a9_2249730071310440734,,ae944c8cd12a4d0996d9ffee59b632a9,,2249730071310440734,d0e6b0ec-4d1d-4580-b6fc-6bd7978963da,,https://videoid-mobile.e-szigno.hu/identification/d0e6b0ec-4d1d-4580-b6fc-6bd7978963da,3.8.1 (2809),iOS 26.6.0,26,iPhone 15 Pro,"Aug 7, 2026, 3:41:40 PM",stopAndClear,30803,hu.microsec.eszigno.mobile.SelfServiceRuntimeError,videoId,eSzigno.SelfServicePresenter.Status.aborted,PROD Release,downloaded,"Facekom finished with state: aborted(message: Optional(""Unexpected error""))",,,,,,,,,,,,,
https://console.firebase.google.com/project/webszigno-dev-1532086359290/crashlytics/app/ios:hu.microsec.eszigno.mobile/issues/1782c2128a0148281dace39bf8664159?time=3d&versions=3.8.1+%282809%29&types=error&sessionEventKey=ae944c8cd12a4d0996d9ffee59b632a9_2249730067015473437,1782c2128a0148281dace39bf8664159,ae944c8cd12a4d0996d9ffee59b632a9_2249730067015473437,,ae944c8cd12a4d0996d9ffee59b632a9,,2249730067015473437,d0e6b0ec-4d1d-4580-b6fc-6bd7978963da,,https://videoid-mobile.e-szigno.hu/identification/d0e6b0ec-4d1d-4580-b6fc-6bd7978963da,3.8.1 (2809),iOS 26.6.0,26,iPhone 15 Pro,"Aug 7, 2026, 3:41:39 PM",stopAndClear,30802,hu.microsec.eszigno.mobile.SelfServiceRuntimeError,videoId,eSzigno.SelfServicePresenter.Status.aborted,PROD Release,downloaded,"FaceKom session did enter background at step: customer-portrait, isVideoStep: true, isVideoRecordingStarted: true.",,,,,,,,,,,,,
https://console.firebase.google.com/project/webszigno-dev-1532086359290/crashlytics/app/ios:hu.microsec.eszigno.mobile/issues/1782c2128a0148281dace39bf8664159?time=3d&versions=3.8.1+%282809%29&types=error&sessionEventKey=98f4c001c8804fb3b22d28750a7398b9_2249720993105017463,1782c2128a0148281dace39bf8664159,98f4c001c8804fb3b22d28750a7398b9_2249720993105017463,,98f4c001c8804fb3b22d28750a7398b9,,2249720993105017463,97e303a3-e0d3-4c40-9000-fb2cb48ba3c4,,https://videoid-mobile.e-szigno.hu/identification/97e303a3-e0d3-4c40-9000-fb2cb48ba3c4,3.8.1 (2809),iOS 26.6.0,26,iPhone 16,"Aug 7, 2026, 3:06:26 PM",stopAndClear,30803,hu.microsec.eszigno.mobile.SelfServiceRuntimeError,Logged out videoId,eSzigno.SelfServicePresenter.Status.finished,PROD Release,downloaded,Facekom végzett finished státusszal.,,,,,,,,,,,,,
https://console.firebase.google.com/project/webszigno-dev-1532086359290/crashlytics/app/ios:hu.microsec.eszigno.mobile/issues/1782c2128a0148281dace39bf8664159?time=3d&versions=3.8.1+%282809%29&types=error&sessionEventKey=98f4c001c8804fb3b22d28750a7398b9_2249720993105017462,1782c2128a0148281dace39bf8664159,98f4c001c8804fb3b22d28750a7398b9_2249720993105017462,,98f4c001c8804fb3b22d28750a7398b9,,2249720993105017462,97e303a3-e0d3-4c40-9000-fb2cb48ba3c4,,https://videoid-mobile.e-szigno.hu/identification/97e303a3-e0d3-4c40-9000-fb2cb48ba3c4,3.8.1 (2809),iOS 26.6.0,26,iPhone 16,"Aug 7, 2026, 3:06:26 PM",stopAndClear,30803,hu.microsec.eszigno.mobile.SelfServiceRuntimeError,Logged out videoId,eSzigno.SelfServicePresenter.Status.finished,PROD Release,downloaded,Facekom végzett finished státusszal.,,,,,,,,,,,,,
https://console.firebase.google.com/project/webszigno-dev-1532086359290/crashlytics/app/ios:hu.microsec.eszigno.mobile/issues/1782c2128a0148281dace39bf8664159?time=3d&versions=3.8.1+%282809%29&types=error&sessionEventKey=98f4c001c8804fb3b22d28750a7398b9_2249720864255998581,1782c2128a0148281dace39bf8664159,98f4c001c8804fb3b22d28750a7398b9_2249720864255998581,,98f4c001c8804fb3b22d28750a7398b9,,2249720864255998581,97e303a3-e0d3-4c40-9000-fb2cb48ba3c4,,https://videoid-mobile.e-szigno.hu/identification/97e303a3-e0d3-4c40-9000-fb2cb48ba3c4,3.8.1 (2809),iOS 26.6.0,26,iPhone 16,"Aug 7, 2026, 3:05:56 PM",stopAndClear,30802,hu.microsec.eszigno.mobile.SelfServiceRuntimeError,Logged out videoId,eSzigno.SelfServicePresenter.Status.finished,PROD Release,downloaded,"FaceKom session háttérbe lépet a: 2-factor lépésnél, isVideoStep: false, isVideoRecordingStarted: false.",,,,,,,,,,,,,
https://console.firebase.google.com/project/webszigno-dev-1532086359290/crashlytics/app/ios:hu.microsec.eszigno.mobile/issues/1782c2128a0148281dace39bf8664159?time=3d&versions=3.8.1+%282809%29&types=error&sessionEventKey=98f4c001c8804fb3b22d28750a7398b9_2249720825601292916,1782c2128a0148281dace39bf8664159,98f4c001c8804fb3b22d28750a7398b9_2249720825601292916,,98f4c001c8804fb3b22d28750a7398b9,,2249720825601292916,,,not available,3.8.1 (2809),iOS 26.6.0,26,iPhone 16,"Aug 7, 2026, 3:05:47 PM",stopAndClear,30802,hu.microsec.eszigno.mobile.SelfServiceRuntimeError,Logged out videoId,eSzigno.SelfServicePresenter.Status.finished,PROD Release,downloaded,"FaceKom session háttérbe lépet a: 2-factor lépésnél, isVideoStep: false, isVideoRecordingStarted: false.",,,,,,,,,,,,,
https://console.firebase.google.com/project/webszigno-dev-1532086359290/crashlytics/app/ios:hu.microsec.eszigno.mobile/issues/1782c2128a0148281dace39bf8664159?time=3d&versions=3.8.1+%282809%29&types=error&sessionEventKey=98f4c001c8804fb3b22d28750a7398b9_2249719661665155699,1782c2128a0148281dace39bf8664159,98f4c001c8804fb3b22d28750a7398b9_2249719661665155699,,98f4c001c8804fb3b22d28750a7398b9,,2249719661665155699,,,not available,3.8.1 (2809),iOS 26.6.0,26,iPhone 16,"Aug 7, 2026, 3:01:16 PM",stopAndClear,30803,hu.microsec.eszigno.mobile.SelfServiceRuntimeError,Logged out videoId,eSzigno.SelfServicePresenter.Status.finished,PROD Release,downloaded,"Facekom végzett aborted(message: Optional(""Ismeretlen hiba történt!"")) státusszal.",,,,,,,,,,,,,
https://console.firebase.google.com/project/webszigno-dev-1532086359290/crashlytics/app/ios:hu.microsec.eszigno.mobile/issues/1782c2128a0148281dace39bf8664159?time=3d&versions=3.8.1+%282809%29&types=error&sessionEventKey=98f4c001c8804fb3b22d28750a7398b9_2249719661665155697,1782c2128a0148281dace39bf8664159,98f4c001c8804fb3b22d28750a7398b9_2249719661665155697,,98f4c001c8804fb3b22d28750a7398b9,,2249719661665155697,,,not available,3.8.1 (2809),iOS 26.6.0,26,iPhone 16,"Aug 7, 2026, 3:01:16 PM",stopAndClear,30803,hu.microsec.eszigno.mobile.SelfServiceRuntimeError,Logged out videoId,eSzigno.SelfServicePresenter.Status.finished,PROD Release,downloaded,"Facekom végzett aborted(message: Optional(""Ismeretlen hiba történt!"")) státusszal.",,,,,,,,,,,,,
https://console.firebase.google.com/project/webszigno-dev-1532086359290/crashlytics/app/ios:hu.microsec.eszigno.mobile/issues/1782c2128a0148281dace39bf8664159?time=3d&versions=3.8.1+%282809%29&types=error&sessionEventKey=8b388132528a48a6827ea44115e281f0_2249698710238318058,1782c2128a0148281dace39bf8664159,8b388132528a48a6827ea44115e281f0_2249698710238318058,,8b388132528a48a6827ea44115e281f0,,2249698710238318058,,,not available,3.8.1 (2809),iOS 26.2.0,26,iPhone 16,"Aug 7, 2026, 1:39:58 PM",stopAndClear,30803,hu.microsec.eszigno.mobile.SelfServiceRuntimeError,videoId,eSzigno.SelfServicePresenter.Status.finished,PROD Release,downloaded,Facekom végzett finished státusszal.,,,,,,,,,,,,,
https://console.firebase.google.com/project/webszigno-dev-1532086359290/crashlytics/app/ios:hu.microsec.eszigno.mobile/issues/1782c2128a0148281dace39bf8664159?time=3d&versions=3.8.1+%282809%29&types=error&sessionEventKey=8b388132528a48a6827ea44115e281f0_2249698710238318057,1782c2128a0148281dace39bf8664159,8b388132528a48a6827ea44115e281f0_2249698710238318057,,8b388132528a48a6827ea44115e281f0,,2249698710238318057,,,not available,3.8.1 (2809),iOS 26.2.0,26,iPhone 16,"Aug 7, 2026, 1:39:58 PM",stopAndClear,30803,hu.microsec.eszigno.mobile.SelfServiceRuntimeError,videoId,eSzigno.SelfServicePresenter.Status.finished,PROD Release,downloaded,Facekom végzett finished státusszal.,,,,,,,,,,,,,
https://console.firebase.google.com/project/webszigno-dev-1532086359290/crashlytics/app/ios:hu.microsec.eszigno.mobile/issues/1782c2128a0148281dace39bf8664159?time=3d&versions=3.8.1+%282809%29&types=error&sessionEventKey=be45833040b24fb09daf789262bae367_2249690087907861819,1782c2128a0148281dace39bf8664159,be45833040b24fb09daf789262bae367_2249690087907861819,,be45833040b24fb09daf789262bae367,,2249690087907861819,9b9b7c45-52da-44e2-aa24-bd6712998929,,https://videoid-mobile.e-szigno.hu/identification/9b9b7c45-52da-44e2-aa24-bd6712998929,3.8.1 (2809),iOS 26.5.2,26,iPhone 15 Pro,"Aug 7, 2026, 1:06:31 PM",stopAndClear,30803,hu.microsec.eszigno.mobile.SelfServiceRuntimeError,videoId,eSzigno.SelfServicePresenter.Status.finished,PROD Release,downloaded,Facekom végzett finished státusszal.,,,,,,,,,,,,,
https://console.firebase.google.com/project/webszigno-dev-1532086359290/crashlytics/app/ios:hu.microsec.eszigno.mobile/issues/1782c2128a0148281dace39bf8664159?time=3d&versions=3.8.1+%282809%29&types=error&sessionEventKey=be45833040b24fb09daf789262bae367_2249690087907861818,1782c2128a0148281dace39bf8664159,be45833040b24fb09daf789262bae367_2249690087907861818,,be45833040b24fb09daf789262bae367,,2249690087907861818,,,not available,3.8.1 (2809),iOS 26.5.2,26,iPhone 15 Pro,"Aug 7, 2026, 1:06:31 PM",stopAndClear,30803,hu.microsec.eszigno.mobile.SelfServiceRuntimeError,videoId,eSzigno.SelfServicePresenter.Status.finished,PROD Release,downloaded,Facekom végzett finished státusszal.,,,,,,,,,,,,,
https://console.firebase.google.com/project/webszigno-dev-1532086359290/crashlytics/app/ios:hu.microsec.eszigno.mobile/issues/1782c2128a0148281dace39bf8664159?time=3d&versions=3.8.1+%282809%29&types=error&sessionEventKey=be45833040b24fb09daf789262bae367_2249689233209369913,1782c2128a0148281dace39bf8664159,be45833040b24fb09daf789262bae367_2249689233209369913,,be45833040b24fb09daf789262bae367,,2249689233209369913,,,not available,3.8.1 (2809),iOS 26.5.2,26,iPhone 15 Pro,"Aug 7, 2026, 1:03:12 PM",stopAndClear,30803,hu.microsec.eszigno.mobile.SelfServiceRuntimeError,videoId,eSzigno.SelfServicePresenter.Status.finished,PROD Release,downloaded,"Facekom végzett aborted(message: Optional(""Ismeretlen hiba történt!"")) státusszal.",,,,,,,,,,,,,
https://console.firebase.google.com/project/webszigno-dev-1532086359290/crashlytics/app/ios:hu.microsec.eszigno.mobile/issues/1782c2128a0148281dace39bf8664159?time=3d&versions=3.8.1+%282809%29&types=error&sessionEventKey=be45833040b24fb09daf789262bae367_2249689233209369911,1782c2128a0148281dace39bf8664159,be45833040b24fb09daf789262bae367_2249689233209369911,,be45833040b24fb09daf789262bae367,,2249689233209369911,,,not available,3.8.1 (2809),iOS 26.5.2,26,iPhone 15 Pro,"Aug 7, 2026, 1:03:12 PM",stopAndClear,30803,hu.microsec.eszigno.mobile.SelfServiceRuntimeError,videoId,eSzigno.SelfServicePresenter.Status.finished,PROD Release,downloaded,"Facekom végzett aborted(message: Optional(""Ismeretlen hiba történt!"")) státusszal.",,,,,,,,,,,,,
https://console.firebase.google.com/project/webszigno-dev-1532086359290/crashlytics/app/ios:hu.microsec.eszigno.mobile/issues/1782c2128a0148281dace39bf8664159?time=3d&versions=3.8.1+%282809%29&types=error&sessionEventKey=be45833040b24fb09daf789262bae367_2249689228914402614,1782c2128a0148281dace39bf8664159,be45833040b24fb09daf789262bae367_2249689228914402614,,be45833040b24fb09daf789262bae367,,2249689228914402614,,,not available,3.8.1 (2809),iOS 26.5.2,26,iPhone 15 Pro,"Aug 7, 2026, 1:03:11 PM",stopAndClear,30802,hu.microsec.eszigno.mobile.SelfServiceRuntimeError,videoId,eSzigno.SelfServicePresenter.Status.finished,PROD Release,downloaded,"FaceKom session háttérbe lépet a: voice-liveness-check lépésnél, isVideoStep: true, isVideoRecordingStarted: true.",,,,,,,,,,,,,
https://console.firebase.google.com/project/webszigno-dev-1532086359290/crashlytics/app/ios:hu.microsec.eszigno.mobile/issues/1782c2128a0148281dace39bf8664159?time=3d&versions=3.8.1+%282809%29&types=error&sessionEventKey=e8299ec2930844cd94dbfd4fea0c8ba1_2249688698416512733,1782c2128a0148281dace39bf8664159,e8299ec2930844cd94dbfd4fea0c8ba1_2249688698416512733,,e8299ec2930844cd94dbfd4fea0c8ba1,,2249688698416512733,,,not available,3.8.1 (2809),iOS 26.5.2,26,iPhone 16,"Aug 7, 2026, 1:01:07 PM",stopAndClear,30803,hu.microsec.eszigno.mobile.SelfServiceRuntimeError,Logged in videoId,eSzigno.SelfServicePresenter.Status.finished,PROD Release,downloaded,Facekom végzett finished státusszal.,,,,,,,,,,,,,
https://console.firebase.google.com/project/webszigno-dev-1532086359290/crashlytics/app/ios:hu.microsec.eszigno.mobile/issues/1782c2128a0148281dace39bf8664159?time=3d&versions=3.8.1+%282809%29&types=error&sessionEventKey=e8299ec2930844cd94dbfd4fea0c8ba1_2249688698416512732,1782c2128a0148281dace39bf8664159,e8299ec2930844cd94dbfd4fea0c8ba1_2249688698416512732,,e8299ec2930844cd94dbfd4fea0c8ba1,,2249688698416512732,86b72fe2-e554-4b10-8414-17211b34d538,,https://videoid-mobile.e-szigno.hu/identification/86b72fe2-e554-4b10-8414-17211b34d538,3.8.1 (2809),iOS 26.5.2,26,iPhone 16,"Aug 7, 2026, 1:01:07 PM",stopAndClear,30803,hu.microsec.eszigno.mobile.SelfServiceRuntimeError,Logged in videoId,eSzigno.SelfServicePresenter.Status.finished,PROD Release,downloaded,Facekom végzett finished státusszal.,,,,,,,,,,,,,
https://console.firebase.google.com/project/webszigno-dev-1532086359290/crashlytics/app/ios:hu.microsec.eszigno.mobile/issues/1782c2128a0148281dace39bf8664159?time=3d&versions=3.8.1+%282809%29&types=error&sessionEventKey=7645030424f04c659a330c1caadf686e_2249684391375434986,1782c2128a0148281dace39bf8664159,7645030424f04c659a330c1caadf686e_2249684391375434986,,7645030424f04c659a330c1caadf686e,,2249684391375434986,,,not available,3.8.1 (2809),iOS 26.5.2,26,iPhone 14 Pro,"Aug 7, 2026, 12:44:24 PM",stopAndClear,30803,hu.microsec.eszigno.mobile.SelfServiceRuntimeError,videoId,eSzigno.SelfServicePresenter.Status.finished,PROD Release,downloaded,Facekom végzett finished státusszal.,,,,,,,,,,,,,
https://console.firebase.google.com/project/webszigno-dev-1532086359290/crashlytics/app/ios:hu.microsec.eszigno.mobile/issues/1782c2128a0148281dace39bf8664159?time=3d&versions=3.8.1+%282809%29&types=error&sessionEventKey=7645030424f04c659a330c1caadf686e_2249684391375434985,1782c2128a0148281dace39bf8664159,7645030424f04c659a330c1caadf686e_2249684391375434985,,7645030424f04c659a330c1caadf686e,,2249684391375434985,,,not available,3.8.1 (2809),iOS 26.5.2,26,iPhone 14 Pro,"Aug 7, 2026, 12:44:24 PM",stopAndClear,30803,hu.microsec.eszigno.mobile.SelfServiceRuntimeError,videoId,eSzigno.SelfServicePresenter.Status.finished,PROD Release,downloaded,Facekom végzett finished státusszal.,,,,,,,,,,,,,
https://console.firebase.google.com/project/webszigno-dev-1532086359290/crashlytics/app/ios:hu.microsec.eszigno.mobile/issues/1782c2128a0148281dace39bf8664159?time=3d&versions=3.8.1+%282809%29&types=error&sessionEventKey=7645030424f04c659a330c1caadf686e_2249683970468639976,1782c2128a0148281dace39bf8664159,7645030424f04c659a330c1caadf686e_2249683970468639976,,7645030424f04c659a330c1caadf686e,,2249683970468639976,2ab4078a-0427-4fc6-8db5-ebd9a79fd6b1,,https://videoid-mobile.e-szigno.hu/identification/2ab4078a-0427-4fc6-8db5-ebd9a79fd6b1,3.8.1 (2809),iOS 26.5.2,26,iPhone 14 Pro,"Aug 7, 2026, 12:42:46 PM",stopAndClear,30802,hu.microsec.eszigno.mobile.SelfServiceRuntimeError,videoId,eSzigno.SelfServicePresenter.Status.finished,PROD Release,downloaded,"FaceKom session háttérbe lépet a: id-back lépésnél, isVideoStep: false, isVideoRecordingStarted: false.",,,,,,,,,,,,,
https://console.firebase.google.com/project/webszigno-dev-1532086359290/crashlytics/app/ios:hu.microsec.eszigno.mobile/issues/1782c2128a0148281dace39bf8664159?time=3d&versions=3.8.1+%282809%29&types=error&sessionEventKey=ce00687582df446ca7472f275c55c7b5_2249659885434886179,1782c2128a0148281dace39bf8664159,ce00687582df446ca7472f275c55c7b5_2249659885434886179,,ce00687582df446ca7472f275c55c7b5,,2249659885434886179,,,not available,3.8.1 (2809),iOS 26.5.2,26,iPhone 12 Mini,"Aug 7, 2026, 11:09:19 AM",stopAndClear,30803,hu.microsec.eszigno.mobile.SelfServiceRuntimeError,videoId,eSzigno.SelfServicePresenter.Status.finished,PROD Release,downloaded,Facekom végzett finished státusszal.,,,,,,,,,,,,,
https://console.firebase.google.com/project/webszigno-dev-1532086359290/crashlytics/app/ios:hu.microsec.eszigno.mobile/issues/1782c2128a0148281dace39bf8664159?time=3d&versions=3.8.1+%282809%29&types=error&sessionEventKey=ce00687582df446ca7472f275c55c7b5_2249659885434886178,1782c2128a0148281dace39bf8664159,ce00687582df446ca7472f275c55c7b5_2249659885434886178,,ce00687582df446ca7472f275c55c7b5,,2249659885434886178,,,not available,3.8.1 (2809),iOS 26.5.2,26,iPhone 12 Mini,"Aug 7, 2026, 11:09:19 AM",stopAndClear,30803,hu.microsec.eszigno.mobile.SelfServiceRuntimeError,videoId,eSzigno.SelfServicePresenter.Status.finished,PROD Release,downloaded,Facekom végzett finished státusszal.,,,,,,,,,,,,,
https://console.firebase.google.com/project/webszigno-dev-1532086359290/crashlytics/app/ios:hu.microsec.eszigno.mobile/issues/1782c2128a0148281dace39bf8664159?time=3d&versions=3.8.1+%282809%29&types=error&sessionEventKey=ce00687582df446ca7472f275c55c7b5_2249659133815609377,1782c2128a0148281dace39bf8664159,ce00687582df446ca7472f275c55c7b5_2249659133815609377,,ce00687582df446ca7472f275c55c7b5,,2249659133815609377,0fb52bde-117f-45f3-9c76-c8cc7256ebd6,,https://videoid-mobile.e-szigno.hu/identification/0fb52bde-117f-45f3-9c76-c8cc7256ebd6,3.8.1 (2809),iOS 26.5.2,26,iPhone 12 Mini,"Aug 7, 2026, 11:06:24 AM",stopAndClear,30803,hu.microsec.eszigno.mobile.SelfServiceRuntimeError,videoId,eSzigno.SelfServicePresenter.Status.finished,PROD Release,downloaded,"Facekom végzett aborted(message: Optional(""Ismeretlen hiba történt!"")) státusszal.",,,,,,,,,,,,,
https://console.firebase.google.com/project/webszigno-dev-1532086359290/crashlytics/app/ios:hu.microsec.eszigno.mobile/issues/1782c2128a0148281dace39bf8664159?time=3d&versions=3.8.1+%282809%29&types=error&sessionEventKey=ce00687582df446ca7472f275c55c7b5_2249659133815609375,1782c2128a0148281dace39bf8664159,ce00687582df446ca7472f275c55c7b5_2249659133815609375,,ce00687582df446ca7472f275c55c7b5,,2249659133815609375,0fb52bde-117f-45f3-9c76-c8cc7256ebd6,,https://videoid-mobile.e-szigno.hu/identification/0fb52bde-117f-45f3-9c76-c8cc7256ebd6,3.8.1 (2809),iOS 26.5.2,26,iPhone 12 Mini,"Aug 7, 2026, 11:06:24 AM",stopAndClear,30803,hu.microsec.eszigno.mobile.SelfServiceRuntimeError,videoId,eSzigno.SelfServicePresenter.Status.finished,PROD Release,downloaded,"Facekom végzett aborted(message: Optional(""Ismeretlen hiba történt!"")) státusszal.",,,,,,,,,,,,,
https://console.firebase.google.com/project/webszigno-dev-1532086359290/crashlytics/app/ios:hu.microsec.eszigno.mobile/issues/1782c2128a0148281dace39bf8664159?time=3d&versions=3.8.1+%282809%29&types=error&sessionEventKey=ce00687582df446ca7472f275c55c7b5_2249659133815609374,1782c2128a0148281dace39bf8664159,ce00687582df446ca7472f275c55c7b5_2249659133815609374,,ce00687582df446ca7472f275c55c7b5,,2249659133815609374,,,not available,3.8.1 (2809),iOS 26.5.2,26,iPhone 12 Mini,"Aug 7, 2026, 11:06:24 AM",stopAndClear,30802,hu.microsec.eszigno.mobile.SelfServiceRuntimeError,videoId,eSzigno.SelfServicePresenter.Status.finished,PROD Release,downloaded,"FaceKom session háttérbe lépet a: id-back-video lépésnél, isVideoStep: true, isVideoRecordingStarted: true.",,,,,,,,,,,,,
https://console.firebase.google.com/project/webszigno-dev-1532086359290/crashlytics/app/ios:hu.microsec.eszigno.mobile/issues/1782c2128a0148281dace39bf8664159?time=3d&versions=3.8.1+%282809%29&types=error&sessionEventKey=410cae293ae444818aa9377557bcf84b_2249652314756716690,1782c2128a0148281dace39bf8664159,410cae293ae444818aa9377557bcf84b_2249652314756716690,,410cae293ae444818aa9377557bcf84b,,2249652314756716690,b4a597fe-f59b-48f7-a259-21a371d2700c,,https://videoid-mobile.e-szigno.hu/identification/b4a597fe-f59b-48f7-a259-21a371d2700c,3.8.1 (2809),iOS 26.2.0,26,iPhone 16,"Aug 7, 2026, 10:39:56 AM",stopAndClear,30803,hu.microsec.eszigno.mobile.SelfServiceRuntimeError,Logged out videoId,eSzigno.SelfServicePresenter.Status.finished,PROD Release,downloaded,Facekom végzett finished státusszal.,,,,,,,,,,,,,
https://console.firebase.google.com/project/webszigno-dev-1532086359290/crashlytics/app/ios:hu.microsec.eszigno.mobile/issues/1782c2128a0148281dace39bf8664159?time=3d&versions=3.8.1+%282809%29&types=error&sessionEventKey=410cae293ae444818aa9377557bcf84b_2249652314756716689,1782c2128a0148281dace39bf8664159,410cae293ae444818aa9377557bcf84b_2249652314756716689,,410cae293ae444818aa9377557bcf84b,,2249652314756716689,b4a597fe-f59b-48f7-a259-21a371d2700c,,https://videoid-mobile.e-szigno.hu/identification/b4a597fe-f59b-48f7-a259-21a371d2700c,3.8.1 (2809),iOS 26.2.0,26,iPhone 16,"Aug 7, 2026, 10:39:56 AM",stopAndClear,30803,hu.microsec.eszigno.mobile.SelfServiceRuntimeError,Logged out videoId,eSzigno.SelfServicePresenter.Status.finished,PROD Release,downloaded,Facekom végzett finished státusszal.,,,,,,,,,,,,,
https://console.firebase.google.com/project/webszigno-dev-1532086359290/crashlytics/app/ios:hu.microsec.eszigno.mobile/issues/1782c2128a0148281dace39bf8664159?time=3d&versions=3.8.1+%282809%29&types=error&sessionEventKey=25f9d8ba80b5469ea1c89a2270f1cdee_2249650713682104861,1782c2128a0148281dace39bf8664159,25f9d8ba80b5469ea1c89a2270f1cdee_2249650713682104861,,25f9d8ba80b5469ea1c89a2270f1cdee,,2249650713682104861,d7550a45-b763-4766-a702-60d99b9a2d12,,https://videoid-mobile.e-szigno.hu/identification/d7550a45-b763-4766-a702-60d99b9a2d12,3.8.1 (2809),iOS 26.5.2,26,iPhone 17 Pro Max,"Aug 7, 2026, 10:33:43 AM",stopAndClear,30803,hu.microsec.eszigno.mobile.SelfServiceRuntimeError,videoId,eSzigno.SelfServicePresenter.Status.finished,PROD Release,downloaded,Facekom végzett finished státusszal.,,,,,,,,,,,,,
https://console.firebase.google.com/project/webszigno-dev-1532086359290/crashlytics/app/ios:hu.microsec.eszigno.mobile/issues/1782c2128a0148281dace39bf8664159?time=3d&versions=3.8.1+%282809%29&types=error&sessionEventKey=25f9d8ba80b5469ea1c89a2270f1cdee_2249650713682104860,1782c2128a0148281dace39bf8664159,25f9d8ba80b5469ea1c89a2270f1cdee_2249650713682104860,,25f9d8ba80b5469ea1c89a2270f1cdee,,2249650713682104860,d7550a45-b763-4766-a702-60d99b9a2d12,,https://videoid-mobile.e-szigno.hu/identification/d7550a45-b763-4766-a702-60d99b9a2d12,3.8.1 (2809),iOS 26.5.2,26,iPhone 17 Pro Max,"Aug 7, 2026, 10:33:43 AM",stopAndClear,30803,hu.microsec.eszigno.mobile.SelfServiceRuntimeError,videoId,eSzigno.SelfServicePresenter.Status.finished,PROD Release,downloaded,Facekom végzett finished státusszal.,,,,,,,,,,,,,
https://console.firebase.google.com/project/webszigno-dev-1532086359290/crashlytics/app/ios:hu.microsec.eszigno.mobile/issues/1782c2128a0148281dace39bf8664159?time=3d&versions=3.8.1+%282809%29&types=error&sessionEventKey=4e01d8e2f274461ca14df9af6bc82135_2249634822381651346,1782c2128a0148281dace39bf8664159,4e01d8e2f274461ca14df9af6bc82135_2249634822381651346,,4e01d8e2f274461ca14df9af6bc82135,,2249634822381651346,e07ef4b2-8d78-40cc-8461-4b6a82358b21,,https://videoid-mobile.e-szigno.hu/identification/e07ef4b2-8d78-40cc-8461-4b6a82358b21,3.8.1 (2809),iOS 18.7.9,18,iPhone XR,"Aug 7, 2026, 9:32:03 AM",stopAndClear,30803,hu.microsec.eszigno.mobile.SelfServiceRuntimeError,videoId,eSzigno.SelfServicePresenter.Status.finished,PROD Release,downloaded,Facekom finished with state: finished,,,,,,,,,,,,,
https://console.firebase.google.com/project/webszigno-dev-1532086359290/crashlytics/app/ios:hu.microsec.eszigno.mobile/issues/1782c2128a0148281dace39bf8664159?time=3d&versions=3.8.1+%282809%29&types=error&sessionEventKey=4e01d8e2f274461ca14df9af6bc82135_2249634822381651345,1782c2128a0148281dace39bf8664159,4e01d8e2f274461ca14df9af6bc82135_2249634822381651345,,4e01d8e2f274461ca14df9af6bc82135,,2249634822381651345,e07ef4b2-8d78-40cc-8461-4b6a82358b21,,https://videoid-mobile.e-szigno.hu/identification/e07ef4b2-8d78-40cc-8461-4b6a82358b21,3.8.1 (2809),iOS 18.7.9,18,iPhone XR,"Aug 7, 2026, 9:32:03 AM",stopAndClear,30803,hu.microsec.eszigno.mobile.SelfServiceRuntimeError,videoId,eSzigno.SelfServicePresenter.Status.finished,PROD Release,downloaded,Facekom finished with state: finished,,,,,,,,,,,,,
https://console.firebase.google.com/project/webszigno-dev-1532086359290/crashlytics/app/ios:hu.microsec.eszigno.mobile/issues/1782c2128a0148281dace39bf8664159?time=3d&versions=3.8.1+%282809%29&types=error&sessionEventKey=75989cf2bd0644d4bcc8bf160d1834a1_2249591595511392622,1782c2128a0148281dace39bf8664159,75989cf2bd0644d4bcc8bf160d1834a1_2249591595511392622,,75989cf2bd0644d4bcc8bf160d1834a1,,2249591595511392622,46c9838c-a445-4528-8304-25d9b38dad5d,,https://videoid-mobile.e-szigno.hu/identification/46c9838c-a445-4528-8304-25d9b38dad5d,3.8.1 (2809),iOS 26.3.1,26,iPhone 13,"Aug 7, 2026, 6:44:19 AM",stopAndClear,30803,hu.microsec.eszigno.mobile.SelfServiceRuntimeError,Logged out videoId,eSzigno.SelfServicePresenter.Status.finished,PROD Release,downloaded,Facekom végzett finished státusszal.,,,,,,,,,,,,,
https://console.firebase.google.com/project/webszigno-dev-1532086359290/crashlytics/app/ios:hu.microsec.eszigno.mobile/issues/1782c2128a0148281dace39bf8664159?time=3d&versions=3.8.1+%282809%29&types=error&sessionEventKey=75989cf2bd0644d4bcc8bf160d1834a1_2249591595511392621,1782c2128a0148281dace39bf8664159,75989cf2bd0644d4bcc8bf160d1834a1_2249591595511392621,,75989cf2bd0644d4bcc8bf160d1834a1,,2249591595511392621,,,not available,3.8.1 (2809),iOS 26.3.1,26,iPhone 13,"Aug 7, 2026, 6:44:19 AM",stopAndClear,30803,hu.microsec.eszigno.mobile.SelfServiceRuntimeError,Logged out videoId,eSzigno.SelfServicePresenter.Status.finished,PROD Release,downloaded,Facekom végzett finished státusszal.,,,,,,,,,,,,,
https://console.firebase.google.com/project/webszigno-dev-1532086359290/crashlytics/app/ios:hu.microsec.eszigno.mobile/issues/1782c2128a0148281dace39bf8664159?time=3d&versions=3.8.1+%282809%29&types=error&sessionEventKey=75989cf2bd0644d4bcc8bf160d1834a1_2249591505317079404,1782c2128a0148281dace39bf8664159,75989cf2bd0644d4bcc8bf160d1834a1_2249591505317079404,,75989cf2bd0644d4bcc8bf160d1834a1,,2249591505317079404,46c9838c-a445-4528-8304-25d9b38dad5d,,https://videoid-mobile.e-szigno.hu/identification/46c9838c-a445-4528-8304-25d9b38dad5d,3.8.1 (2809),iOS 26.3.1,26,iPhone 13,"Aug 7, 2026, 6:43:58 AM",stopAndClear,30802,hu.microsec.eszigno.mobile.SelfServiceRuntimeError,Logged out videoId,eSzigno.SelfServicePresenter.Status.finished,PROD Release,downloaded,"FaceKom session háttérbe lépet a: 2-factor lépésnél, isVideoStep: false, isVideoRecordingStarted: false.",,,,,,,,,,,,,
https://console.firebase.google.com/project/webszigno-dev-1532086359290/crashlytics/app/ios:hu.microsec.eszigno.mobile/issues/1782c2128a0148281dace39bf8664159?time=3d&versions=3.8.1+%282809%29&types=error&sessionEventKey=78b069b00b57454dac134311d0fab01c_2249467758089746203,1782c2128a0148281dace39bf8664159,78b069b00b57454dac134311d0fab01c_2249467758089746203,,78b069b00b57454dac134311d0fab01c,,2249467758089746203,d4467535-446c-4b5b-bda7-4af96bf194b2,,https://videoid-mobile.e-szigno.hu/identification/d4467535-446c-4b5b-bda7-4af96bf194b2,3.8.1 (2809),iOS 26.5.2,26,iPhone 13 Mini,"Aug 6, 2026, 10:43:45 PM",stopAndClear,30803,hu.microsec.eszigno.mobile.SelfServiceRuntimeError,videoId,eSzigno.SelfServicePresenter.Status.finished,PROD Release,downloaded,Facekom végzett finished státusszal.,,,,,,,,,,,,,
https://console.firebase.google.com/project/webszigno-dev-1532086359290/crashlytics/app/ios:hu.microsec.eszigno.mobile/issues/1782c2128a0148281dace39bf8664159?time=3d&versions=3.8.1+%282809%29&types=error&sessionEventKey=78b069b00b57454dac134311d0fab01c_2249467758089746202,1782c2128a0148281dace39bf8664159,78b069b00b57454dac134311d0fab01c_2249467758089746202,,78b069b00b57454dac134311d0fab01c,,2249467758089746202,d4467535-446c-4b5b-bda7-4af96bf194b2,,https://videoid-mobile.e-szigno.hu/identification/d4467535-446c-4b5b-bda7-4af96bf194b2,3.8.1 (2809),iOS 26.5.2,26,iPhone 13 Mini,"Aug 6, 2026, 10:43:45 PM",stopAndClear,30803,hu.microsec.eszigno.mobile.SelfServiceRuntimeError,videoId,eSzigno.SelfServicePresenter.Status.finished,PROD Release,downloaded,Facekom végzett finished státusszal.,,,,,,,,,,,,,
https://console.firebase.google.com/project/webszigno-dev-1532086359290/crashlytics/app/ios:hu.microsec.eszigno.mobile/issues/1782c2128a0148281dace39bf8664159?time=3d&versions=3.8.1+%282809%29&types=error&sessionEventKey=84f247b5eae24084ba6176bc08e78385_2249434802794189741,1782c2128a0148281dace39bf8664159,84f247b5eae24084ba6176bc08e78385_2249434802794189741,,84f247b5eae24084ba6176bc08e78385,,2249434802794189741,39d40323-8f86-4607-9f5d-6bf20f85a797,,https://videoid-mobile.e-szigno.hu/identification/39d40323-8f86-4607-9f5d-6bf20f85a797,3.8.1 (2809),iOS 26.5.2,26,iPhone 12,"Aug 6, 2026, 8:35:52 PM",stopAndClear,30803,hu.microsec.eszigno.mobile.SelfServiceRuntimeError,videoId,eSzigno.SelfServicePresenter.Status.finished,PROD Release,downloaded,Facekom végzett finished státusszal.,,,,,,,,,,,,,
https://console.firebase.google.com/project/webszigno-dev-1532086359290/crashlytics/app/ios:hu.microsec.eszigno.mobile/issues/1782c2128a0148281dace39bf8664159?time=3d&versions=3.8.1+%282809%29&types=error&sessionEventKey=84f247b5eae24084ba6176bc08e78385_2249434802794189740,1782c2128a0148281dace39bf8664159,84f247b5eae24084ba6176bc08e78385_2249434802794189740,,84f247b5eae24084ba6176bc08e78385,,2249434802794189740,39d40323-8f86-4607-9f5d-6bf20f85a797,,https://videoid-mobile.e-szigno.hu/identification/39d40323-8f86-4607-9f5d-6bf20f85a797,3.8.1 (2809),iOS 26.5.2,26,iPhone 12,"Aug 6, 2026, 8:35:52 PM",stopAndClear,30803,hu.microsec.eszigno.mobile.SelfServiceRuntimeError,videoId,eSzigno.SelfServicePresenter.Status.finished,PROD Release,downloaded,Facekom végzett finished státusszal.,,,,,,,,,,,,,
https://console.firebase.google.com/project/webszigno-dev-1532086359290/crashlytics/app/ios:hu.microsec.eszigno.mobile/issues/1782c2128a0148281dace39bf8664159?time=3d&versions=3.8.1+%282809%29&types=error&sessionEventKey=6c3dac0ac2f14a1aa170bb7a4ad3b362_2249380273865451829,1782c2128a0148281dace39bf8664159,6c3dac0ac2f14a1aa170bb7a4ad3b362_2249380273865451829,,6c3dac0ac2f14a1aa170bb7a4ad3b362,,2249380273865451829,,,not available,3.8.1 (2809),iOS 26.5.2,26,iPhone Air,"Aug 6, 2026, 5:04:16 PM",stopAndClear,30803,hu.microsec.eszigno.mobile.SelfServiceRuntimeError,Logged out videoId,eSzigno.SelfServicePresenter.Status.finished,PROD Release,downloaded,Facekom finished with state: finished,,,,,,,,,,,,,
https://console.firebase.google.com/project/webszigno-dev-1532086359290/crashlytics/app/ios:hu.microsec.eszigno.mobile/issues/1782c2128a0148281dace39bf8664159?time=3d&versions=3.8.1+%282809%29&types=error&sessionEventKey=6c3dac0ac2f14a1aa170bb7a4ad3b362_2249380273865451828,1782c2128a0148281dace39bf8664159,6c3dac0ac2f14a1aa170bb7a4ad3b362_2249380273865451828,,6c3dac0ac2f14a1aa170bb7a4ad3b362,,2249380273865451828,,,not available,3.8.1 (2809),iOS 26.5.2,26,iPhone Air,"Aug 6, 2026, 5:04:16 PM",stopAndClear,30803,hu.microsec.eszigno.mobile.SelfServiceRuntimeError,Logged out videoId,eSzigno.SelfServicePresenter.Status.finished,PROD Release,downloaded,Facekom finished with state: finished,,,,,,,,,,,,,
https://console.firebase.google.com/project/webszigno-dev-1532086359290/crashlytics/app/ios:hu.microsec.eszigno.mobile/issues/1782c2128a0148281dace39bf8664159?time=3d&versions=3.8.1+%282809%29&types=error&sessionEventKey=ead5868899a140c2b65586c7a79988ba_2249370878320243538,1782c2128a0148281dace39bf8664159,ead5868899a140c2b65586c7a79988ba_2249370878320243538,,ead5868899a140c2b65586c7a79988ba,,2249370878320243538,5d7d0645-55cc-45a5-a91d-e19eed04d96f,,https://videoid-mobile.e-szigno.hu/identification/5d7d0645-55cc-45a5-a91d-e19eed04d96f,3.8.1 (2809),iOS 26.5.2,26,iPhone 13,"Aug 6, 2026, 4:27:49 PM",stopAndClear,30803,hu.microsec.eszigno.mobile.SelfServiceRuntimeError,videoId,eSzigno.SelfServicePresenter.Status.finished,PROD Release,downloaded,Facekom végzett finished státusszal.,,,,,,,,,,,,,
https://console.firebase.google.com/project/webszigno-dev-1532086359290/crashlytics/app/ios:hu.microsec.eszigno.mobile/issues/1782c2128a0148281dace39bf8664159?time=3d&versions=3.8.1+%282809%29&types=error&sessionEventKey=ead5868899a140c2b65586c7a79988ba_2249370878320243537,1782c2128a0148281dace39bf8664159,ead5868899a140c2b65586c7a79988ba_2249370878320243537,,ead5868899a140c2b65586c7a79988ba,,2249370878320243537,5d7d0645-55cc-45a5-a91d-e19eed04d96f,,https://videoid-mobile.e-szigno.hu/identification/5d7d0645-55cc-45a5-a91d-e19eed04d96f,3.8.1 (2809),iOS 26.5.2,26,iPhone 13,"Aug 6, 2026, 4:27:49 PM",stopAndClear,30803,hu.microsec.eszigno.mobile.SelfServiceRuntimeError,videoId,eSzigno.SelfServicePresenter.Status.finished,PROD Release,downloaded,Facekom végzett finished státusszal.,,,,,,,,,,,,,
https://console.firebase.google.com/project/webszigno-dev-1532086359290/crashlytics/app/ios:hu.microsec.eszigno.mobile/issues/1782c2128a0148281dace39bf8664159?time=3d&versions=3.8.1+%282809%29&types=error&sessionEventKey=ead5868899a140c2b65586c7a79988ba_2249370826780635984,1782c2128a0148281dace39bf8664159,ead5868899a140c2b65586c7a79988ba_2249370826780635984,,ead5868899a140c2b65586c7a79988ba,,2249370826780635984,,,not available,3.8.1 (2809),iOS 26.5.2,26,iPhone 13,"Aug 6, 2026, 4:27:37 PM",stopAndClear,30802,hu.microsec.eszigno.mobile.SelfServiceRuntimeError,videoId,eSzigno.SelfServicePresenter.Status.finished,PROD Release,downloaded,"FaceKom session háttérbe lépet a: 2-factor lépésnél, isVideoStep: false, isVideoRecordingStarted: false.",,,,,,,,,,,,,
https://console.firebase.google.com/project/webszigno-dev-1532086359290/crashlytics/app/ios:hu.microsec.eszigno.mobile/issues/1782c2128a0148281dace39bf8664159?time=3d&versions=3.8.1+%282809%29&types=error&sessionEventKey=87c45b2ce8b8429895a2db3cdb3faca1_2249339836059189005,1782c2128a0148281dace39bf8664159,87c45b2ce8b8429895a2db3cdb3faca1_2249339836059189005,,87c45b2ce8b8429895a2db3cdb3faca1,,2249339836059189005,,,not available,3.8.1 (2809),iOS 26.5.2,26,iPhone 17,"Aug 6, 2026, 2:27:21 PM",stopAndClear,30803,hu.microsec.eszigno.mobile.SelfServiceRuntimeError,Logged out videoId,eSzigno.SelfServicePresenter.Status.finished,PROD Release,downloaded,Facekom végzett finished státusszal.,,,,,,,,,,,,,
https://console.firebase.google.com/project/webszigno-dev-1532086359290/crashlytics/app/ios:hu.microsec.eszigno.mobile/issues/1782c2128a0148281dace39bf8664159?time=3d&versions=3.8.1+%282809%29&types=error&sessionEventKey=87c45b2ce8b8429895a2db3cdb3faca1_2249339836059189004,1782c2128a0148281dace39bf8664159,87c45b2ce8b8429895a2db3cdb3faca1_2249339836059189004,,87c45b2ce8b8429895a2db3cdb3faca1,,2249339836059189004,,,not available,3.8.1 (2809),iOS 26.5.2,26,iPhone 17,"Aug 6, 2026, 2:27:21 PM",stopAndClear,30803,hu.microsec.eszigno.mobile.SelfServiceRuntimeError,Logged out videoId,eSzigno.SelfServicePresenter.Status.finished,PROD Release,downloaded,Facekom végzett finished státusszal.,,,,,,,,,,,,,
https://console.firebase.google.com/project/webszigno-dev-1532086359290/crashlytics/app/ios:hu.microsec.eszigno.mobile/issues/1782c2128a0148281dace39bf8664159?time=3d&versions=3.8.1+%282809%29&types=error&sessionEventKey=87c45b2ce8b8429895a2db3cdb3faca1_2249337448057372426,1782c2128a0148281dace39bf8664159,87c45b2ce8b8429895a2db3cdb3faca1_2249337448057372426,,87c45b2ce8b8429895a2db3cdb3faca1,,2249337448057372426,fcd0c83e-8622-43cb-9f87-342e9d35a754,,https://videoid-mobile.e-szigno.hu/identification/fcd0c83e-8622-43cb-9f87-342e9d35a754,3.8.1 (2809),iOS 26.5.2,26,iPhone 17,"Aug 6, 2026, 2:18:05 PM",stopAndClear,30803,hu.microsec.eszigno.mobile.SelfServiceRuntimeError,Logged out videoId,eSzigno.SelfServicePresenter.Status.finished,PROD Release,downloaded,"Facekom végzett failed(title: Optional(""Sajnos ez most nem sikerült!""), subtitle: Optional(""INDÍTSA ÚJRA A FOLYAMATOT A QR-KÓD LEOLVASÁSÁVAL!""), message: Optional(""Az okmányon lévő és a fotózott arckép között jelentős eltérés van!"")) státusszal.",,,,,,,,,,,,,
https://console.firebase.google.com/project/webszigno-dev-1532086359290/crashlytics/app/ios:hu.microsec.eszigno.mobile/issues/1782c2128a0148281dace39bf8664159?time=3d&versions=3.8.1+%282809%29&types=error&sessionEventKey=87c45b2ce8b8429895a2db3cdb3faca1_2249337448057372425,1782c2128a0148281dace39bf8664159,87c45b2ce8b8429895a2db3cdb3faca1_2249337448057372425,,87c45b2ce8b8429895a2db3cdb3faca1,,2249337448057372425,fcd0c83e-8622-43cb-9f87-342e9d35a754,,https://videoid-mobile.e-szigno.hu/identification/fcd0c83e-8622-43cb-9f87-342e9d35a754,3.8.1 (2809),iOS 26.5.2,26,iPhone 17,"Aug 6, 2026, 2:18:05 PM",stopAndClear,30803,hu.microsec.eszigno.mobile.SelfServiceRuntimeError,Logged out videoId,eSzigno.SelfServicePresenter.Status.finished,PROD Release,downloaded,"Facekom végzett failed(title: Optional(""Sajnos ez most nem sikerült!""), subtitle: Optional(""INDÍTSA ÚJRA A FOLYAMATOT A QR-KÓD LEOLVASÁSÁVAL!""), message: Optional(""Az okmányon lévő és a fotózott arckép között jelentős eltérés van!"")) státusszal.",,,,,,,,,,,,,
https://console.firebase.google.com/project/webszigno-dev-1532086359290/crashlytics/app/ios:hu.microsec.eszigno.mobile/issues/1782c2128a0148281dace39bf8664159?time=3d&versions=3.8.1+%282809%29&types=error&sessionEventKey=a62bf42156344c4cba405e2fff4dc66a_2249320142334022591,1782c2128a0148281dace39bf8664159,a62bf42156344c4cba405e2fff4dc66a_2249320142334022591,,a62bf42156344c4cba405e2fff4dc66a,,2249320142334022591,f39b1d26-0d6d-4b8b-a1f7-157e93e4aa0d,,https://videoid-mobile.e-szigno.hu/identification/f39b1d26-0d6d-4b8b-a1f7-157e93e4aa0d,3.8.1 (2809),iOS 17.2.1,17,iPhone XR,"Aug 6, 2026, 1:10:56 PM",stopAndClear,30803,hu.microsec.eszigno.mobile.SelfServiceRuntimeError,videoId,eSzigno.SelfServicePresenter.Status.aborted,PROD Release,downloaded,"Facekom végzett aborted(message: Optional(""Ismeretlen hiba történt!"")) státusszal.",,,,,,,,,,,,,
https://console.firebase.google.com/project/webszigno-dev-1532086359290/crashlytics/app/ios:hu.microsec.eszigno.mobile/issues/1782c2128a0148281dace39bf8664159?time=3d&versions=3.8.1+%282809%29&types=error&sessionEventKey=a62bf42156344c4cba405e2fff4dc66a_2249320120859186110,1782c2128a0148281dace39bf8664159,a62bf42156344c4cba405e2fff4dc66a_2249320120859186110,,a62bf42156344c4cba405e2fff4dc66a,,2249320120859186110,,,not available,3.8.1 (2809),iOS 17.2.1,17,iPhone XR,"Aug 6, 2026, 1:10:51 PM",stopAndClear,30803,hu.microsec.eszigno.mobile.SelfServiceRuntimeError,videoId,eSzigno.SelfServicePresenter.Status.aborted,PROD Release,downloaded,"Facekom végzett aborted(message: Optional(""Ismeretlen hiba történt!"")) státusszal.",,,,,,,,,,,,,
https://console.firebase.google.com/project/webszigno-dev-1532086359290/crashlytics/app/ios:hu.microsec.eszigno.mobile/issues/1782c2128a0148281dace39bf8664159?time=3d&versions=3.8.1+%282809%29&types=error&sessionEventKey=a62bf42156344c4cba405e2fff4dc66a_2249317921835930557,1782c2128a0148281dace39bf8664159,a62bf42156344c4cba405e2fff4dc66a_2249317921835930557,,a62bf42156344c4cba405e2fff4dc66a,,2249317921835930557,f39b1d26-0d6d-4b8b-a1f7-157e93e4aa0d,,https://videoid-mobile.e-szigno.hu/identification/f39b1d26-0d6d-4b8b-a1f7-157e93e4aa0d,3.8.1 (2809),iOS 17.2.1,17,iPhone XR,"Aug 6, 2026, 1:02:19 PM",stopAndClear,30803,hu.microsec.eszigno.mobile.SelfServiceRuntimeError,videoId,eSzigno.SelfServicePresenter.Status.aborted,PROD Release,downloaded,"Facekom végzett aborted(message: Optional(""Ismeretlen hiba történt!"")) státusszal.",,,,,,,,,,,,,
https://console.firebase.google.com/project/webszigno-dev-1532086359290/crashlytics/app/ios:hu.microsec.eszigno.mobile/issues/1782c2128a0148281dace39bf8664159?time=3d&versions=3.8.1+%282809%29&types=error&sessionEventKey=a62bf42156344c4cba405e2fff4dc66a_2249317921835930555,1782c2128a0148281dace39bf8664159,a62bf42156344c4cba405e2fff4dc66a_2249317921835930555,,a62bf42156344c4cba405e2fff4dc66a,,2249317921835930555,f39b1d26-0d6d-4b8b-a1f7-157e93e4aa0d,,https://videoid-mobile.e-szigno.hu/identification/f39b1d26-0d6d-4b8b-a1f7-157e93e4aa0d,3.8.1 (2809),iOS 17.2.1,17,iPhone XR,"Aug 6, 2026, 1:02:19 PM",stopAndClear,30803,hu.microsec.eszigno.mobile.SelfServiceRuntimeError,videoId,eSzigno.SelfServicePresenter.Status.aborted,PROD Release,downloaded,"Facekom végzett aborted(message: Optional(""Ismeretlen hiba történt!"")) státusszal.",,,,,,,,,,,,,
https://console.firebase.google.com/project/webszigno-dev-1532086359290/crashlytics/app/ios:hu.microsec.eszigno.mobile/issues/1782c2128a0148281dace39bf8664159?time=3d&versions=3.8.1+%282809%29&types=error&sessionEventKey=a62bf42156344c4cba405e2fff4dc66a_2249317917540963258,1782c2128a0148281dace39bf8664159,a62bf42156344c4cba405e2fff4dc66a_2249317917540963258,,a62bf42156344c4cba405e2fff4dc66a,,2249317917540963258,,,not available,3.8.1 (2809),iOS 17.2.1,17,iPhone XR,"Aug 6, 2026, 1:02:18 PM",stopAndClear,30802,hu.microsec.eszigno.mobile.SelfServiceRuntimeError,videoId,eSzigno.SelfServicePresenter.Status.aborted,PROD Release,downloaded,"FaceKom session háttérbe lépet a: customer-portrait lépésnél, isVideoStep: true, isVideoRecordingStarted: true.",,,,,,,,,,,,,
https://console.firebase.google.com/project/webszigno-dev-1532086359290/crashlytics/app/ios:hu.microsec.eszigno.mobile/issues/1782c2128a0148281dace39bf8664159?time=3d&versions=3.8.1+%282809%29&types=error&sessionEventKey=9d823d4d3b7a4826ad574c0f0ca6936d_2249268769037598269,1782c2128a0148281dace39bf8664159,9d823d4d3b7a4826ad574c0f0ca6936d_2249268769037598269,,9d823d4d3b7a4826ad574c0f0ca6936d,,2249268769037598269,15711a97-80dd-4e4e-8723-fec8a3bc3be8,,https://videoid-mobile.e-szigno.hu/identification/15711a97-80dd-4e4e-8723-fec8a3bc3be8,3.8.1 (2809),iOS 18.7.8,18,iPhone 16 Pro,"Aug 6, 2026, 9:51:35 AM",stopAndClear,30803,hu.microsec.eszigno.mobile.SelfServiceRuntimeError,Logged in videoId,eSzigno.SelfServicePresenter.Status.aborted,PROD Release,downloaded,"Facekom végzett aborted(message: Optional(""Ismeretlen hiba történt!"")) státusszal.",,,,,,,,,,,,,
https://console.firebase.google.com/project/webszigno-dev-1532086359290/crashlytics/app/ios:hu.microsec.eszigno.mobile/issues/1782c2128a0148281dace39bf8664159?time=3d&versions=3.8.1+%282809%29&types=error&sessionEventKey=9d823d4d3b7a4826ad574c0f0ca6936d_2249268769037598267,1782c2128a0148281dace39bf8664159,9d823d4d3b7a4826ad574c0f0ca6936d_2249268769037598267,,9d823d4d3b7a4826ad574c0f0ca6936d,,2249268769037598267,15711a97-80dd-4e4e-8723-fec8a3bc3be8,,https://videoid-mobile.e-szigno.hu/identification/15711a97-80dd-4e4e-8723-fec8a3bc3be8,3.8.1 (2809),iOS 18.7.8,18,iPhone 16 Pro,"Aug 6, 2026, 9:51:35 AM",stopAndClear,30803,hu.microsec.eszigno.mobile.SelfServiceRuntimeError,Logged in videoId,eSzigno.SelfServicePresenter.Status.aborted,PROD Release,downloaded,"Facekom végzett aborted(message: Optional(""Ismeretlen hiba történt!"")) státusszal.",,,,,,,,,,,,,
https://console.firebase.google.com/project/webszigno-dev-1532086359290/crashlytics/app/ios:hu.microsec.eszigno.mobile/issues/1782c2128a0148281dace39bf8664159?time=3d&versions=3.8.1+%282809%29&types=error&sessionEventKey=8ea7c15c61274cd9962c5b83e56e376c_2249079025761359302,1782c2128a0148281dace39bf8664159,8ea7c15c61274cd9962c5b83e56e376c_2249079025761359302,,8ea7c15c61274cd9962c5b83e56e376c,,2249079025761359302,7c5ad4e2-a242-45a4-85c3-95944ea51af0,,https://videoid-mobile.e-szigno.hu/identification/7c5ad4e2-a242-45a4-85c3-95944ea51af0,3.8.1 (2809),iOS 26.5.2,26,iPhone 14 Pro,"Aug 5, 2026, 9:35:17 PM",stopAndClear,30803,hu.microsec.eszigno.mobile.SelfServiceRuntimeError,videoId,eSzigno.SelfServicePresenter.Status.finished,PROD Release,downloaded,Facekom végzett finished státusszal.,,,,,,,,,,,,,
https://console.firebase.google.com/project/webszigno-dev-1532086359290/crashlytics/app/ios:hu.microsec.eszigno.mobile/issues/1782c2128a0148281dace39bf8664159?time=3d&versions=3.8.1+%282809%29&types=error&sessionEventKey=8ea7c15c61274cd9962c5b83e56e376c_2249079025761359301,1782c2128a0148281dace39bf8664159,8ea7c15c61274cd9962c5b83e56e376c_2249079025761359301,,8ea7c15c61274cd9962c5b83e56e376c,,2249079025761359301,7c5ad4e2-a242-45a4-85c3-95944ea51af0,,https://videoid-mobile.e-szigno.hu/identification/7c5ad4e2-a242-45a4-85c3-95944ea51af0,3.8.1 (2809),iOS 26.5.2,26,iPhone 14 Pro,"Aug 5, 2026, 9:35:17 PM",stopAndClear,30803,hu.microsec.eszigno.mobile.SelfServiceRuntimeError,videoId,eSzigno.SelfServicePresenter.Status.finished,PROD Release,downloaded,Facekom végzett finished státusszal.,,,,,,,,,,,,,
https://console.firebase.google.com/project/webszigno-dev-1532086359290/crashlytics/app/ios:hu.microsec.eszigno.mobile/issues/1782c2128a0148281dace39bf8664159?time=3d&versions=3.8.1+%282809%29&types=error&sessionEventKey=f773a790217b413593995f0677f4f1d4_2249039363466984640,1782c2128a0148281dace39bf8664159,f773a790217b413593995f0677f4f1d4_2249039363466984640,,f773a790217b413593995f0677f4f1d4,,2249039363466984640,,,not available,3.8.1 (2809),iOS 26.5.0,26,iPhone 13,"Aug 5, 2026, 7:01:22 PM",stopAndClear,30803,hu.microsec.eszigno.mobile.SelfServiceRuntimeError,videoId,eSzigno.SelfServicePresenter.Status.finished,PROD Release,downloaded,Facekom végzett finished státusszal.,,,,,,,,,,,,,
https://console.firebase.google.com/project/webszigno-dev-1532086359290/crashlytics/app/ios:hu.microsec.eszigno.mobile/issues/1782c2128a0148281dace39bf8664159?time=3d&versions=3.8.1+%282809%29&types=error&sessionEventKey=f773a790217b413593995f0677f4f1d4_2249039363466984639,1782c2128a0148281dace39bf8664159,f773a790217b413593995f0677f4f1d4_2249039363466984639,,f773a790217b413593995f0677f4f1d4,,2249039363466984639,9ce3dcd2-1bdc-4389-96e1-9b4e08157261,,https://videoid-mobile.e-szigno.hu/identification/9ce3dcd2-1bdc-4389-96e1-9b4e08157261,3.8.1 (2809),iOS 26.5.0,26,iPhone 13,"Aug 5, 2026, 7:01:22 PM",stopAndClear,30803,hu.microsec.eszigno.mobile.SelfServiceRuntimeError,videoId,eSzigno.SelfServicePresenter.Status.finished,PROD Release,downloaded,Facekom végzett finished státusszal.,,,,,,,,,,,,,
https://console.firebase.google.com/project/webszigno-dev-1532086359290/crashlytics/app/ios:hu.microsec.eszigno.mobile/issues/66ab9689c1addf4cdac8881ddf52eff2?time=3d&versions=3.8.1+%282809%29&types=error&sessionEventKey=98ab2b363f7142559b3ac861ef46764b_2250092692177516250,66ab9689c1addf4cdac8881ddf52eff2,98ab2b363f7142559b3ac861ef46764b_2250092692177516250,,98ab2b363f7142559b3ac861ef46764b,,2250092692177516250,677b3f0a-1470-4242-b87c-2d9a99271545,,https://videoid-mobile.e-szigno.hu/identification/677b3f0a-1470-4242-b87c-2d9a99271545,3.8.1 (2809),iOS 26.6.0,26,iPhone 13 Pro Max,"Aug 8, 2026, 3:08:49 PM",handleFlow,0,FaceKom handleFlow,videoId,eSzigno.SelfServicePresenter.Status.finished,PROD Release,downloaded,,,,,,,,,,,,,,
https://console.firebase.google.com/project/webszigno-dev-1532086359290/crashlytics/app/ios:hu.microsec.eszigno.mobile/issues/66ab9689c1addf4cdac8881ddf52eff2?time=3d&versions=3.8.1+%282809%29&types=error&sessionEventKey=ec6c2efffe694cefb8e16a265890ef07_2250004469127968202,66ab9689c1addf4cdac8881ddf52eff2,ec6c2efffe694cefb8e16a265890ef07_2250004469127968202,,ec6c2efffe694cefb8e16a265890ef07,,2250004469127968202,a8913d47-675d-479b-8d44-3597157d3906,,https://videoid-mobile.e-szigno.hu/identification/a8913d47-675d-479b-8d44-3597157d3906,3.8.1 (2809),iOS 26.5.2,26,iPhone 17 Pro,"Aug 8, 2026, 9:26:28 AM",handleFlow,0,FaceKom handleFlow,videoId,eSzigno.SelfServicePresenter.Status.finished,PROD Release,downloaded,,,,,,,,,,,,,,
https://console.firebase.google.com/project/webszigno-dev-1532086359290/crashlytics/app/ios:hu.microsec.eszigno.mobile/issues/66ab9689c1addf4cdac8881ddf52eff2?time=3d&versions=3.8.1+%282809%29&types=error&sessionEventKey=29805e6512bc4a95b6d09b40365982a7_2249754187925469067,66ab9689c1addf4cdac8881ddf52eff2,29805e6512bc4a95b6d09b40365982a7_2249754187925469067,,29805e6512bc4a95b6d09b40365982a7,,2249754187925469067,86b72fe2-e554-4b10-8414-17211b34d538,-1786107191,https://videoid-mobile.e-szigno.hu/identification/86b72fe2-e554-4b10-8414-17211b34d538-1786107191,3.8.1 (2809),iOS 26.5.2,26,iPhone 16,"Aug 7, 2026, 5:15:15 PM",handleFlow,0,FaceKom handleFlow,Logged in videoId,eSzigno.SelfServicePresenter.Status.finished,PROD Release,not_available,,,,,,,,,,,,,,
https://console.firebase.google.com/project/webszigno-dev-1532086359290/crashlytics/app/ios:hu.microsec.eszigno.mobile/issues/66ab9689c1addf4cdac8881ddf52eff2?time=3d&versions=3.8.1+%282809%29&types=error&sessionEventKey=f22c6c81285948e5b0d3e1b45ea0cd5d_2249746297727483994,66ab9689c1addf4cdac8881ddf52eff2,f22c6c81285948e5b0d3e1b45ea0cd5d_2249746297727483994,,f22c6c81285948e5b0d3e1b45ea0cd5d,,2249746297727483994,47fd0392-ad67-411d-a815-2a12bc4610dc,,https://videoid-mobile.e-szigno.hu/identification/47fd0392-ad67-411d-a815-2a12bc4610dc,3.8.1 (2809),iOS 26.5.2,26,iPhone 17 Pro Max,"Aug 7, 2026, 4:44:38 PM",handleFlow,0,FaceKom handleFlow,videoId,eSzigno.SelfServicePresenter.Status.finished,PROD Release,downloaded,,,,,,,,,,,,,,
https://console.firebase.google.com/project/webszigno-dev-1532086359290/crashlytics/app/ios:hu.microsec.eszigno.mobile/issues/66ab9689c1addf4cdac8881ddf52eff2?time=3d&versions=3.8.1+%282809%29&types=error&sessionEventKey=fce5ff5589d844eeba8c642fd5f7e175_2249739504286183509,66ab9689c1addf4cdac8881ddf52eff2,fce5ff5589d844eeba8c642fd5f7e175_2249739504286183509,,fce5ff5589d844eeba8c642fd5f7e175,,2249739504286183509,0d6f6ddb-5725-475f-be17-49172e6e6fce,,https://videoid-mobile.e-szigno.hu/identification/0d6f6ddb-5725-475f-be17-49172e6e6fce,3.8.1 (2809),iOS 26.5.2,26,iPhone 17 Pro,"Aug 7, 2026, 4:18:16 PM",handleFlow,0,FaceKom handleFlow,videoId,eSzigno.SelfServicePresenter.Status.finished,PROD Release,downloaded,,,,,,,,,,,,,,
https://console.firebase.google.com/project/webszigno-dev-1532086359290/crashlytics/app/ios:hu.microsec.eszigno.mobile/issues/66ab9689c1addf4cdac8881ddf52eff2?time=3d&versions=3.8.1+%282809%29&types=error&sessionEventKey=98f4c001c8804fb3b22d28750a7398b9_2249721005989919352,66ab9689c1addf4cdac8881ddf52eff2,98f4c001c8804fb3b22d28750a7398b9_2249721005989919352,,98f4c001c8804fb3b22d28750a7398b9,,2249721005989919352,97e303a3-e0d3-4c40-9000-fb2cb48ba3c4,,https://videoid-mobile.e-szigno.hu/identification/97e303a3-e0d3-4c40-9000-fb2cb48ba3c4,3.8.1 (2809),iOS 26.6.0,26,iPhone 16,"Aug 7, 2026, 3:06:29 PM",handleFlow,0,FaceKom handleFlow,Logged out videoId,eSzigno.SelfServicePresenter.Status.finished,PROD Release,downloaded,,,,,,,,,,,,,,
https://console.firebase.google.com/project/webszigno-dev-1532086359290/crashlytics/app/ios:hu.microsec.eszigno.mobile/issues/66ab9689c1addf4cdac8881ddf52eff2?time=3d&versions=3.8.1+%282809%29&types=error&sessionEventKey=8b388132528a48a6827ea44115e281f0_2249698714533285355,66ab9689c1addf4cdac8881ddf52eff2,8b388132528a48a6827ea44115e281f0_2249698714533285355,,8b388132528a48a6827ea44115e281f0,,2249698714533285355,b4a597fe-f59b-48f7-a259-21a371d2700c,-1786092842,https://videoid-mobile.e-szigno.hu/identification/b4a597fe-f59b-48f7-a259-21a371d2700c-1786092842,3.8.1 (2809),iOS 26.2.0,26,iPhone 16,"Aug 7, 2026, 1:39:59 PM",handleFlow,0,FaceKom handleFlow,videoId,eSzigno.SelfServicePresenter.Status.finished,PROD Release,downloaded,,,,,,,,,,,,,,
https://console.firebase.google.com/project/webszigno-dev-1532086359290/crashlytics/app/ios:hu.microsec.eszigno.mobile/issues/66ab9689c1addf4cdac8881ddf52eff2?time=3d&versions=3.8.1+%282809%29&types=error&sessionEventKey=be45833040b24fb09daf789262bae367_2249690105087731004,66ab9689c1addf4cdac8881ddf52eff2,be45833040b24fb09daf789262bae367_2249690105087731004,,be45833040b24fb09daf789262bae367,,2249690105087731004,9b9b7c45-52da-44e2-aa24-bd6712998929,,https://videoid-mobile.e-szigno.hu/identification/9b9b7c45-52da-44e2-aa24-bd6712998929,3.8.1 (2809),iOS 26.5.2,26,iPhone 15 Pro,"Aug 7, 2026, 1:06:35 PM",handleFlow,0,FaceKom handleFlow,videoId,eSzigno.SelfServicePresenter.Status.finished,PROD Release,downloaded,,,,,,,,,,,,,,
https://console.firebase.google.com/project/webszigno-dev-1532086359290/crashlytics/app/ios:hu.microsec.eszigno.mobile/issues/66ab9689c1addf4cdac8881ddf52eff2?time=3d&versions=3.8.1+%282809%29&types=error&sessionEventKey=e8299ec2930844cd94dbfd4fea0c8ba1_2249688711301414622,66ab9689c1addf4cdac8881ddf52eff2,e8299ec2930844cd94dbfd4fea0c8ba1_2249688711301414622,,e8299ec2930844cd94dbfd4fea0c8ba1,,2249688711301414622,86b72fe2-e554-4b10-8414-17211b34d538,,https://videoid-mobile.e-szigno.hu/identification/86b72fe2-e554-4b10-8414-17211b34d538,3.8.1 (2809),iOS 26.5.2,26,iPhone 16,"Aug 7, 2026, 1:01:10 PM",handleFlow,0,FaceKom handleFlow,Logged in videoId,eSzigno.SelfServicePresenter.Status.finished,PROD Release,downloaded,,,,,,,,,,,,,,
https://console.firebase.google.com/project/webszigno-dev-1532086359290/crashlytics/app/ios:hu.microsec.eszigno.mobile/issues/66ab9689c1addf4cdac8881ddf52eff2?time=3d&versions=3.8.1+%282809%29&types=error&sessionEventKey=7645030424f04c659a330c1caadf686e_2249684412850271467,66ab9689c1addf4cdac8881ddf52eff2,7645030424f04c659a330c1caadf686e_2249684412850271467,,7645030424f04c659a330c1caadf686e,,2249684412850271467,2ab4078a-0427-4fc6-8db5-ebd9a79fd6b1,,https://videoid-mobile.e-szigno.hu/identification/2ab4078a-0427-4fc6-8db5-ebd9a79fd6b1,3.8.1 (2809),iOS 26.5.2,26,iPhone 14 Pro,"Aug 7, 2026, 12:44:29 PM",handleFlow,0,FaceKom handleFlow,videoId,eSzigno.SelfServicePresenter.Status.finished,PROD Release,downloaded,,,,,,,,,,,,,,
https://console.firebase.google.com/project/webszigno-dev-1532086359290/crashlytics/app/ios:hu.microsec.eszigno.mobile/issues/66ab9689c1addf4cdac8881ddf52eff2?time=3d&versions=3.8.1+%282809%29&types=error&sessionEventKey=ce00687582df446ca7472f275c55c7b5_2249659889729853476,66ab9689c1addf4cdac8881ddf52eff2,ce00687582df446ca7472f275c55c7b5_2249659889729853476,,ce00687582df446ca7472f275c55c7b5,,2249659889729853476,0fb52bde-117f-45f3-9c76-c8cc7256ebd6,,https://videoid-mobile.e-szigno.hu/identification/0fb52bde-117f-45f3-9c76-c8cc7256ebd6,3.8.1 (2809),iOS 26.5.2,26,iPhone 12 Mini,"Aug 7, 2026, 11:09:20 AM",handleFlow,0,FaceKom handleFlow,videoId,eSzigno.SelfServicePresenter.Status.finished,PROD Release,downloaded,,,,,,,,,,,,,,
https://console.firebase.google.com/project/webszigno-dev-1532086359290/crashlytics/app/ios:hu.microsec.eszigno.mobile/issues/66ab9689c1addf4cdac8881ddf52eff2?time=3d&versions=3.8.1+%282809%29&types=error&sessionEventKey=410cae293ae444818aa9377557bcf84b_2249652323346651283,66ab9689c1addf4cdac8881ddf52eff2,410cae293ae444818aa9377557bcf84b_2249652323346651283,,410cae293ae444818aa9377557bcf84b,,2249652323346651283,b4a597fe-f59b-48f7-a259-21a371d2700c,,https://videoid-mobile.e-szigno.hu/identification/b4a597fe-f59b-48f7-a259-21a371d2700c,3.8.1 (2809),iOS 26.2.0,26,iPhone 16,"Aug 7, 2026, 10:39:58 AM",handleFlow,0,FaceKom handleFlow,Logged out videoId,eSzigno.SelfServicePresenter.Status.finished,PROD Release,downloaded,,,,,,,,,,,,,,
https://console.firebase.google.com/project/webszigno-dev-1532086359290/crashlytics/app/ios:hu.microsec.eszigno.mobile/issues/66ab9689c1addf4cdac8881ddf52eff2?time=3d&versions=3.8.1+%282809%29&types=error&sessionEventKey=25f9d8ba80b5469ea1c89a2270f1cdee_2249650743746875934,66ab9689c1addf4cdac8881ddf52eff2,25f9d8ba80b5469ea1c89a2270f1cdee_2249650743746875934,,25f9d8ba80b5469ea1c89a2270f1cdee,,2249650743746875934,d7550a45-b763-4766-a702-60d99b9a2d12,,https://videoid-mobile.e-szigno.hu/identification/d7550a45-b763-4766-a702-60d99b9a2d12,3.8.1 (2809),iOS 26.5.2,26,iPhone 17 Pro Max,"Aug 7, 2026, 10:33:50 AM",handleFlow,0,FaceKom handleFlow,videoId,eSzigno.SelfServicePresenter.Status.finished,PROD Release,downloaded,,,,,,,,,,,,,,
https://console.firebase.google.com/project/webszigno-dev-1532086359290/crashlytics/app/ios:hu.microsec.eszigno.mobile/issues/66ab9689c1addf4cdac8881ddf52eff2?time=3d&versions=3.8.1+%282809%29&types=error&sessionEventKey=4e01d8e2f274461ca14df9af6bc82135_2249634843856487827,66ab9689c1addf4cdac8881ddf52eff2,4e01d8e2f274461ca14df9af6bc82135_2249634843856487827,,4e01d8e2f274461ca14df9af6bc82135,,2249634843856487827,e07ef4b2-8d78-40cc-8461-4b6a82358b21,,https://videoid-mobile.e-szigno.hu/identification/e07ef4b2-8d78-40cc-8461-4b6a82358b21,3.8.1 (2809),iOS 18.7.9,18,iPhone XR,"Aug 7, 2026, 9:32:08 AM",handleFlow,0,FaceKom handleFlow,videoId,eSzigno.SelfServicePresenter.Status.finished,PROD Release,downloaded,,,,,,,,,,,,,,
https://console.firebase.google.com/project/webszigno-dev-1532086359290/crashlytics/app/ios:hu.microsec.eszigno.mobile/issues/66ab9689c1addf4cdac8881ddf52eff2?time=3d&versions=3.8.1+%282809%29&types=error&sessionEventKey=75989cf2bd0644d4bcc8bf160d1834a1_2249591621281196399,66ab9689c1addf4cdac8881ddf52eff2,75989cf2bd0644d4bcc8bf160d1834a1_2249591621281196399,,75989cf2bd0644d4bcc8bf160d1834a1,,2249591621281196399,46c9838c-a445-4528-8304-25d9b38dad5d,,https://videoid-mobile.e-szigno.hu/identification/46c9838c-a445-4528-8304-25d9b38dad5d,3.8.1 (2809),iOS 26.3.1,26,iPhone 13,"Aug 7, 2026, 6:44:25 AM",handleFlow,0,FaceKom handleFlow,Logged out videoId,eSzigno.SelfServicePresenter.Status.finished,PROD Release,downloaded,,,,,,,,,,,,,,
