event_url,issue_id,session_event_key,session_id_full,session_id_base,report_index,event_id,user_id_base,user_id_suffix,identification_link,app_version,os_version,os_major_version,model,date,crash_kind,nserror_code,nserror_domain,source,status,configuration,breadcrumbs_status,nslocalized_description,orientation_device,ram_free_mib,jailbroken,orientation_os,outcome,reason,last_step,steps_reached,screen_views,n_status_changes,first_breadcrumb_ts,last_breadcrumb_ts,session_elapsed_s
https://console.firebase.google.com/project/webszigno-dev-1532086359290/crashlytics/app/ios:hu.microsec.eszigno.mobile/issues/1782c2128a0148281dace39bf8664159?time=90d&versions=3.7.1+%282759%29&types=error&sessionEventKey=335de2c941fa466e859469a1d274820c_2223671469794002788,1782c2128a0148281dace39bf8664159,335de2c941fa466e859469a1d274820c_2223671469794002788,,335de2c941fa466e859469a1d274820c,,2223671469794002788,,,not available,3.7.1 (2759),iOS 26.4.2,26,iPhone 15,"May 29, 2026, 10:20:59 AM",SelfServiceRuntimeError,30803,hu.microsec.eszigno.mobile.SelfServiceRuntimeError,Logged out videoId,eSzigno.SelfServicePresenter.Status.finished,PROD Release,downloaded,Facekom finished with state: finished,,,,,,,,,,,,,
https://console.firebase.google.com/project/webszigno-dev-1532086359290/crashlytics/app/ios:hu.microsec.eszigno.mobile/issues/1782c2128a0148281dace39bf8664159?time=90d&versions=3.7.1+%282759%29&types=error&sessionEventKey=8917308e835e4f71955d43b118b543b2_2223664967227925725,1782c2128a0148281dace39bf8664159,8917308e835e4f71955d43b118b543b2_2223664967227925725,,8917308e835e4f71955d43b118b543b2,,2223664967227925725,70ed4a7d-ddb0-403b-b453-443ede483f93,-1779960737,https://videoid-mobile.e-szigno.hu/identification/70ed4a7d-ddb0-403b-b453-443ede483f93-1779960737,3.7.1 (2759),iOS 26.5.0,26,iPhone 14,"May 29, 2026, 9:55:45 AM",SelfServiceRuntimeError,30803,hu.microsec.eszigno.mobile.SelfServiceRuntimeError,Logged out videoId,eSzigno.SelfServicePresenter.Status.finished,PROD Release,downloaded,Facekom finished with state: finished,,,,,,,,,,,,,
https://console.firebase.google.com/project/webszigno-dev-1532086359290/crashlytics/app/ios:hu.microsec.eszigno.mobile/issues/1782c2128a0148281dace39bf8664159?time=90d&versions=3.7.1+%282759%29&types=error&sessionEventKey=d2d5c17227da4328a78b0afe0ff8608e_2223664061509747367,1782c2128a0148281dace39bf8664159,d2d5c17227da4328a78b0afe0ff8608e_2223664061509747367,,d2d5c17227da4328a78b0afe0ff8608e,,2223664061509747367,8fad67b6-4b80-40e2-a32f-f0a6eee7a660,,https://videoid-mobile.e-szigno.hu/identification/8fad67b6-4b80-40e2-a32f-f0a6eee7a660,3.7.1 (2759),iOS 26.5.0,26,iPhone 13 Mini,"May 29, 2026, 9:52:14 AM",SelfServiceRuntimeError,30803,hu.microsec.eszigno.mobile.SelfServiceRuntimeError,videoId,eSzigno.SelfServicePresenter.Status.finished,PROD Release,downloaded,Facekom finished with state: finished,,,,,,,,,,,,,
https://console.firebase.google.com/project/webszigno-dev-1532086359290/crashlytics/app/ios:hu.microsec.eszigno.mobile/issues/1782c2128a0148281dace39bf8664159?time=90d&versions=3.7.1+%282759%29&types=error&sessionEventKey=8789e407891246d38ffbbc2208de6349_2223663288916295477,1782c2128a0148281dace39bf8664159,8789e407891246d38ffbbc2208de6349_2223663288916295477,,8789e407891246d38ffbbc2208de6349,,2223663288916295477,70ed4a7d-ddb0-403b-b453-443ede483f93,-1779960737,https://videoid-mobile.e-szigno.hu/identification/70ed4a7d-ddb0-403b-b453-443ede483f93-1779960737,3.7.1 (2759),iOS 26.5.0,26,iPhone 14,"May 29, 2026, 9:49:14 AM",SelfServiceRuntimeError,30803,hu.microsec.eszigno.mobile.SelfServiceRuntimeError,Logged out videoId,eSzigno.SelfServicePresenter.Status.aborted,PROD Release,downloaded,"Facekom finished with state: aborted(message: Optional(""Ismeretlen hiba történt!""))",,,,,,,,,,,,,
https://console.firebase.google.com/project/webszigno-dev-1532086359290/crashlytics/app/ios:hu.microsec.eszigno.mobile/issues/1782c2128a0148281dace39bf8664159?time=90d&versions=3.7.1+%282759%29&types=error&sessionEventKey=26c1cd55ca284da0bf5b624ded581681_2223642112970351528,1782c2128a0148281dace39bf8664159,26c1cd55ca284da0bf5b624ded581681_2223642112970351528,,26c1cd55ca284da0bf5b624ded581681,,2223642112970351528,545764bc-d5d1-467a-a81a-23cc68e17038,,https://videoid-mobile.e-szigno.hu/identification/545764bc-d5d1-467a-a81a-23cc68e17038,3.7.1 (2759),iOS 26.5.0,26,iPhone 16 Pro,"May 29, 2026, 8:27:04 AM",SelfServiceRuntimeError,30803,hu.microsec.eszigno.mobile.SelfServiceRuntimeError,Logged out videoId,eSzigno.SelfServicePresenter.Status.aborted,PROD Release,downloaded,"Facekom finished with state: aborted(message: Optional(""Unexpected error""))",,,,,,,,,,,,,
https://console.firebase.google.com/project/webszigno-dev-1532086359290/crashlytics/app/ios:hu.microsec.eszigno.mobile/issues/1782c2128a0148281dace39bf8664159?time=90d&versions=3.7.1+%282759%29&types=error&sessionEventKey=0915d2db3703417ba15ad48bfc190056_2223621377977293627,1782c2128a0148281dace39bf8664159,0915d2db3703417ba15ad48bfc190056_2223621377977293627,,0915d2db3703417ba15ad48bfc190056,,2223621377977293627,d48d5c01-0678-4bdc-802f-31fc001c867a,,https://videoid-mobile.e-szigno.hu/identification/d48d5c01-0678-4bdc-802f-31fc001c867a,3.7.1 (2759),iOS 26.5.0,26,iPhone 15 Pro Max,"May 29, 2026, 7:06:36 AM",SelfServiceRuntimeError,30803,hu.microsec.eszigno.mobile.SelfServiceRuntimeError,videoId,eSzigno.SelfServicePresenter.Status.finished,PROD Release,downloaded,Facekom finished with state: finished,,,,,,,,,,,,,
https://console.firebase.google.com/project/webszigno-dev-1532086359290/crashlytics/app/ios:hu.microsec.eszigno.mobile/issues/1782c2128a0148281dace39bf8664159?time=90d&versions=3.7.1+%282759%29&types=error&sessionEventKey=6cd3a10cbe1745a4bc507f3f2daa8823_2223620475602304888,1782c2128a0148281dace39bf8664159,6cd3a10cbe1745a4bc507f3f2daa8823_2223620475602304888,,6cd3a10cbe1745a4bc507f3f2daa8823,,2223620475602304888,d48d5c01-0678-4bdc-802f-31fc001c867a,,https://videoid-mobile.e-szigno.hu/identification/d48d5c01-0678-4bdc-802f-31fc001c867a,3.7.1 (2759),iOS 26.5.0,26,iPhone 15 Pro Max,"May 29, 2026, 7:03:06 AM",SelfServiceRuntimeError,30803,hu.microsec.eszigno.mobile.SelfServiceRuntimeError,videoId,eSzigno.SelfServicePresenter.Status.aborted,PROD Release,downloaded,"Facekom finished with state: aborted(message: Optional(""Ismeretlen hiba történt!""))",,,,,,,,,,,,,
https://console.firebase.google.com/project/webszigno-dev-1532086359290/crashlytics/app/ios:hu.microsec.eszigno.mobile/issues/1782c2128a0148281dace39bf8664159?time=90d&versions=3.7.1+%282759%29&types=error&sessionEventKey=6cd3a10cbe1745a4bc507f3f2daa8823_2223620471307337590,1782c2128a0148281dace39bf8664159,6cd3a10cbe1745a4bc507f3f2daa8823_2223620471307337590,,6cd3a10cbe1745a4bc507f3f2daa8823,,2223620471307337590,d48d5c01-0678-4bdc-802f-31fc001c867a,,https://videoid-mobile.e-szigno.hu/identification/d48d5c01-0678-4bdc-802f-31fc001c867a,3.7.1 (2759),iOS 26.5.0,26,iPhone 15 Pro Max,"May 29, 2026, 7:03:05 AM",SelfServiceRuntimeError,30802,hu.microsec.eszigno.mobile.SelfServiceRuntimeError,videoId,eSzigno.SelfServicePresenter.Status.aborted,PROD Release,downloaded,"FaceKom session did enter background at step: voice-liveness-check, isVideoStep: true.",,,,,,,,,,,,,
https://console.firebase.google.com/project/webszigno-dev-1532086359290/crashlytics/app/ios:hu.microsec.eszigno.mobile/issues/1782c2128a0148281dace39bf8664159?time=90d&versions=3.7.1+%282759%29&types=error&sessionEventKey=31ac6c90ff144f2d841a7b681922b8b5_2223433076087649383,1782c2128a0148281dace39bf8664159,31ac6c90ff144f2d841a7b681922b8b5_2223433076087649383,,31ac6c90ff144f2d841a7b681922b8b5,,2223433076087649383,9ee6dd17-fe13-4db4-9e0d-0f6829bd7a5e,,https://videoid-mobile.e-szigno.hu/identification/9ee6dd17-fe13-4db4-9e0d-0f6829bd7a5e,3.7.1 (2759),iOS 26.5.0,26,iPhone 15,"May 28, 2026, 6:55:54 PM",SelfServiceRuntimeError,30803,hu.microsec.eszigno.mobile.SelfServiceRuntimeError,Logged out videoId,eSzigno.SelfServicePresenter.Status.finished,PROD Release,downloaded,Facekom finished with state: finished,,,,,,,,,,,,,
https://console.firebase.google.com/project/webszigno-dev-1532086359290/crashlytics/app/ios:hu.microsec.eszigno.mobile/issues/1782c2128a0148281dace39bf8664159?time=90d&versions=3.7.1+%282759%29&types=error&sessionEventKey=31ac6c90ff144f2d841a7b681922b8b5_2223433037432943718,1782c2128a0148281dace39bf8664159,31ac6c90ff144f2d841a7b681922b8b5_2223433037432943718,,31ac6c90ff144f2d841a7b681922b8b5,,2223433037432943718,9ee6dd17-fe13-4db4-9e0d-0f6829bd7a5e,,https://videoid-mobile.e-szigno.hu/identification/9ee6dd17-fe13-4db4-9e0d-0f6829bd7a5e,3.7.1 (2759),iOS 26.5.0,26,iPhone 15,"May 28, 2026, 6:55:45 PM",SelfServiceRuntimeError,30802,hu.microsec.eszigno.mobile.SelfServiceRuntimeError,Logged out videoId,eSzigno.SelfServicePresenter.Status.finished,PROD Release,downloaded,"FaceKom session did enter background at step: 2-factor, isVideoStep: false.",,,,,,,,,,,,,
https://console.firebase.google.com/project/webszigno-dev-1532086359290/crashlytics/app/ios:hu.microsec.eszigno.mobile/issues/1782c2128a0148281dace39bf8664159?time=90d&versions=3.7.1+%282759%29&types=error&sessionEventKey=31ac6c90ff144f2d841a7b681922b8b5_2223432573576475749,1782c2128a0148281dace39bf8664159,31ac6c90ff144f2d841a7b681922b8b5_2223432573576475749,,31ac6c90ff144f2d841a7b681922b8b5,,2223432573576475749,9ee6dd17-fe13-4db4-9e0d-0f6829bd7a5e,,https://videoid-mobile.e-szigno.hu/identification/9ee6dd17-fe13-4db4-9e0d-0f6829bd7a5e,3.7.1 (2759),iOS 26.5.0,26,iPhone 15,"May 28, 2026, 6:53:57 PM",SelfServiceRuntimeError,30802,hu.microsec.eszigno.mobile.SelfServiceRuntimeError,Logged out videoId,eSzigno.SelfServicePresenter.Status.finished,PROD Release,downloaded,"FaceKom session did enter background at step: id-front, isVideoStep: false.",,,,,,,,,,,,,
https://console.firebase.google.com/project/webszigno-dev-1532086359290/crashlytics/app/ios:hu.microsec.eszigno.mobile/issues/1782c2128a0148281dace39bf8664159?time=90d&versions=3.7.1+%282759%29&types=error&sessionEventKey=31ac6c90ff144f2d841a7b681922b8b5_2223432199914320996,1782c2128a0148281dace39bf8664159,31ac6c90ff144f2d841a7b681922b8b5_2223432199914320996,,31ac6c90ff144f2d841a7b681922b8b5,,2223432199914320996,9ee6dd17-fe13-4db4-9e0d-0f6829bd7a5e,,https://videoid-mobile.e-szigno.hu/identification/9ee6dd17-fe13-4db4-9e0d-0f6829bd7a5e,3.7.1 (2759),iOS 26.5.0,26,iPhone 15,"May 28, 2026, 6:52:30 PM",SelfServiceRuntimeError,30803,hu.microsec.eszigno.mobile.SelfServiceRuntimeError,Logged out videoId,eSzigno.SelfServicePresenter.Status.finished,PROD Release,downloaded,"Facekom finished with state: aborted(message: Optional(""Ismeretlen hiba történt!""))",,,,,,,,,,,,,
https://console.firebase.google.com/project/webszigno-dev-1532086359290/crashlytics/app/ios:hu.microsec.eszigno.mobile/issues/1782c2128a0148281dace39bf8664159?time=90d&versions=3.7.1+%282759%29&types=error&sessionEventKey=0e23df8be01d46f2906922708f52a3ba_2223404996506155016,1782c2128a0148281dace39bf8664159,0e23df8be01d46f2906922708f52a3ba_2223404996506155016,,0e23df8be01d46f2906922708f52a3ba,,2223404996506155016,e0adad2b-6e04-4185-acad-26f84e306d5d,,https://videoid-mobile.e-szigno.hu/identification/e0adad2b-6e04-4185-acad-26f84e306d5d,3.7.1 (2759),iOS 26.4.2,26,iPhone 17 Pro,"May 28, 2026, 5:06:56 PM",SelfServiceRuntimeError,30803,hu.microsec.eszigno.mobile.SelfServiceRuntimeError,Logged out videoId,eSzigno.SelfServicePresenter.Status.finished,PROD Release,downloaded,Facekom finished with state: finished,,,,,,,,,,,,,
https://console.firebase.google.com/project/webszigno-dev-1532086359290/crashlytics/app/ios:hu.microsec.eszigno.mobile/issues/1782c2128a0148281dace39bf8664159?time=90d&versions=3.7.1+%282759%29&types=error&sessionEventKey=0e23df8be01d46f2906922708f52a3ba_2223404949261514759,1782c2128a0148281dace39bf8664159,0e23df8be01d46f2906922708f52a3ba_2223404949261514759,,0e23df8be01d46f2906922708f52a3ba,,2223404949261514759,e0adad2b-6e04-4185-acad-26f84e306d5d,,https://videoid-mobile.e-szigno.hu/identification/e0adad2b-6e04-4185-acad-26f84e306d5d,3.7.1 (2759),iOS 26.4.2,26,iPhone 17 Pro,"May 28, 2026, 5:06:45 PM",SelfServiceRuntimeError,30802,hu.microsec.eszigno.mobile.SelfServiceRuntimeError,Logged out videoId,eSzigno.SelfServicePresenter.Status.finished,PROD Release,downloaded,"FaceKom session did enter background at step: 2-factor, isVideoStep: false.",,,,,,,,,,,,,
https://console.firebase.google.com/project/webszigno-dev-1532086359290/crashlytics/app/ios:hu.microsec.eszigno.mobile/issues/1782c2128a0148281dace39bf8664159?time=90d&versions=3.7.1+%282759%29&types=error&sessionEventKey=0582c72ce0f343cbab7610722981a33c_2223374321125854430,1782c2128a0148281dace39bf8664159,0582c72ce0f343cbab7610722981a33c_2223374321125854430,,0582c72ce0f343cbab7610722981a33c,,2223374321125854430,e8bb453c-978b-46e8-b254-05a2404955f5,,https://videoid-mobile.e-szigno.hu/identification/e8bb453c-978b-46e8-b254-05a2404955f5,3.7.1 (2759),iOS 18.5.0,18,iPhone 14 Pro,"May 28, 2026, 3:07:54 PM",SelfServiceRuntimeError,30803,hu.microsec.eszigno.mobile.SelfServiceRuntimeError,Logged out videoId,eSzigno.SelfServicePresenter.Status.aborted,PROD Release,downloaded,"Facekom finished with state: aborted(message: Optional(""Unexpected error""))",,,,,,,,,,,,,
https://console.firebase.google.com/project/webszigno-dev-1532086359290/crashlytics/app/ios:hu.microsec.eszigno.mobile/issues/1782c2128a0148281dace39bf8664159?time=90d&versions=3.7.1+%282759%29&types=error&sessionEventKey=0582c72ce0f343cbab7610722981a33c_2223374321125854428,1782c2128a0148281dace39bf8664159,0582c72ce0f343cbab7610722981a33c_2223374321125854428,,0582c72ce0f343cbab7610722981a33c,,2223374321125854428,e8bb453c-978b-46e8-b254-05a2404955f5,,https://videoid-mobile.e-szigno.hu/identification/e8bb453c-978b-46e8-b254-05a2404955f5,3.7.1 (2759),iOS 18.5.0,18,iPhone 14 Pro,"May 28, 2026, 3:07:54 PM",SelfServiceRuntimeError,30802,hu.microsec.eszigno.mobile.SelfServiceRuntimeError,Logged out videoId,eSzigno.SelfServicePresenter.Status.aborted,PROD Release,downloaded,"FaceKom session did enter background at step: deepfake-detection, isVideoStep: true.",,,,,,,,,,,,,
https://console.firebase.google.com/project/webszigno-dev-1532086359290/crashlytics/app/ios:hu.microsec.eszigno.mobile/issues/1782c2128a0148281dace39bf8664159?time=90d&versions=3.7.1+%282759%29&types=error&sessionEventKey=4d7d1979a37c4095a13195e600d20b3e_2223371493088070086,1782c2128a0148281dace39bf8664159,4d7d1979a37c4095a13195e600d20b3e_2223371493088070086,,4d7d1979a37c4095a13195e600d20b3e,,2223371493088070086,21d5bf02-4191-44f0-9a61-70549b0a9930,-1779441539,https://videoid-mobile.e-szigno.hu/identification/21d5bf02-4191-44f0-9a61-70549b0a9930-1779441539,3.7.1 (2759),iOS 26.0.1,26,iPhone 13,"May 28, 2026, 2:56:55 PM",SelfServiceRuntimeError,30803,hu.microsec.eszigno.mobile.SelfServiceRuntimeError,videoId,eSzigno.SelfServicePresenter.Status.aborted,PROD Release,downloaded,"Facekom finished with state: aborted(message: Optional(""Ismeretlen hiba történt!""))",,,,,,,,,,,,,
https://console.firebase.google.com/project/webszigno-dev-1532086359290/crashlytics/app/ios:hu.microsec.eszigno.mobile/issues/1782c2128a0148281dace39bf8664159?time=90d&versions=3.7.1+%282759%29&types=error&sessionEventKey=cb7d0c8acd2746f0913d63dbb0104b3e_2223369271528482231,1782c2128a0148281dace39bf8664159,cb7d0c8acd2746f0913d63dbb0104b3e_2223369271528482231,,cb7d0c8acd2746f0913d63dbb0104b3e,,2223369271528482231,1ba395ad-c3d8-4086-a042-8a5102236c59,-1779458824,https://videoid-mobile.e-szigno.hu/identification/1ba395ad-c3d8-4086-a042-8a5102236c59-1779458824,3.7.1 (2759),iOS 26.4.2,26,iPhone 16 Plus,"May 28, 2026, 2:48:18 PM",SelfServiceRuntimeError,30803,hu.microsec.eszigno.mobile.SelfServiceRuntimeError,videoId,eSzigno.SelfServicePresenter.Status.finished,PROD Release,downloaded,Facekom finished with state: finished,,,,,,,,,,,,,
https://console.firebase.google.com/project/webszigno-dev-1532086359290/crashlytics/app/ios:hu.microsec.eszigno.mobile/issues/1782c2128a0148281dace39bf8664159?time=90d&versions=3.7.1+%282759%29&types=error&sessionEventKey=7d863731a94b4456bfea718e9dba9120_2223352020187847135,1782c2128a0148281dace39bf8664159,7d863731a94b4456bfea718e9dba9120_2223352020187847135,,7d863731a94b4456bfea718e9dba9120,,2223352020187847135,853eeba9-3449-44b5-ab25-b413c58987ec,,https://videoid-mobile.e-szigno.hu/identification/853eeba9-3449-44b5-ab25-b413c58987ec,3.7.1 (2759),iOS 26.5.0,26,iPhone SE (3rd generation),"May 28, 2026, 1:41:21 PM",SelfServiceRuntimeError,30803,hu.microsec.eszigno.mobile.SelfServiceRuntimeError,videoId,eSzigno.SelfServicePresenter.Status.aborted,PROD Release,downloaded,"Facekom finished with state: aborted(message: Optional(""Unexpected error""))",,,,,,,,,,,,,
https://console.firebase.google.com/project/webszigno-dev-1532086359290/crashlytics/app/ios:hu.microsec.eszigno.mobile/issues/1782c2128a0148281dace39bf8664159?time=90d&versions=3.7.1+%282759%29&types=error&sessionEventKey=5971473389cf4a79b11bc03537b0bd2f_2223349818510622507,1782c2128a0148281dace39bf8664159,5971473389cf4a79b11bc03537b0bd2f_2223349818510622507,,5971473389cf4a79b11bc03537b0bd2f,,2223349818510622507,e1439dad-8725-4f85-a6cc-b4683f76d82e,,https://videoid-mobile.e-szigno.hu/identification/e1439dad-8725-4f85-a6cc-b4683f76d82e,3.7.1 (2759),iOS 26.2.0,26,iPhone 17 Pro,"May 28, 2026, 1:32:49 PM",SelfServiceRuntimeError,30803,hu.microsec.eszigno.mobile.SelfServiceRuntimeError,videoId,eSzigno.SelfServicePresenter.Status.finished,PROD Release,downloaded,Facekom finished with state: finished,,,,,,,,,,,,,
https://console.firebase.google.com/project/webszigno-dev-1532086359290/crashlytics/app/ios:hu.microsec.eszigno.mobile/issues/1782c2128a0148281dace39bf8664159?time=90d&versions=3.7.1+%282759%29&types=error&sessionEventKey=e15c6fb0bc2243b5bf630d45da35e6dd_2223345384508825190,1782c2128a0148281dace39bf8664159,e15c6fb0bc2243b5bf630d45da35e6dd_2223345384508825190,,e15c6fb0bc2243b5bf630d45da35e6dd,,2223345384508825190,afcf8550-c67c-4b0a-9d6d-8a52aaeed10a,,https://videoid-mobile.e-szigno.hu/identification/afcf8550-c67c-4b0a-9d6d-8a52aaeed10a,3.7.1 (2759),iOS 26.5.0,26,iPhone 14 Pro,"May 28, 2026, 1:15:36 PM",SelfServiceRuntimeError,30803,hu.microsec.eszigno.mobile.SelfServiceRuntimeError,Logged out videoId,eSzigno.SelfServicePresenter.Status.aborted,PROD Release,downloaded,"Facekom finished with state: aborted(message: Optional(""Ismeretlen hiba történt!""))",,,,,,,,,,,,,
https://console.firebase.google.com/project/webszigno-dev-1532086359290/crashlytics/app/ios:hu.microsec.eszigno.mobile/issues/1782c2128a0148281dace39bf8664159?time=90d&versions=3.7.1+%282759%29&types=error&sessionEventKey=e15c6fb0bc2243b5bf630d45da35e6dd_2223345384508825188,1782c2128a0148281dace39bf8664159,e15c6fb0bc2243b5bf630d45da35e6dd_2223345384508825188,,e15c6fb0bc2243b5bf630d45da35e6dd,,2223345384508825188,afcf8550-c67c-4b0a-9d6d-8a52aaeed10a,,https://videoid-mobile.e-szigno.hu/identification/afcf8550-c67c-4b0a-9d6d-8a52aaeed10a,3.7.1 (2759),iOS 26.5.0,26,iPhone 14 Pro,"May 28, 2026, 1:15:36 PM",SelfServiceRuntimeError,30802,hu.microsec.eszigno.mobile.SelfServiceRuntimeError,Logged out videoId,eSzigno.SelfServicePresenter.Status.aborted,PROD Release,downloaded,"FaceKom session did enter background at step: deepfake-detection, isVideoStep: true.",,,,,,,,,,,,,
https://console.firebase.google.com/project/webszigno-dev-1532086359290/crashlytics/app/ios:hu.microsec.eszigno.mobile/issues/1782c2128a0148281dace39bf8664159?time=90d&versions=3.7.1+%282759%29&types=error&sessionEventKey=923b291f5e67432d84abc611af7ae45c_2223344824322518257,1782c2128a0148281dace39bf8664159,923b291f5e67432d84abc611af7ae45c_2223344824322518257,,923b291f5e67432d84abc611af7ae45c,,2223344824322518257,21d5bf02-4191-44f0-9a61-70549b0a9930,-1779441539,https://videoid-mobile.e-szigno.hu/identification/21d5bf02-4191-44f0-9a61-70549b0a9930-1779441539,3.7.1 (2759),iOS 26.0.1,26,iPhone 13,"May 28, 2026, 1:13:26 PM",SelfServiceRuntimeError,30803,hu.microsec.eszigno.mobile.SelfServiceRuntimeError,videoId,eSzigno.SelfServicePresenter.Status.aborted,PROD Release,downloaded,"Facekom finished with state: aborted(message: Optional(""Ismeretlen hiba történt!""))",,,,,,,,,,,,,
https://console.firebase.google.com/project/webszigno-dev-1532086359290/crashlytics/app/ios:hu.microsec.eszigno.mobile/issues/1782c2128a0148281dace39bf8664159?time=90d&versions=3.7.1+%282759%29&types=error&sessionEventKey=923b291f5e67432d84abc611af7ae45c_2223344824322518255,1782c2128a0148281dace39bf8664159,923b291f5e67432d84abc611af7ae45c_2223344824322518255,,923b291f5e67432d84abc611af7ae45c,,2223344824322518255,21d5bf02-4191-44f0-9a61-70549b0a9930,-1779441539,https://videoid-mobile.e-szigno.hu/identification/21d5bf02-4191-44f0-9a61-70549b0a9930-1779441539,3.7.1 (2759),iOS 26.0.1,26,iPhone 13,"May 28, 2026, 1:13:26 PM",SelfServiceRuntimeError,30802,hu.microsec.eszigno.mobile.SelfServiceRuntimeError,videoId,eSzigno.SelfServicePresenter.Status.aborted,PROD Release,downloaded,"FaceKom session did enter background at step: voice-liveness-check, isVideoStep: true.",,,,,,,,,,,,,
https://console.firebase.google.com/project/webszigno-dev-1532086359290/crashlytics/app/ios:hu.microsec.eszigno.mobile/issues/1782c2128a0148281dace39bf8664159?time=90d&versions=3.7.1+%282759%29&types=error&sessionEventKey=503f075d914c4ab0bcd28f91e2b03c2e_2223336022515630271,1782c2128a0148281dace39bf8664159,503f075d914c4ab0bcd28f91e2b03c2e_2223336022515630271,,503f075d914c4ab0bcd28f91e2b03c2e,,2223336022515630271,4dbaa2df-00be-452c-bd85-7c0869464187,-1779879941,https://videoid-mobile.e-szigno.hu/identification/4dbaa2df-00be-452c-bd85-7c0869464187-1779879941,3.7.1 (2759),iOS 26.5.0,26,iPhone 17 Pro Max,"May 28, 2026, 12:39:17 PM",SelfServiceRuntimeError,30803,hu.microsec.eszigno.mobile.SelfServiceRuntimeError,Logged out videoId,eSzigno.SelfServicePresenter.Status.finished,PROD Release,downloaded,Facekom finished with state: finished,,,,,,,,,,,,,
https://console.firebase.google.com/project/webszigno-dev-1532086359290/crashlytics/app/ios:hu.microsec.eszigno.mobile/issues/1782c2128a0148281dace39bf8664159?time=90d&versions=3.7.1+%282759%29&types=error&sessionEventKey=503f075d914c4ab0bcd28f91e2b03c2e_2223335889371644094,1782c2128a0148281dace39bf8664159,503f075d914c4ab0bcd28f91e2b03c2e_2223335889371644094,,503f075d914c4ab0bcd28f91e2b03c2e,,2223335889371644094,4dbaa2df-00be-452c-bd85-7c0869464187,-1779879941,https://videoid-mobile.e-szigno.hu/identification/4dbaa2df-00be-452c-bd85-7c0869464187-1779879941,3.7.1 (2759),iOS 26.5.0,26,iPhone 17 Pro Max,"May 28, 2026, 12:38:46 PM",SelfServiceRuntimeError,30802,hu.microsec.eszigno.mobile.SelfServiceRuntimeError,Logged out videoId,eSzigno.SelfServicePresenter.Status.finished,PROD Release,downloaded,"FaceKom session did enter background at step: 2-factor, isVideoStep: false.",,,,,,,,,,,,,
https://console.firebase.google.com/project/webszigno-dev-1532086359290/crashlytics/app/ios:hu.microsec.eszigno.mobile/issues/1782c2128a0148281dace39bf8664159?time=90d&versions=3.7.1+%282759%29&types=error&sessionEventKey=f00f625d960a4d6b8ffd4317c6002915_2223317794908686310,1782c2128a0148281dace39bf8664159,f00f625d960a4d6b8ffd4317c6002915_2223317794908686310,,f00f625d960a4d6b8ffd4317c6002915,,2223317794908686310,70ed4a7d-ddb0-403b-b453-443ede483f93,,https://videoid-mobile.e-szigno.hu/identification/70ed4a7d-ddb0-403b-b453-443ede483f93,3.7.1 (2759),iOS 26.5.0,26,iPhone 14,"May 28, 2026, 11:28:33 AM",SelfServiceRuntimeError,30803,hu.microsec.eszigno.mobile.SelfServiceRuntimeError,Logged out videoId,eSzigno.SelfServicePresenter.Status.finished,PROD Release,downloaded,Facekom finished with state: finished,,,,,,,,,,,,,
https://console.firebase.google.com/project/webszigno-dev-1532086359290/crashlytics/app/ios:hu.microsec.eszigno.mobile/issues/1782c2128a0148281dace39bf8664159?time=90d&versions=3.7.1+%282759%29&types=error&sessionEventKey=f00f625d960a4d6b8ffd4317c6002915_2223317601635157989,1782c2128a0148281dace39bf8664159,f00f625d960a4d6b8ffd4317c6002915_2223317601635157989,,f00f625d960a4d6b8ffd4317c6002915,,2223317601635157989,70ed4a7d-ddb0-403b-b453-443ede483f93,,https://videoid-mobile.e-szigno.hu/identification/70ed4a7d-ddb0-403b-b453-443ede483f93,3.7.1 (2759),iOS 26.5.0,26,iPhone 14,"May 28, 2026, 11:27:48 AM",SelfServiceRuntimeError,30802,hu.microsec.eszigno.mobile.SelfServiceRuntimeError,Logged out videoId,eSzigno.SelfServicePresenter.Status.finished,PROD Release,downloaded,"FaceKom session did enter background at step: 2-factor, isVideoStep: false.",,,,,,,,,,,,,
https://console.firebase.google.com/project/webszigno-dev-1532086359290/crashlytics/app/ios:hu.microsec.eszigno.mobile/issues/1782c2128a0148281dace39bf8664159?time=90d&versions=3.7.1+%282759%29&types=error&sessionEventKey=97307bb2d3824546b99ac059e37472fc_2223316210698017228,1782c2128a0148281dace39bf8664159,97307bb2d3824546b99ac059e37472fc_2223316210698017228,,97307bb2d3824546b99ac059e37472fc,,2223316210698017228,897b5efa-5080-4516-92f7-50912532dd48,,https://videoid-mobile.e-szigno.hu/identification/897b5efa-5080-4516-92f7-50912532dd48,3.7.1 (2759),iOS 18.7.8,18,iPhone 13 Mini,"May 28, 2026, 11:22:24 AM",SelfServiceRuntimeError,30803,hu.microsec.eszigno.mobile.SelfServiceRuntimeError,videoId,eSzigno.SelfServicePresenter.Status.finished,PROD Release,downloaded,Facekom finished with state: finished,,,,,,,,,,,,,
https://console.firebase.google.com/project/webszigno-dev-1532086359290/crashlytics/app/ios:hu.microsec.eszigno.mobile/issues/1782c2128a0148281dace39bf8664159?time=90d&versions=3.7.1+%282759%29&types=error&sessionEventKey=97307bb2d3824546b99ac059e37472fc_2223316077554031051,1782c2128a0148281dace39bf8664159,97307bb2d3824546b99ac059e37472fc_2223316077554031051,,97307bb2d3824546b99ac059e37472fc,,2223316077554031051,897b5efa-5080-4516-92f7-50912532dd48,,https://videoid-mobile.e-szigno.hu/identification/897b5efa-5080-4516-92f7-50912532dd48,3.7.1 (2759),iOS 18.7.8,18,iPhone 13 Mini,"May 28, 2026, 11:21:53 AM",SelfServiceRuntimeError,30802,hu.microsec.eszigno.mobile.SelfServiceRuntimeError,videoId,eSzigno.SelfServicePresenter.Status.finished,PROD Release,downloaded,"FaceKom session did enter background at step: 2-factor, isVideoStep: false.",,,,,,,,,,,,,
https://console.firebase.google.com/project/webszigno-dev-1532086359290/crashlytics/app/ios:hu.microsec.eszigno.mobile/issues/1782c2128a0148281dace39bf8664159?time=90d&versions=3.7.1+%282759%29&types=error&sessionEventKey=f00f625d960a4d6b8ffd4317c6002915_2223316003907323876,1782c2128a0148281dace39bf8664159,f00f625d960a4d6b8ffd4317c6002915_2223316003907323876,,f00f625d960a4d6b8ffd4317c6002915,,2223316003907323876,70ed4a7d-ddb0-403b-b453-443ede483f93,,https://videoid-mobile.e-szigno.hu/identification/70ed4a7d-ddb0-403b-b453-443ede483f93,3.7.1 (2759),iOS 26.5.0,26,iPhone 14,"May 28, 2026, 11:21:36 AM",SelfServiceRuntimeError,30804,hu.microsec.eszigno.mobile.SelfServiceRuntimeError,Logged out videoId,eSzigno.SelfServicePresenter.Status.finished,PROD Release,downloaded,FaceKom session disconnected: close while not in video step,,,,,,,,,,,,,
https://console.firebase.google.com/project/webszigno-dev-1532086359290/crashlytics/app/ios:hu.microsec.eszigno.mobile/issues/1782c2128a0148281dace39bf8664159?time=90d&versions=3.7.1+%282759%29&types=error&sessionEventKey=f00f625d960a4d6b8ffd4317c6002915_2223315492806215650,1782c2128a0148281dace39bf8664159,f00f625d960a4d6b8ffd4317c6002915_2223315492806215650,,f00f625d960a4d6b8ffd4317c6002915,,2223315492806215650,70ed4a7d-ddb0-403b-b453-443ede483f93,,https://videoid-mobile.e-szigno.hu/identification/70ed4a7d-ddb0-403b-b453-443ede483f93,3.7.1 (2759),iOS 26.5.0,26,iPhone 14,"May 28, 2026, 11:19:37 AM",SelfServiceRuntimeError,30804,hu.microsec.eszigno.mobile.SelfServiceRuntimeError,Logged out videoId,eSzigno.SelfServicePresenter.Status.finished,PROD Release,downloaded,FaceKom session disconnected: close while not in video step,,,,,,,,,,,,,
https://console.firebase.google.com/project/webszigno-dev-1532086359290/crashlytics/app/ios:hu.microsec.eszigno.mobile/issues/1782c2128a0148281dace39bf8664159?time=90d&versions=3.7.1+%282759%29&types=error&sessionEventKey=f00f625d960a4d6b8ffd4317c6002915_2223315488511248353,1782c2128a0148281dace39bf8664159,f00f625d960a4d6b8ffd4317c6002915_2223315488511248353,,f00f625d960a4d6b8ffd4317c6002915,,2223315488511248353,70ed4a7d-ddb0-403b-b453-443ede483f93,,https://videoid-mobile.e-szigno.hu/identification/70ed4a7d-ddb0-403b-b453-443ede483f93,3.7.1 (2759),iOS 26.5.0,26,iPhone 14,"May 28, 2026, 11:19:36 AM",SelfServiceRuntimeError,30803,hu.microsec.eszigno.mobile.SelfServiceRuntimeError,Logged out videoId,eSzigno.SelfServicePresenter.Status.finished,PROD Release,downloaded,"Facekom finished with state: aborted(message: Optional(""Ismeretlen hiba történt!""))",,,,,,,,,,,,,
https://console.firebase.google.com/project/webszigno-dev-1532086359290/crashlytics/app/ios:hu.microsec.eszigno.mobile/issues/1782c2128a0148281dace39bf8664159?time=90d&versions=3.7.1+%282759%29&types=error&sessionEventKey=f00f625d960a4d6b8ffd4317c6002915_2223315475626346464,1782c2128a0148281dace39bf8664159,f00f625d960a4d6b8ffd4317c6002915_2223315475626346464,,f00f625d960a4d6b8ffd4317c6002915,,2223315475626346464,70ed4a7d-ddb0-403b-b453-443ede483f93,,https://videoid-mobile.e-szigno.hu/identification/70ed4a7d-ddb0-403b-b453-443ede483f93,3.7.1 (2759),iOS 26.5.0,26,iPhone 14,"May 28, 2026, 11:19:33 AM",SelfServiceRuntimeError,30803,hu.microsec.eszigno.mobile.SelfServiceRuntimeError,Logged out videoId,eSzigno.SelfServicePresenter.Status.finished,PROD Release,downloaded,"Facekom finished with state: aborted(message: Optional(""Ismeretlen hiba történt!""))",,,,,,,,,,,,,
https://console.firebase.google.com/project/webszigno-dev-1532086359290/crashlytics/app/ios:hu.microsec.eszigno.mobile/issues/1782c2128a0148281dace39bf8664159?time=90d&versions=3.7.1+%282759%29&types=error&sessionEventKey=97307bb2d3824546b99ac059e37472fc_2223314767589005770,1782c2128a0148281dace39bf8664159,97307bb2d3824546b99ac059e37472fc_2223314767589005770,,97307bb2d3824546b99ac059e37472fc,,2223314767589005770,897b5efa-5080-4516-92f7-50912532dd48,,https://videoid-mobile.e-szigno.hu/identification/897b5efa-5080-4516-92f7-50912532dd48,3.7.1 (2759),iOS 18.7.8,18,iPhone 13 Mini,"May 28, 2026, 11:16:48 AM",SelfServiceRuntimeError,30803,hu.microsec.eszigno.mobile.SelfServiceRuntimeError,videoId,eSzigno.SelfServicePresenter.Status.finished,PROD Release,downloaded,"Facekom finished with state: aborted(message: Optional(""Ismeretlen hiba történt!""))",,,,,,,,,,,,,
https://console.firebase.google.com/project/webszigno-dev-1532086359290/crashlytics/app/ios:hu.microsec.eszigno.mobile/issues/1782c2128a0148281dace39bf8664159?time=90d&versions=3.7.1+%282759%29&types=error&sessionEventKey=97307bb2d3824546b99ac059e37472fc_2223314763294038472,1782c2128a0148281dace39bf8664159,97307bb2d3824546b99ac059e37472fc_2223314763294038472,,97307bb2d3824546b99ac059e37472fc,,2223314763294038472,897b5efa-5080-4516-92f7-50912532dd48,,https://videoid-mobile.e-szigno.hu/identification/897b5efa-5080-4516-92f7-50912532dd48,3.7.1 (2759),iOS 18.7.8,18,iPhone 13 Mini,"May 28, 2026, 11:16:47 AM",SelfServiceRuntimeError,30802,hu.microsec.eszigno.mobile.SelfServiceRuntimeError,videoId,eSzigno.SelfServicePresenter.Status.finished,PROD Release,downloaded,"FaceKom session did enter background at step: deepfake-detection, isVideoStep: true.",,,,,,,,,,,,,
https://console.firebase.google.com/project/webszigno-dev-1532086359290/crashlytics/app/ios:hu.microsec.eszigno.mobile/issues/1782c2128a0148281dace39bf8664159?time=90d&versions=3.7.1+%282759%29&types=error&sessionEventKey=97307bb2d3824546b99ac059e37472fc_2223313938660317639,1782c2128a0148281dace39bf8664159,97307bb2d3824546b99ac059e37472fc_2223313938660317639,,97307bb2d3824546b99ac059e37472fc,,2223313938660317639,897b5efa-5080-4516-92f7-50912532dd48,,https://videoid-mobile.e-szigno.hu/identification/897b5efa-5080-4516-92f7-50912532dd48,3.7.1 (2759),iOS 18.7.8,18,iPhone 13 Mini,"May 28, 2026, 11:13:35 AM",SelfServiceRuntimeError,30803,hu.microsec.eszigno.mobile.SelfServiceRuntimeError,videoId,eSzigno.SelfServicePresenter.Status.finished,PROD Release,downloaded,"Facekom finished with state: aborted(message: Optional(""Ismeretlen hiba történt!""))",,,,,,,,,,,,,
https://console.firebase.google.com/project/webszigno-dev-1532086359290/crashlytics/app/ios:hu.microsec.eszigno.mobile/issues/1782c2128a0148281dace39bf8664159?time=90d&versions=3.7.1+%282759%29&types=error&sessionEventKey=e9bd1ff6898b4a389897722eb98217eb_2223311474717896316,1782c2128a0148281dace39bf8664159,e9bd1ff6898b4a389897722eb98217eb_2223311474717896316,,e9bd1ff6898b4a389897722eb98217eb,,2223311474717896316,ee2f1123-0393-4f80-b87b-cbb751cacf0b,,https://videoid-mobile.e-szigno.hu/identification/ee2f1123-0393-4f80-b87b-cbb751cacf0b,3.7.1 (2759),iOS 26.5.0,26,iPhone 17 Pro,"May 28, 2026, 11:04:01 AM",SelfServiceRuntimeError,30803,hu.microsec.eszigno.mobile.SelfServiceRuntimeError,videoId,eSzigno.SelfServicePresenter.Status.finished,PROD Release,not_available,Facekom finished with state: finished,,,,,,,,,,,,,
https://console.firebase.google.com/project/webszigno-dev-1532086359290/crashlytics/app/ios:hu.microsec.eszigno.mobile/issues/1782c2128a0148281dace39bf8664159?time=90d&versions=3.7.1+%282759%29&types=error&sessionEventKey=e9bd1ff6898b4a389897722eb98217eb_2223311285739335291,1782c2128a0148281dace39bf8664159,e9bd1ff6898b4a389897722eb98217eb_2223311285739335291,,e9bd1ff6898b4a389897722eb98217eb,,2223311285739335291,ee2f1123-0393-4f80-b87b-cbb751cacf0b,,https://videoid-mobile.e-szigno.hu/identification/ee2f1123-0393-4f80-b87b-cbb751cacf0b,3.7.1 (2759),iOS 26.5.0,26,iPhone 17 Pro,"May 28, 2026, 11:03:17 AM",SelfServiceRuntimeError,30802,hu.microsec.eszigno.mobile.SelfServiceRuntimeError,videoId,eSzigno.SelfServicePresenter.Status.finished,PROD Release,not_available,"FaceKom session did enter background at step: 2-factor, isVideoStep: false.",,,,,,,,,,,,,
https://console.firebase.google.com/project/webszigno-dev-1532086359290/crashlytics/app/ios:hu.microsec.eszigno.mobile/issues/1782c2128a0148281dace39bf8664159?time=90d&versions=3.7.1+%282759%29&types=error&sessionEventKey=e9bd1ff6898b4a389897722eb98217eb_2223310177637772921,1782c2128a0148281dace39bf8664159,e9bd1ff6898b4a389897722eb98217eb_2223310177637772921,,e9bd1ff6898b4a389897722eb98217eb,,2223310177637772921,ee2f1123-0393-4f80-b87b-cbb751cacf0b,,https://videoid-mobile.e-szigno.hu/identification/ee2f1123-0393-4f80-b87b-cbb751cacf0b,3.7.1 (2759),iOS 26.5.0,26,iPhone 17 Pro,"May 28, 2026, 10:58:59 AM",SelfServiceRuntimeError,30804,hu.microsec.eszigno.mobile.SelfServiceRuntimeError,videoId,eSzigno.SelfServicePresenter.Status.finished,PROD Release,not_available,FaceKom session disconnected: close while not in video step,,,,,,,,,,,,,
https://console.firebase.google.com/project/webszigno-dev-1532086359290/crashlytics/app/ios:hu.microsec.eszigno.mobile/issues/1782c2128a0148281dace39bf8664159?time=90d&versions=3.7.1+%282759%29&types=error&sessionEventKey=e9bd1ff6898b4a389897722eb98217eb_2223310169047838328,1782c2128a0148281dace39bf8664159,e9bd1ff6898b4a389897722eb98217eb_2223310169047838328,,e9bd1ff6898b4a389897722eb98217eb,,2223310169047838328,ee2f1123-0393-4f80-b87b-cbb751cacf0b,,https://videoid-mobile.e-szigno.hu/identification/ee2f1123-0393-4f80-b87b-cbb751cacf0b,3.7.1 (2759),iOS 26.5.0,26,iPhone 17 Pro,"May 28, 2026, 10:58:57 AM",SelfServiceRuntimeError,30803,hu.microsec.eszigno.mobile.SelfServiceRuntimeError,videoId,eSzigno.SelfServicePresenter.Status.finished,PROD Release,not_available,"Facekom finished with state: aborted(message: Optional(""Ismeretlen hiba történt!""))",,,,,,,,,,,,,
https://console.firebase.google.com/project/webszigno-dev-1532086359290/crashlytics/app/ios:hu.microsec.eszigno.mobile/issues/1782c2128a0148281dace39bf8664159?time=90d&versions=3.7.1+%282759%29&types=error&sessionEventKey=dda600750ae246f4843583fcc2c6d0e1_2223306062387383500,1782c2128a0148281dace39bf8664159,dda600750ae246f4843583fcc2c6d0e1_2223306062387383500,,dda600750ae246f4843583fcc2c6d0e1,,2223306062387383500,e1a5dcb2-61a8-4c8b-9797-eb92209a1430,,https://videoid-mobile.e-szigno.hu/identification/e1a5dcb2-61a8-4c8b-9797-eb92209a1430,3.7.1 (2759),iOS 26.5.0,26,iPhone 16 Pro,"May 28, 2026, 10:43:01 AM",SelfServiceRuntimeError,30803,hu.microsec.eszigno.mobile.SelfServiceRuntimeError,videoId,eSzigno.SelfServicePresenter.Status.finished,PROD Release,not_available,Facekom finished with state: finished,,,,,,,,,,,,,
https://console.firebase.google.com/project/webszigno-dev-1532086359290/crashlytics/app/ios:hu.microsec.eszigno.mobile/issues/1782c2128a0148281dace39bf8664159?time=90d&versions=3.7.1+%282759%29&types=error&sessionEventKey=dda600750ae246f4843583fcc2c6d0e1_2223305147559349451,1782c2128a0148281dace39bf8664159,dda600750ae246f4843583fcc2c6d0e1_2223305147559349451,,dda600750ae246f4843583fcc2c6d0e1,,2223305147559349451,e1a5dcb2-61a8-4c8b-9797-eb92209a1430,,https://videoid-mobile.e-szigno.hu/identification/e1a5dcb2-61a8-4c8b-9797-eb92209a1430,3.7.1 (2759),iOS 26.5.0,26,iPhone 16 Pro,"May 28, 2026, 10:39:28 AM",SelfServiceRuntimeError,30804,hu.microsec.eszigno.mobile.SelfServiceRuntimeError,videoId,eSzigno.SelfServicePresenter.Status.finished,PROD Release,not_available,FaceKom session disconnected: close while not in video step,,,,,,,,,,,,,
https://console.firebase.google.com/project/webszigno-dev-1532086359290/crashlytics/app/ios:hu.microsec.eszigno.mobile/issues/1782c2128a0148281dace39bf8664159?time=90d&versions=3.7.1+%282759%29&types=error&sessionEventKey=dda600750ae246f4843583fcc2c6d0e1_2223305134674447562,1782c2128a0148281dace39bf8664159,dda600750ae246f4843583fcc2c6d0e1_2223305134674447562,,dda600750ae246f4843583fcc2c6d0e1,,2223305134674447562,e1a5dcb2-61a8-4c8b-9797-eb92209a1430,,https://videoid-mobile.e-szigno.hu/identification/e1a5dcb2-61a8-4c8b-9797-eb92209a1430,3.7.1 (2759),iOS 26.5.0,26,iPhone 16 Pro,"May 28, 2026, 10:39:25 AM",SelfServiceRuntimeError,30803,hu.microsec.eszigno.mobile.SelfServiceRuntimeError,videoId,eSzigno.SelfServicePresenter.Status.finished,PROD Release,not_available,Facekom finished with state: aborted(message: nil),,,,,,,,,,,,,
https://console.firebase.google.com/project/webszigno-dev-1532086359290/crashlytics/app/ios:hu.microsec.eszigno.mobile/issues/1782c2128a0148281dace39bf8664159?time=90d&versions=3.7.1+%282759%29&types=error&sessionEventKey=dda600750ae246f4843583fcc2c6d0e1_2223305134674447561,1782c2128a0148281dace39bf8664159,dda600750ae246f4843583fcc2c6d0e1_2223305134674447561,,dda600750ae246f4843583fcc2c6d0e1,,2223305134674447561,e1a5dcb2-61a8-4c8b-9797-eb92209a1430,,https://videoid-mobile.e-szigno.hu/identification/e1a5dcb2-61a8-4c8b-9797-eb92209a1430,3.7.1 (2759),iOS 26.5.0,26,iPhone 16 Pro,"May 28, 2026, 10:39:25 AM",SelfServiceRuntimeError,30803,hu.microsec.eszigno.mobile.SelfServiceRuntimeError,videoId,eSzigno.SelfServicePresenter.Status.finished,PROD Release,not_available,"Facekom finished with state: aborted(message: Optional(""Ismeretlen hiba történt!""))",,,,,,,,,,,,,
https://console.firebase.google.com/project/webszigno-dev-1532086359290/crashlytics/app/ios:hu.microsec.eszigno.mobile/issues/1782c2128a0148281dace39bf8664159?time=90d&versions=3.7.1+%282759%29&types=error&sessionEventKey=dda600750ae246f4843583fcc2c6d0e1_2223304232731315399,1782c2128a0148281dace39bf8664159,dda600750ae246f4843583fcc2c6d0e1_2223304232731315399,,dda600750ae246f4843583fcc2c6d0e1,,2223304232731315399,e1a5dcb2-61a8-4c8b-9797-eb92209a1430,,https://videoid-mobile.e-szigno.hu/identification/e1a5dcb2-61a8-4c8b-9797-eb92209a1430,3.7.1 (2759),iOS 26.5.0,26,iPhone 16 Pro,"May 28, 2026, 10:35:55 AM",SelfServiceRuntimeError,30803,hu.microsec.eszigno.mobile.SelfServiceRuntimeError,videoId,eSzigno.SelfServicePresenter.Status.finished,PROD Release,not_available,Facekom finished with state: finished,,,,,,,,,,,,,
https://console.firebase.google.com/project/webszigno-dev-1532086359290/crashlytics/app/ios:hu.microsec.eszigno.mobile/issues/1782c2128a0148281dace39bf8664159?time=90d&versions=3.7.1+%282759%29&types=error&sessionEventKey=dda600750ae246f4843583fcc2c6d0e1_2223303579896286406,1782c2128a0148281dace39bf8664159,dda600750ae246f4843583fcc2c6d0e1_2223303579896286406,,dda600750ae246f4843583fcc2c6d0e1,,2223303579896286406,e1a5dcb2-61a8-4c8b-9797-eb92209a1430,,https://videoid-mobile.e-szigno.hu/identification/e1a5dcb2-61a8-4c8b-9797-eb92209a1430,3.7.1 (2759),iOS 26.5.0,26,iPhone 16 Pro,"May 28, 2026, 10:33:23 AM",SelfServiceRuntimeError,30803,hu.microsec.eszigno.mobile.SelfServiceRuntimeError,videoId,eSzigno.SelfServicePresenter.Status.finished,PROD Release,not_available,"Facekom finished with state: aborted(message: Optional(""Ismeretlen hiba történt!""))",,,,,,,,,,,,,
https://console.firebase.google.com/project/webszigno-dev-1532086359290/crashlytics/app/ios:hu.microsec.eszigno.mobile/issues/1782c2128a0148281dace39bf8664159?time=90d&versions=3.7.1+%282759%29&types=error&sessionEventKey=69a32c18107e4049923f52437bf66035_2223296983371085133,1782c2128a0148281dace39bf8664159,69a32c18107e4049923f52437bf66035_2223296983371085133,,69a32c18107e4049923f52437bf66035,,2223296983371085133,46592c8f-2305-471e-8e74-b2af4bd14e88,,https://videoid-mobile.e-szigno.hu/identification/46592c8f-2305-471e-8e74-b2af4bd14e88,3.7.1 (2759),iOS 26.3.1,26,iPhone 11,"May 28, 2026, 10:07:47 AM",SelfServiceRuntimeError,30803,hu.microsec.eszigno.mobile.SelfServiceRuntimeError,videoId,eSzigno.SelfServicePresenter.Status.finished,PROD Release,downloaded,Facekom finished with state: finished,,,,,,,,,,,,,
https://console.firebase.google.com/project/webszigno-dev-1532086359290/crashlytics/app/ios:hu.microsec.eszigno.mobile/issues/1782c2128a0148281dace39bf8664159?time=90d&versions=3.7.1+%282759%29&types=error&sessionEventKey=69a32c18107e4049923f52437bf66035_2223296845932131660,1782c2128a0148281dace39bf8664159,69a32c18107e4049923f52437bf66035_2223296845932131660,,69a32c18107e4049923f52437bf66035,,2223296845932131660,46592c8f-2305-471e-8e74-b2af4bd14e88,,https://videoid-mobile.e-szigno.hu/identification/46592c8f-2305-471e-8e74-b2af4bd14e88,3.7.1 (2759),iOS 26.3.1,26,iPhone 11,"May 28, 2026, 10:07:15 AM",SelfServiceRuntimeError,30802,hu.microsec.eszigno.mobile.SelfServiceRuntimeError,videoId,eSzigno.SelfServicePresenter.Status.finished,PROD Release,downloaded,"FaceKom session did enter background at step: 2-factor, isVideoStep: false.",,,,,,,,,,,,,
https://console.firebase.google.com/project/webszigno-dev-1532086359290/crashlytics/app/ios:hu.microsec.eszigno.mobile/issues/1782c2128a0148281dace39bf8664159?time=90d&versions=3.7.1+%282759%29&types=error&sessionEventKey=69a32c18107e4049923f52437bf66035_2223296317651154251,1782c2128a0148281dace39bf8664159,69a32c18107e4049923f52437bf66035_2223296317651154251,,69a32c18107e4049923f52437bf66035,,2223296317651154251,46592c8f-2305-471e-8e74-b2af4bd14e88,,https://videoid-mobile.e-szigno.hu/identification/46592c8f-2305-471e-8e74-b2af4bd14e88,3.7.1 (2759),iOS 26.3.1,26,iPhone 11,"May 28, 2026, 10:05:12 AM",SelfServiceRuntimeError,30802,hu.microsec.eszigno.mobile.SelfServiceRuntimeError,videoId,eSzigno.SelfServicePresenter.Status.finished,PROD Release,downloaded,"FaceKom session did enter background at step: id-front, isVideoStep: false.",,,,,,,,,,,,,
https://console.firebase.google.com/project/webszigno-dev-1532086359290/crashlytics/app/ios:hu.microsec.eszigno.mobile/issues/1782c2128a0148281dace39bf8664159?time=90d&versions=3.7.1+%282759%29&types=error&sessionEventKey=89df56977ff44a519225f8eac49480ec_2223289538079092727,1782c2128a0148281dace39bf8664159,89df56977ff44a519225f8eac49480ec_2223289538079092727,,89df56977ff44a519225f8eac49480ec,,2223289538079092727,e42ef045-833f-4cbb-a4e0-55a8331e8d53,-1779458590,https://videoid-mobile.e-szigno.hu/identification/e42ef045-833f-4cbb-a4e0-55a8331e8d53-1779458590,3.7.1 (2759),iOS 26.1.0,26,iPhone 14,"May 28, 2026, 9:38:54 AM",SelfServiceRuntimeError,30803,hu.microsec.eszigno.mobile.SelfServiceRuntimeError,Logged out videoId,eSzigno.SelfServicePresenter.Status.aborted,PROD Release,downloaded,"Facekom finished with state: aborted(message: Optional(""Ismeretlen hiba történt!""))",,,,,,,,,,,,,
https://console.firebase.google.com/project/webszigno-dev-1532086359290/crashlytics/app/ios:hu.microsec.eszigno.mobile/issues/1782c2128a0148281dace39bf8664159?time=90d&versions=3.7.1+%282759%29&types=error&sessionEventKey=0cfb4750c4d942468d655299a6fbcfb3_2223289087138166866,1782c2128a0148281dace39bf8664159,0cfb4750c4d942468d655299a6fbcfb3_2223289087138166866,,0cfb4750c4d942468d655299a6fbcfb3,,2223289087138166866,e42ef045-833f-4cbb-a4e0-55a8331e8d53,-1779458590,https://videoid-mobile.e-szigno.hu/identification/e42ef045-833f-4cbb-a4e0-55a8331e8d53-1779458590,3.7.1 (2759),iOS 26.1.0,26,iPhone 14,"May 28, 2026, 9:37:09 AM",SelfServiceRuntimeError,30803,hu.microsec.eszigno.mobile.SelfServiceRuntimeError,Logged out videoId,eSzigno.SelfServicePresenter.Status.aborted,PROD Release,downloaded,"Facekom finished with state: aborted(message: Optional(""Ismeretlen hiba történt!""))",,,,,,,,,,,,,
https://console.firebase.google.com/project/webszigno-dev-1532086359290/crashlytics/app/ios:hu.microsec.eszigno.mobile/issues/1782c2128a0148281dace39bf8664159?time=90d&versions=3.7.1+%282759%29&types=error&sessionEventKey=0cfb4750c4d942468d655299a6fbcfb3_2223289087138166864,1782c2128a0148281dace39bf8664159,0cfb4750c4d942468d655299a6fbcfb3_2223289087138166864,,0cfb4750c4d942468d655299a6fbcfb3,,2223289087138166864,e42ef045-833f-4cbb-a4e0-55a8331e8d53,-1779458590,https://videoid-mobile.e-szigno.hu/identification/e42ef045-833f-4cbb-a4e0-55a8331e8d53-1779458590,3.7.1 (2759),iOS 26.1.0,26,iPhone 14,"May 28, 2026, 9:37:09 AM",SelfServiceRuntimeError,30802,hu.microsec.eszigno.mobile.SelfServiceRuntimeError,Logged out videoId,eSzigno.SelfServicePresenter.Status.aborted,PROD Release,downloaded,"FaceKom session did enter background at step: voice-liveness-check, isVideoStep: true.",,,,,,,,,,,,,
https://console.firebase.google.com/project/webszigno-dev-1532086359290/crashlytics/app/ios:hu.microsec.eszigno.mobile/issues/1782c2128a0148281dace39bf8664159?time=90d&versions=3.7.1+%282759%29&types=error&sessionEventKey=6c8b0128318f44909abfd1d931fd04ec_2223270557344874308,1782c2128a0148281dace39bf8664159,6c8b0128318f44909abfd1d931fd04ec_2223270557344874308,,6c8b0128318f44909abfd1d931fd04ec,,2223270557344874308,d48d5c01-0678-4bdc-802f-31fc001c867a,,https://videoid-mobile.e-szigno.hu/identification/d48d5c01-0678-4bdc-802f-31fc001c867a,3.7.1 (2759),iOS 26.5.0,26,iPhone 15 Pro Max,"May 28, 2026, 8:25:14 AM",SelfServiceRuntimeError,30802,hu.microsec.eszigno.mobile.SelfServiceRuntimeError,videoId,,PROD Release,downloaded,"FaceKom session did enter background at step: voice-liveness-check, isVideoStep: true.",,,,,,,,,,,,,
https://console.firebase.google.com/project/webszigno-dev-1532086359290/crashlytics/app/ios:hu.microsec.eszigno.mobile/issues/1782c2128a0148281dace39bf8664159?time=90d&versions=3.7.1+%282759%29&types=error&sessionEventKey=e277a0ddc9484d2e88991ad45cf1f928_2223251287164630408,1782c2128a0148281dace39bf8664159,e277a0ddc9484d2e88991ad45cf1f928_2223251287164630408,,e277a0ddc9484d2e88991ad45cf1f928,,2223251287164630408,17001e11-9a66-482e-84eb-e30b5b1d2d4b,-1779437979,https://videoid-mobile.e-szigno.hu/identification/17001e11-9a66-482e-84eb-e30b5b1d2d4b-1779437979,3.7.1 (2759),iOS 26.2.1,26,iPhone 13 Mini,"May 28, 2026, 7:10:28 AM",SelfServiceRuntimeError,30803,hu.microsec.eszigno.mobile.SelfServiceRuntimeError,videoId,,PROD Release,downloaded,Facekom finished with state: aborted(message: nil),,,,,,,,,,,,,
https://console.firebase.google.com/project/webszigno-dev-1532086359290/crashlytics/app/ios:hu.microsec.eszigno.mobile/issues/1782c2128a0148281dace39bf8664159?time=90d&versions=3.7.1+%282759%29&types=error&sessionEventKey=e277a0ddc9484d2e88991ad45cf1f928_2223251149725676934,1782c2128a0148281dace39bf8664159,e277a0ddc9484d2e88991ad45cf1f928_2223251149725676934,,e277a0ddc9484d2e88991ad45cf1f928,,2223251149725676934,17001e11-9a66-482e-84eb-e30b5b1d2d4b,-1779437979,https://videoid-mobile.e-szigno.hu/identification/17001e11-9a66-482e-84eb-e30b5b1d2d4b-1779437979,3.7.1 (2759),iOS 26.2.1,26,iPhone 13 Mini,"May 28, 2026, 7:09:56 AM",SelfServiceRuntimeError,30803,hu.microsec.eszigno.mobile.SelfServiceRuntimeError,videoId,,PROD Release,downloaded,Facekom finished with state: aborted(message: nil),,,,,,,,,,,,,
https://console.firebase.google.com/project/webszigno-dev-1532086359290/crashlytics/app/ios:hu.microsec.eszigno.mobile/issues/1782c2128a0148281dace39bf8664159?time=90d&versions=3.7.1+%282759%29&types=error&sessionEventKey=e277a0ddc9484d2e88991ad45cf1f928_2223250591379928453,1782c2128a0148281dace39bf8664159,e277a0ddc9484d2e88991ad45cf1f928_2223250591379928453,,e277a0ddc9484d2e88991ad45cf1f928,,2223250591379928453,17001e11-9a66-482e-84eb-e30b5b1d2d4b,-1779437979,https://videoid-mobile.e-szigno.hu/identification/17001e11-9a66-482e-84eb-e30b5b1d2d4b-1779437979,3.7.1 (2759),iOS 26.2.1,26,iPhone 13 Mini,"May 28, 2026, 7:07:46 AM",SelfServiceRuntimeError,30804,hu.microsec.eszigno.mobile.SelfServiceRuntimeError,videoId,,PROD Release,downloaded,FaceKom session disconnected: close while not in video step,,,,,,,,,,,,,
https://console.firebase.google.com/project/webszigno-dev-1532086359290/crashlytics/app/ios:hu.microsec.eszigno.mobile/issues/1782c2128a0148281dace39bf8664159?time=90d&versions=3.7.1+%282759%29&types=error&sessionEventKey=e277a0ddc9484d2e88991ad45cf1f928_2223250458235942276,1782c2128a0148281dace39bf8664159,e277a0ddc9484d2e88991ad45cf1f928_2223250458235942276,,e277a0ddc9484d2e88991ad45cf1f928,,2223250458235942276,17001e11-9a66-482e-84eb-e30b5b1d2d4b,-1779437979,https://videoid-mobile.e-szigno.hu/identification/17001e11-9a66-482e-84eb-e30b5b1d2d4b-1779437979,3.7.1 (2759),iOS 26.2.1,26,iPhone 13 Mini,"May 28, 2026, 7:07:15 AM",SelfServiceRuntimeError,30802,hu.microsec.eszigno.mobile.SelfServiceRuntimeError,videoId,,PROD Release,downloaded,"FaceKom session did enter background at step: 2-factor, isVideoStep: false.",,,,,,,,,,,,,
https://console.firebase.google.com/project/webszigno-dev-1532086359290/crashlytics/app/ios:hu.microsec.eszigno.mobile/issues/1782c2128a0148281dace39bf8664159?time=90d&versions=3.7.1+%282759%29&types=error&sessionEventKey=e277a0ddc9484d2e88991ad45cf1f928_2223250136113395075,1782c2128a0148281dace39bf8664159,e277a0ddc9484d2e88991ad45cf1f928_2223250136113395075,,e277a0ddc9484d2e88991ad45cf1f928,,2223250136113395075,17001e11-9a66-482e-84eb-e30b5b1d2d4b,-1779437979,https://videoid-mobile.e-szigno.hu/identification/17001e11-9a66-482e-84eb-e30b5b1d2d4b-1779437979,3.7.1 (2759),iOS 26.2.1,26,iPhone 13 Mini,"May 28, 2026, 7:06:00 AM",SelfServiceRuntimeError,30802,hu.microsec.eszigno.mobile.SelfServiceRuntimeError,videoId,,PROD Release,downloaded,"FaceKom session did enter background at step: 2-factor, isVideoStep: false.",,,,,,,,,,,,,
https://console.firebase.google.com/project/webszigno-dev-1532086359290/crashlytics/app/ios:hu.microsec.eszigno.mobile/issues/1782c2128a0148281dace39bf8664159?time=90d&versions=3.7.1+%282759%29&types=error&sessionEventKey=e277a0ddc9484d2e88991ad45cf1f928_2223249856940520834,1782c2128a0148281dace39bf8664159,e277a0ddc9484d2e88991ad45cf1f928_2223249856940520834,,e277a0ddc9484d2e88991ad45cf1f928,,2223249856940520834,17001e11-9a66-482e-84eb-e30b5b1d2d4b,-1779437979,https://videoid-mobile.e-szigno.hu/identification/17001e11-9a66-482e-84eb-e30b5b1d2d4b-1779437979,3.7.1 (2759),iOS 26.2.1,26,iPhone 13 Mini,"May 28, 2026, 7:04:55 AM",SelfServiceRuntimeError,30802,hu.microsec.eszigno.mobile.SelfServiceRuntimeError,videoId,,PROD Release,downloaded,"FaceKom session did enter background at step: 2-factor, isVideoStep: false.",,,,,,,,,,,,,
https://console.firebase.google.com/project/webszigno-dev-1532086359290/crashlytics/app/ios:hu.microsec.eszigno.mobile/issues/1782c2128a0148281dace39bf8664159?time=90d&versions=3.7.1+%282759%29&types=error&sessionEventKey=c2a37a516a0e4d8e9f4ad5b7122c355b_2223113168051650453,1782c2128a0148281dace39bf8664159,c2a37a516a0e4d8e9f4ad5b7122c355b_2223113168051650453,,c2a37a516a0e4d8e9f4ad5b7122c355b,,2223113168051650453,6c9c40df-d55e-4095-a737-32bf325374dc,,https://videoid-mobile.e-szigno.hu/identification/6c9c40df-d55e-4095-a737-32bf325374dc,3.7.1 (2759),iOS 26.5.0,26,iPhone 12 Mini,"May 27, 2026, 10:14:29 PM",SelfServiceRuntimeError,30803,hu.microsec.eszigno.mobile.SelfServiceRuntimeError,videoId,eSzigno.SelfServicePresenter.Status.finished,PROD Release,downloaded,Facekom finished with state: finished,,,,,,,,,,,,,
https://console.firebase.google.com/project/webszigno-dev-1532086359290/crashlytics/app/ios:hu.microsec.eszigno.mobile/issues/1782c2128a0148281dace39bf8664159?time=90d&versions=3.7.1+%282759%29&types=error&sessionEventKey=c2a37a516a0e4d8e9f4ad5b7122c355b_2223111140827086740,1782c2128a0148281dace39bf8664159,c2a37a516a0e4d8e9f4ad5b7122c355b_2223111140827086740,,c2a37a516a0e4d8e9f4ad5b7122c355b,,2223111140827086740,6c9c40df-d55e-4095-a737-32bf325374dc,,https://videoid-mobile.e-szigno.hu/identification/6c9c40df-d55e-4095-a737-32bf325374dc,3.7.1 (2759),iOS 26.5.0,26,iPhone 12 Mini,"May 27, 2026, 10:06:37 PM",SelfServiceRuntimeError,30803,hu.microsec.eszigno.mobile.SelfServiceRuntimeError,videoId,eSzigno.SelfServicePresenter.Status.finished,PROD Release,downloaded,"Facekom finished with state: aborted(message: Optional(""Ismeretlen hiba történt!""))",,,,,,,,,,,,,
https://console.firebase.google.com/project/webszigno-dev-1532086359290/crashlytics/app/ios:hu.microsec.eszigno.mobile/issues/1782c2128a0148281dace39bf8664159?time=90d&versions=3.7.1+%282759%29&types=error&sessionEventKey=c2a37a516a0e4d8e9f4ad5b7122c355b_2223111136532119442,1782c2128a0148281dace39bf8664159,c2a37a516a0e4d8e9f4ad5b7122c355b_2223111136532119442,,c2a37a516a0e4d8e9f4ad5b7122c355b,,2223111136532119442,6c9c40df-d55e-4095-a737-32bf325374dc,,https://videoid-mobile.e-szigno.hu/identification/6c9c40df-d55e-4095-a737-32bf325374dc,3.7.1 (2759),iOS 26.5.0,26,iPhone 12 Mini,"May 27, 2026, 10:06:36 PM",SelfServiceRuntimeError,30802,hu.microsec.eszigno.mobile.SelfServiceRuntimeError,videoId,eSzigno.SelfServicePresenter.Status.finished,PROD Release,downloaded,"FaceKom session did enter background at step: deepfake-detection, isVideoStep: true.",,,,,,,,,,,,,
https://console.firebase.google.com/project/webszigno-dev-1532086359290/crashlytics/app/ios:hu.microsec.eszigno.mobile/issues/1782c2128a0148281dace39bf8664159?time=90d&versions=3.7.1+%282759%29&types=error&sessionEventKey=686afcbbe1b1401ca4adca049ec02077_2223097229039391172,1782c2128a0148281dace39bf8664159,686afcbbe1b1401ca4adca049ec02077_2223097229039391172,,686afcbbe1b1401ca4adca049ec02077,,2223097229039391172,9071cd7a-36bb-4003-abf0-20a38afbe0a1,,https://videoid-mobile.e-szigno.hu/identification/9071cd7a-36bb-4003-abf0-20a38afbe0a1,3.7.1 (2759),iOS 26.5.0,26,iPhone 12 Pro,"May 27, 2026, 9:12:38 PM",SelfServiceRuntimeError,30803,hu.microsec.eszigno.mobile.SelfServiceRuntimeError,videoId,eSzigno.SelfServicePresenter.Status.finished,PROD Release,downloaded,Facekom finished with state: finished,,,,,,,,,,,,,
https://console.firebase.google.com/project/webszigno-dev-1532086359290/crashlytics/app/ios:hu.microsec.eszigno.mobile/issues/1782c2128a0148281dace39bf8664159?time=90d&versions=3.7.1+%282759%29&types=error&sessionEventKey=686afcbbe1b1401ca4adca049ec02077_2223093513892680131,1782c2128a0148281dace39bf8664159,686afcbbe1b1401ca4adca049ec02077_2223093513892680131,,686afcbbe1b1401ca4adca049ec02077,,2223093513892680131,9071cd7a-36bb-4003-abf0-20a38afbe0a1,,https://videoid-mobile.e-szigno.hu/identification/9071cd7a-36bb-4003-abf0-20a38afbe0a1,3.7.1 (2759),iOS 26.5.0,26,iPhone 12 Pro,"May 27, 2026, 8:58:13 PM",SelfServiceRuntimeError,30803,hu.microsec.eszigno.mobile.SelfServiceRuntimeError,videoId,eSzigno.SelfServicePresenter.Status.finished,PROD Release,downloaded,"Facekom finished with state: aborted(message: Optional(""Ismeretlen hiba történt!""))",,,,,,,,,,,,,
https://console.firebase.google.com/project/webszigno-dev-1532086359290/crashlytics/app/ios:hu.microsec.eszigno.mobile/issues/1782c2128a0148281dace39bf8664159?time=90d&versions=3.7.1+%282759%29&types=error&sessionEventKey=3c7084e3e3664c668b9e466820919c61_2223090811529527653,1782c2128a0148281dace39bf8664159,3c7084e3e3664c668b9e466820919c61_2223090811529527653,,3c7084e3e3664c668b9e466820919c61,,2223090811529527653,853eeba9-3449-44b5-ab25-b413c58987ec,,https://videoid-mobile.e-szigno.hu/identification/853eeba9-3449-44b5-ab25-b413c58987ec,3.7.1 (2759),iOS 26.4.2,26,iPhone SE (3rd generation),"May 27, 2026, 8:47:44 PM",SelfServiceRuntimeError,30803,hu.microsec.eszigno.mobile.SelfServiceRuntimeError,videoId,eSzigno.SelfServicePresenter.Status.aborted,PROD Release,downloaded,"Facekom finished with state: aborted(message: Optional(""Unexpected error""))",,,,,,,,,,,,,
https://console.firebase.google.com/project/webszigno-dev-1532086359290/crashlytics/app/ios:hu.microsec.eszigno.mobile/issues/1782c2128a0148281dace39bf8664159?time=90d&versions=3.7.1+%282759%29&types=error&sessionEventKey=3c7084e3e3664c668b9e466820919c61_2223089982600839523,1782c2128a0148281dace39bf8664159,3c7084e3e3664c668b9e466820919c61_2223089982600839523,,3c7084e3e3664c668b9e466820919c61,,2223089982600839523,853eeba9-3449-44b5-ab25-b413c58987ec,,https://videoid-mobile.e-szigno.hu/identification/853eeba9-3449-44b5-ab25-b413c58987ec,3.7.1 (2759),iOS 26.4.2,26,iPhone SE (3rd generation),"May 27, 2026, 8:44:31 PM",SelfServiceRuntimeError,30803,hu.microsec.eszigno.mobile.SelfServiceRuntimeError,videoId,eSzigno.SelfServicePresenter.Status.aborted,PROD Release,downloaded,"Facekom finished with state: aborted(message: Optional(""Unexpected error""))",,,,,,,,,,,,,
https://console.firebase.google.com/project/webszigno-dev-1532086359290/crashlytics/app/ios:hu.microsec.eszigno.mobile/issues/1782c2128a0148281dace39bf8664159?time=90d&versions=3.7.1+%282759%29&types=error&sessionEventKey=3c7084e3e3664c668b9e466820919c61_2223088638276075873,1782c2128a0148281dace39bf8664159,3c7084e3e3664c668b9e466820919c61_2223088638276075873,,3c7084e3e3664c668b9e466820919c61,,2223088638276075873,853eeba9-3449-44b5-ab25-b413c58987ec,,https://videoid-mobile.e-szigno.hu/identification/853eeba9-3449-44b5-ab25-b413c58987ec,3.7.1 (2759),iOS 26.4.2,26,iPhone SE (3rd generation),"May 27, 2026, 8:39:18 PM",SelfServiceRuntimeError,30803,hu.microsec.eszigno.mobile.SelfServiceRuntimeError,videoId,eSzigno.SelfServicePresenter.Status.aborted,PROD Release,downloaded,"Facekom finished with state: aborted(message: Optional(""Unexpected error""))",,,,,,,,,,,,,
https://console.firebase.google.com/project/webszigno-dev-1532086359290/crashlytics/app/ios:hu.microsec.eszigno.mobile/issues/1782c2128a0148281dace39bf8664159?time=90d&versions=3.7.1+%282759%29&types=error&sessionEventKey=3c7084e3e3664c668b9e466820919c61_2223088204484378975,1782c2128a0148281dace39bf8664159,3c7084e3e3664c668b9e466820919c61_2223088204484378975,,3c7084e3e3664c668b9e466820919c61,,2223088204484378975,853eeba9-3449-44b5-ab25-b413c58987ec,,https://videoid-mobile.e-szigno.hu/identification/853eeba9-3449-44b5-ab25-b413c58987ec,3.7.1 (2759),iOS 26.4.2,26,iPhone SE (3rd generation),"May 27, 2026, 8:37:37 PM",SelfServiceRuntimeError,30803,hu.microsec.eszigno.mobile.SelfServiceRuntimeError,videoId,eSzigno.SelfServicePresenter.Status.aborted,PROD Release,downloaded,"Facekom finished with state: aborted(message: Optional(""Unexpected error""))",,,,,,,,,,,,,
https://console.firebase.google.com/project/webszigno-dev-1532086359290/crashlytics/app/ios:hu.microsec.eszigno.mobile/issues/1782c2128a0148281dace39bf8664159?time=90d&versions=3.7.1+%282759%29&types=error&sessionEventKey=1bdb8e2ae2754bc6b5f10adb3e97045a_2223046646497767664,1782c2128a0148281dace39bf8664159,1bdb8e2ae2754bc6b5f10adb3e97045a_2223046646497767664,,1bdb8e2ae2754bc6b5f10adb3e97045a,,2223046646497767664,788df0ca-349f-4989-8c2a-26149bf53791,,https://videoid-mobile.e-szigno.hu/identification/788df0ca-349f-4989-8c2a-26149bf53791,3.7.1 (2759),iOS 26.5.0,26,iPhone 13 Mini,"May 27, 2026, 5:56:21 PM",SelfServiceRuntimeError,30803,hu.microsec.eszigno.mobile.SelfServiceRuntimeError,videoId,eSzigno.SelfServicePresenter.Status.finished,PROD Release,downloaded,Facekom finished with state: finished,,,,,,,,,,,,,
https://console.firebase.google.com/project/webszigno-dev-1532086359290/crashlytics/app/ios:hu.microsec.eszigno.mobile/issues/1782c2128a0148281dace39bf8664159?time=90d&versions=3.7.1+%282759%29&types=error&sessionEventKey=1bdb8e2ae2754bc6b5f10adb3e97045a_2223046530533650671,1782c2128a0148281dace39bf8664159,1bdb8e2ae2754bc6b5f10adb3e97045a_2223046530533650671,,1bdb8e2ae2754bc6b5f10adb3e97045a,,2223046530533650671,788df0ca-349f-4989-8c2a-26149bf53791,,https://videoid-mobile.e-szigno.hu/identification/788df0ca-349f-4989-8c2a-26149bf53791,3.7.1 (2759),iOS 26.5.0,26,iPhone 13 Mini,"May 27, 2026, 5:55:54 PM",SelfServiceRuntimeError,30802,hu.microsec.eszigno.mobile.SelfServiceRuntimeError,videoId,eSzigno.SelfServicePresenter.Status.finished,PROD Release,downloaded,"FaceKom session did enter background at step: 2-factor, isVideoStep: false.",,,,,,,,,,,,,
https://console.firebase.google.com/project/webszigno-dev-1532086359290/crashlytics/app/ios:hu.microsec.eszigno.mobile/issues/1782c2128a0148281dace39bf8664159?time=90d&versions=3.7.1+%282759%29&types=error&sessionEventKey=0f28fdb9aa4c4ae0a359edbb658720e1_2223042151475587092,1782c2128a0148281dace39bf8664159,0f28fdb9aa4c4ae0a359edbb658720e1_2223042151475587092,,0f28fdb9aa4c4ae0a359edbb658720e1,,2223042151475587092,b380f7d8-603c-49ec-92d7-b48cd542c647,,https://videoid-mobile.e-szigno.hu/identification/b380f7d8-603c-49ec-92d7-b48cd542c647,3.7.1 (2759),iOS 26.5.0,26,iPhone 17,"May 27, 2026, 5:38:54 PM",SelfServiceRuntimeError,30803,hu.microsec.eszigno.mobile.SelfServiceRuntimeError,videoId,eSzigno.SelfServicePresenter.Status.finished,PROD Release,downloaded,Facekom finished with state: finished,,,,,,,,,,,,,
https://console.firebase.google.com/project/webszigno-dev-1532086359290/crashlytics/app/ios:hu.microsec.eszigno.mobile/issues/1782c2128a0148281dace39bf8664159?time=90d&versions=3.7.1+%282759%29&types=error&sessionEventKey=23c77b3a244b426da196672b335a6ccc_2223024137397199545,1782c2128a0148281dace39bf8664159,23c77b3a244b426da196672b335a6ccc_2223024137397199545,,23c77b3a244b426da196672b335a6ccc,,2223024137397199545,db5a0f03-72ef-4ac8-a442-14929e6d9ab2,,https://videoid-mobile.e-szigno.hu/identification/db5a0f03-72ef-4ac8-a442-14929e6d9ab2,3.7.1 (2759),iOS 26.4.2,26,iPhone 16,"May 27, 2026, 4:29:00 PM",SelfServiceRuntimeError,30803,hu.microsec.eszigno.mobile.SelfServiceRuntimeError,Logged out videoId,eSzigno.SelfServicePresenter.Status.finished,PROD Release,downloaded,Facekom finished with state: finished,,,,,,,,,,,,,
https://console.firebase.google.com/project/webszigno-dev-1532086359290/crashlytics/app/ios:hu.microsec.eszigno.mobile/issues/1782c2128a0148281dace39bf8664159?time=90d&versions=3.7.1+%282759%29&types=error&sessionEventKey=ceb92f289c7e49318232eeff23e458c1_2223023560672700431,1782c2128a0148281dace39bf8664159,ceb92f289c7e49318232eeff23e458c1_2223023560672700431,,ceb92f289c7e49318232eeff23e458c1,,2223023560672700431,3b4c2141-58c5-4fa9-b6d0-c71ea55d50ef,,https://videoid-mobile.e-szigno.hu/identification/3b4c2141-58c5-4fa9-b6d0-c71ea55d50ef,3.7.1 (2759),iOS 26.4.1,26,iPhone 15 Pro,"May 27, 2026, 4:26:46 PM",SelfServiceRuntimeError,30803,hu.microsec.eszigno.mobile.SelfServiceRuntimeError,videoId,eSzigno.SelfServicePresenter.Status.finished,PROD Release,downloaded,Facekom finished with state: finished,,,,,,,,,,,,,
https://console.firebase.google.com/project/webszigno-dev-1532086359290/crashlytics/app/ios:hu.microsec.eszigno.mobile/issues/1782c2128a0148281dace39bf8664159?time=90d&versions=3.7.1+%282759%29&types=error&sessionEventKey=ceb92f289c7e49318232eeff23e458c1_2223023470478387214,1782c2128a0148281dace39bf8664159,ceb92f289c7e49318232eeff23e458c1_2223023470478387214,,ceb92f289c7e49318232eeff23e458c1,,2223023470478387214,3b4c2141-58c5-4fa9-b6d0-c71ea55d50ef,,https://videoid-mobile.e-szigno.hu/identification/3b4c2141-58c5-4fa9-b6d0-c71ea55d50ef,3.7.1 (2759),iOS 26.4.1,26,iPhone 15 Pro,"May 27, 2026, 4:26:25 PM",SelfServiceRuntimeError,30802,hu.microsec.eszigno.mobile.SelfServiceRuntimeError,videoId,eSzigno.SelfServicePresenter.Status.finished,PROD Release,downloaded,"FaceKom session did enter background at step: 2-factor, isVideoStep: false.",,,,,,,,,,,,,
https://console.firebase.google.com/project/webszigno-dev-1532086359290/crashlytics/app/ios:hu.microsec.eszigno.mobile/issues/1782c2128a0148281dace39bf8664159?time=90d&versions=3.7.1+%282759%29&types=error&sessionEventKey=23c77b3a244b426da196672b335a6ccc_2223022831727141559,1782c2128a0148281dace39bf8664159,23c77b3a244b426da196672b335a6ccc_2223022831727141559,,23c77b3a244b426da196672b335a6ccc,,2223022831727141559,db5a0f03-72ef-4ac8-a442-14929e6d9ab2,,https://videoid-mobile.e-szigno.hu/identification/db5a0f03-72ef-4ac8-a442-14929e6d9ab2,3.7.1 (2759),iOS 26.4.2,26,iPhone 16,"May 27, 2026, 4:23:56 PM",SelfServiceRuntimeError,30803,hu.microsec.eszigno.mobile.SelfServiceRuntimeError,Logged out videoId,eSzigno.SelfServicePresenter.Status.finished,PROD Release,downloaded,"Facekom finished with state: failed(title: Optional(""Sikertelen ellenőrzés""), subtitle: Optional(""Hibakód: 0006\nA QR-kód leolvasásával indítsa újra a folyamatot!""), message: nil)",,,,,,,,,,,,,
https://console.firebase.google.com/project/webszigno-dev-1532086359290/crashlytics/app/ios:hu.microsec.eszigno.mobile/issues/1782c2128a0148281dace39bf8664159?time=90d&versions=3.7.1+%282759%29&types=error&sessionEventKey=6d26a71ae55e4f6e8808d2f7f73fab4c_2222988231333378880,1782c2128a0148281dace39bf8664159,6d26a71ae55e4f6e8808d2f7f73fab4c_2222988231333378880,,6d26a71ae55e4f6e8808d2f7f73fab4c,,2222988231333378880,3ed5845e-e4fd-4fd7-b48f-2a88c05c5156,,https://videoid-mobile.e-szigno.hu/identification/3ed5845e-e4fd-4fd7-b48f-2a88c05c5156,3.7.1 (2759),iOS 26.5.0,26,iPhone 17,"May 27, 2026, 2:09:40 PM",SelfServiceRuntimeError,30803,hu.microsec.eszigno.mobile.SelfServiceRuntimeError,videoId,eSzigno.SelfServicePresenter.Status.finished,PROD Release,downloaded,Facekom finished with state: finished,,,,,,,,,,,,,
https://console.firebase.google.com/project/webszigno-dev-1532086359290/crashlytics/app/ios:hu.microsec.eszigno.mobile/issues/1782c2128a0148281dace39bf8664159?time=90d&versions=3.7.1+%282759%29&types=error&sessionEventKey=6d26a71ae55e4f6e8808d2f7f73fab4c_2222988136844098367,1782c2128a0148281dace39bf8664159,6d26a71ae55e4f6e8808d2f7f73fab4c_2222988136844098367,,6d26a71ae55e4f6e8808d2f7f73fab4c,,2222988136844098367,3ed5845e-e4fd-4fd7-b48f-2a88c05c5156,,https://videoid-mobile.e-szigno.hu/identification/3ed5845e-e4fd-4fd7-b48f-2a88c05c5156,3.7.1 (2759),iOS 26.5.0,26,iPhone 17,"May 27, 2026, 2:09:18 PM",SelfServiceRuntimeError,30802,hu.microsec.eszigno.mobile.SelfServiceRuntimeError,videoId,eSzigno.SelfServicePresenter.Status.finished,PROD Release,downloaded,"FaceKom session did enter background at step: 2-factor, isVideoStep: false.",,,,,,,,,,,,,
https://console.firebase.google.com/project/webszigno-dev-1532086359290/crashlytics/app/ios:hu.microsec.eszigno.mobile/issues/1782c2128a0148281dace39bf8664159?time=90d&versions=3.7.1+%282759%29&types=error&sessionEventKey=01ca66ea446e44bea4af736e42e6d3f8_2222985159672234155,1782c2128a0148281dace39bf8664159,01ca66ea446e44bea4af736e42e6d3f8_2222985159672234155,,01ca66ea446e44bea4af736e42e6d3f8,,2222985159672234155,35ea5996-e697-410f-b778-0a8717a3e4cf,,https://videoid-mobile.e-szigno.hu/identification/35ea5996-e697-410f-b778-0a8717a3e4cf,3.7.1 (2759),iOS 18.6.2,18,iPhone 12,"May 27, 2026, 1:57:45 PM",SelfServiceRuntimeError,30803,hu.microsec.eszigno.mobile.SelfServiceRuntimeError,videoId,eSzigno.SelfServicePresenter.Status.finished,PROD Release,downloaded,Facekom finished with state: finished,,,,,,,,,,,,,
https://console.firebase.google.com/project/webszigno-dev-1532086359290/crashlytics/app/ios:hu.microsec.eszigno.mobile/issues/1782c2128a0148281dace39bf8664159?time=90d&versions=3.7.1+%282759%29&types=error&sessionEventKey=01ca66ea446e44bea4af736e42e6d3f8_2222983854002176170,1782c2128a0148281dace39bf8664159,01ca66ea446e44bea4af736e42e6d3f8_2222983854002176170,,01ca66ea446e44bea4af736e42e6d3f8,,2222983854002176170,35ea5996-e697-410f-b778-0a8717a3e4cf,,https://videoid-mobile.e-szigno.hu/identification/35ea5996-e697-410f-b778-0a8717a3e4cf,3.7.1 (2759),iOS 18.6.2,18,iPhone 12,"May 27, 2026, 1:52:41 PM",SelfServiceRuntimeError,30803,hu.microsec.eszigno.mobile.SelfServiceRuntimeError,videoId,eSzigno.SelfServicePresenter.Status.finished,PROD Release,downloaded,"Facekom finished with state: aborted(message: Optional(""Unexpected error""))",,,,,,,,,,,,,
https://console.firebase.google.com/project/webszigno-dev-1532086359290/crashlytics/app/ios:hu.microsec.eszigno.mobile/issues/1782c2128a0148281dace39bf8664159?time=90d&versions=3.7.1+%282759%29&types=error&sessionEventKey=0026a01371494a708d856f6326fe2be2_2222982762910180360,1782c2128a0148281dace39bf8664159,0026a01371494a708d856f6326fe2be2_2222982762910180360,,0026a01371494a708d856f6326fe2be2,,2222982762910180360,35ea5996-e697-410f-b778-0a8717a3e4cf,,https://videoid-mobile.e-szigno.hu/identification/35ea5996-e697-410f-b778-0a8717a3e4cf,3.7.1 (2759),iOS 18.6.2,18,iPhone 12,"May 27, 2026, 1:48:27 PM",SelfServiceRuntimeError,30803,hu.microsec.eszigno.mobile.SelfServiceRuntimeError,videoId,eSzigno.SelfServicePresenter.Status.failed,PROD Release,downloaded,"Facekom finished with state: failed(title: Optional(""Verification failure""), subtitle: Optional(""The available attempts have been exhausted, restart the process by reading the QR code.""), message: nil)",,,,,,,,,,,,,
https://console.firebase.google.com/project/webszigno-dev-1532086359290/crashlytics/app/ios:hu.microsec.eszigno.mobile/issues/1782c2128a0148281dace39bf8664159?time=90d&versions=3.7.1+%282759%29&types=error&sessionEventKey=0026a01371494a708d856f6326fe2be2_2222981495894828038,1782c2128a0148281dace39bf8664159,0026a01371494a708d856f6326fe2be2_2222981495894828038,,0026a01371494a708d856f6326fe2be2,,2222981495894828038,35ea5996-e697-410f-b778-0a8717a3e4cf,,https://videoid-mobile.e-szigno.hu/identification/35ea5996-e697-410f-b778-0a8717a3e4cf,3.7.1 (2759),iOS 18.6.2,18,iPhone 12,"May 27, 2026, 1:43:32 PM",SelfServiceRuntimeError,30803,hu.microsec.eszigno.mobile.SelfServiceRuntimeError,videoId,eSzigno.SelfServicePresenter.Status.failed,PROD Release,downloaded,"Facekom finished with state: failed(title: Optional(""Verification failure""), subtitle: Optional(""The available attempts have been exhausted, restart the process by reading the QR code.""), message: nil)",,,,,,,,,,,,,
https://console.firebase.google.com/project/webszigno-dev-1532086359290/crashlytics/app/ios:hu.microsec.eszigno.mobile/issues/1782c2128a0148281dace39bf8664159?time=90d&versions=3.7.1+%282759%29&types=error&sessionEventKey=34811a95c15b494381a9228eec8e1df4_2222966209410148233,1782c2128a0148281dace39bf8664159,34811a95c15b494381a9228eec8e1df4_2222966209410148233,,34811a95c15b494381a9228eec8e1df4,,2222966209410148233,4dbaa2df-00be-452c-bd85-7c0869464187,-1779878067,https://videoid-mobile.e-szigno.hu/identification/4dbaa2df-00be-452c-bd85-7c0869464187-1779878067,3.7.1 (2759),iOS 26.5.0,26,iPhone 17 Pro Max,"May 27, 2026, 12:44:13 PM",SelfServiceRuntimeError,30803,hu.microsec.eszigno.mobile.SelfServiceRuntimeError,videoId,eSzigno.SelfServicePresenter.Status.finished,PROD Release,downloaded,Facekom finished with state: finished,,,,,,,,,,,,,
https://console.firebase.google.com/project/webszigno-dev-1532086359290/crashlytics/app/ios:hu.microsec.eszigno.mobile/issues/1782c2128a0148281dace39bf8664159?time=90d&versions=3.7.1+%282759%29&types=error&sessionEventKey=36e9a6ea73854476bb32968101aae55d_2222946967155469440,1782c2128a0148281dace39bf8664159,36e9a6ea73854476bb32968101aae55d_2222946967155469440,,36e9a6ea73854476bb32968101aae55d,,2222946967155469440,59f66bf9-f111-4894-bda1-5d58acab0474,,https://videoid-mobile.e-szigno.hu/identification/59f66bf9-f111-4894-bda1-5d58acab0474,3.7.1 (2759),iOS 26.2.0,26,iPhone 15 Pro,"May 27, 2026, 11:29:33 AM",SelfServiceRuntimeError,30803,hu.microsec.eszigno.mobile.SelfServiceRuntimeError,Logged out videoId,eSzigno.SelfServicePresenter.Status.finished,PROD Release,downloaded,Facekom finished with state: finished,,,,,,,,,,,,,
https://console.firebase.google.com/project/webszigno-dev-1532086359290/crashlytics/app/ios:hu.microsec.eszigno.mobile/issues/1782c2128a0148281dace39bf8664159?time=90d&versions=3.7.1+%282759%29&types=error&sessionEventKey=36e9a6ea73854476bb32968101aae55d_2222946902730959999,1782c2128a0148281dace39bf8664159,36e9a6ea73854476bb32968101aae55d_2222946902730959999,,36e9a6ea73854476bb32968101aae55d,,2222946902730959999,59f66bf9-f111-4894-bda1-5d58acab0474,,https://videoid-mobile.e-szigno.hu/identification/59f66bf9-f111-4894-bda1-5d58acab0474,3.7.1 (2759),iOS 26.2.0,26,iPhone 15 Pro,"May 27, 2026, 11:29:18 AM",SelfServiceRuntimeError,30802,hu.microsec.eszigno.mobile.SelfServiceRuntimeError,Logged out videoId,eSzigno.SelfServicePresenter.Status.finished,PROD Release,downloaded,"FaceKom session did enter background at step: 2-factor, isVideoStep: false.",,,,,,,,,,,,,
https://console.firebase.google.com/project/webszigno-dev-1532086359290/crashlytics/app/ios:hu.microsec.eszigno.mobile/issues/1782c2128a0148281dace39bf8664159?time=90d&versions=3.7.1+%282759%29&types=error&sessionEventKey=36e9a6ea73854476bb32968101aae55d_2222945837579070589,1782c2128a0148281dace39bf8664159,36e9a6ea73854476bb32968101aae55d_2222945837579070589,,36e9a6ea73854476bb32968101aae55d,,2222945837579070589,59f66bf9-f111-4894-bda1-5d58acab0474,,https://videoid-mobile.e-szigno.hu/identification/59f66bf9-f111-4894-bda1-5d58acab0474,3.7.1 (2759),iOS 26.2.0,26,iPhone 15 Pro,"May 27, 2026, 11:25:10 AM",SelfServiceRuntimeError,30804,hu.microsec.eszigno.mobile.SelfServiceRuntimeError,Logged out videoId,eSzigno.SelfServicePresenter.Status.finished,PROD Release,downloaded,FaceKom session disconnected: close while not in video step,,,,,,,,,,,,,
https://console.firebase.google.com/project/webszigno-dev-1532086359290/crashlytics/app/ios:hu.microsec.eszigno.mobile/issues/1782c2128a0148281dace39bf8664159?time=90d&versions=3.7.1+%282759%29&types=error&sessionEventKey=36e9a6ea73854476bb32968101aae55d_2222945446737046652,1782c2128a0148281dace39bf8664159,36e9a6ea73854476bb32968101aae55d_2222945446737046652,,36e9a6ea73854476bb32968101aae55d,,2222945446737046652,59f66bf9-f111-4894-bda1-5d58acab0474,,https://videoid-mobile.e-szigno.hu/identification/59f66bf9-f111-4894-bda1-5d58acab0474,3.7.1 (2759),iOS 26.2.0,26,iPhone 15 Pro,"May 27, 2026, 11:23:39 AM",SelfServiceRuntimeError,30803,hu.microsec.eszigno.mobile.SelfServiceRuntimeError,Logged out videoId,eSzigno.SelfServicePresenter.Status.finished,PROD Release,downloaded,"Facekom finished with state: aborted(message: Optional(""Ismeretlen hiba történt!""))",,,,,,,,,,,,,
https://console.firebase.google.com/project/webszigno-dev-1532086359290/crashlytics/app/ios:hu.microsec.eszigno.mobile/issues/1782c2128a0148281dace39bf8664159?time=90d&versions=3.7.1+%282759%29&types=error&sessionEventKey=36e9a6ea73854476bb32968101aae55d_2222945446737046651,1782c2128a0148281dace39bf8664159,36e9a6ea73854476bb32968101aae55d_2222945446737046651,,36e9a6ea73854476bb32968101aae55d,,2222945446737046651,59f66bf9-f111-4894-bda1-5d58acab0474,,https://videoid-mobile.e-szigno.hu/identification/59f66bf9-f111-4894-bda1-5d58acab0474,3.7.1 (2759),iOS 26.2.0,26,iPhone 15 Pro,"May 27, 2026, 11:23:39 AM",SelfServiceRuntimeError,30802,hu.microsec.eszigno.mobile.SelfServiceRuntimeError,Logged out videoId,eSzigno.SelfServicePresenter.Status.finished,PROD Release,downloaded,"FaceKom session did enter background at step: voice-liveness-check, isVideoStep: true.",,,,,,,,,,,,,
https://console.firebase.google.com/project/webszigno-dev-1532086359290/crashlytics/app/ios:hu.microsec.eszigno.mobile/issues/1782c2128a0148281dace39bf8664159?time=90d&versions=3.7.1+%282759%29&types=error&sessionEventKey=1bb5a0194ba84974bc94e01b2a109412_2222943851830958957,1782c2128a0148281dace39bf8664159,1bb5a0194ba84974bc94e01b2a109412_2222943851830958957,,1bb5a0194ba84974bc94e01b2a109412,,2222943851830958957,2f464b75-a544-45c2-8016-8160fefcfb15,,https://videoid-mobile.e-szigno.hu/identification/2f464b75-a544-45c2-8016-8160fefcfb15,3.7.1 (2759),iOS 26.4.2,26,iPhone 16,"May 27, 2026, 11:17:27 AM",SelfServiceRuntimeError,30803,hu.microsec.eszigno.mobile.SelfServiceRuntimeError,videoId,eSzigno.SelfServicePresenter.Status.finished,PROD Release,downloaded,Facekom finished with state: finished,,,,,,,,,,,,,
https://console.firebase.google.com/project/webszigno-dev-1532086359290/crashlytics/app/ios:hu.microsec.eszigno.mobile/issues/66ab9689c1addf4cdac8881ddf52eff2?time=90d&versions=3.7.1+%282759%29&types=error&sessionEventKey=8583d8b178fd400e8704ad5b333ba147_2223693219681596644,66ab9689c1addf4cdac8881ddf52eff2,8583d8b178fd400e8704ad5b333ba147_2223693219681596644,,8583d8b178fd400e8704ad5b333ba147,,2223693219681596644,788df0ca-349f-4989-8c2a-26149bf53791,-1779953031,https://videoid-mobile.e-szigno.hu/identification/788df0ca-349f-4989-8c2a-26149bf53791-1779953031,3.7.1 (2759),iOS 26.5.0,26,iPhone 13 Mini,"May 29, 2026, 11:45:23 AM",handleFlow,0,FaceKom handleFlow,videoId,eSzigno.SelfServicePresenter.Status.finished,PROD Release,downloaded,,,,,,,,,,,,,,
https://console.firebase.google.com/project/webszigno-dev-1532086359290/crashlytics/app/ios:hu.microsec.eszigno.mobile/issues/66ab9689c1addf4cdac8881ddf52eff2?time=90d&versions=3.7.1+%282759%29&types=error&sessionEventKey=335de2c941fa466e859469a1d274820c_2223671478383937381,66ab9689c1addf4cdac8881ddf52eff2,335de2c941fa466e859469a1d274820c_2223671478383937381,,335de2c941fa466e859469a1d274820c,,2223671478383937381,436e1184-d772-424f-a596-486ad60c2fde,-1779458447,https://videoid-mobile.e-szigno.hu/identification/436e1184-d772-424f-a596-486ad60c2fde-1779458447,3.7.1 (2759),iOS 26.4.2,26,iPhone 15,"May 29, 2026, 10:21:01 AM",handleFlow,0,FaceKom handleFlow,Logged out videoId,eSzigno.SelfServicePresenter.Status.finished,PROD Release,downloaded,,,,,,,,,,,,,,
https://console.firebase.google.com/project/webszigno-dev-1532086359290/crashlytics/app/ios:hu.microsec.eszigno.mobile/issues/66ab9689c1addf4cdac8881ddf52eff2?time=90d&versions=3.7.1+%282759%29&types=error&sessionEventKey=8917308e835e4f71955d43b118b543b2_2223664984407794910,66ab9689c1addf4cdac8881ddf52eff2,8917308e835e4f71955d43b118b543b2_2223664984407794910,,8917308e835e4f71955d43b118b543b2,,2223664984407794910,70ed4a7d-ddb0-403b-b453-443ede483f93,-1779960737,https://videoid-mobile.e-szigno.hu/identification/70ed4a7d-ddb0-403b-b453-443ede483f93-1779960737,3.7.1 (2759),iOS 26.5.0,26,iPhone 14,"May 29, 2026, 9:55:49 AM",handleFlow,0,FaceKom handleFlow,Logged out videoId,eSzigno.SelfServicePresenter.Status.finished,PROD Release,downloaded,,,,,,,,,,,,,,
https://console.firebase.google.com/project/webszigno-dev-1532086359290/crashlytics/app/ios:hu.microsec.eszigno.mobile/issues/66ab9689c1addf4cdac8881ddf52eff2?time=90d&versions=3.7.1+%282759%29&types=error&sessionEventKey=d2d5c17227da4328a78b0afe0ff8608e_2223664095869485736,66ab9689c1addf4cdac8881ddf52eff2,d2d5c17227da4328a78b0afe0ff8608e_2223664095869485736,,d2d5c17227da4328a78b0afe0ff8608e,,2223664095869485736,8fad67b6-4b80-40e2-a32f-f0a6eee7a660,,https://videoid-mobile.e-szigno.hu/identification/8fad67b6-4b80-40e2-a32f-f0a6eee7a660,3.7.1 (2759),iOS 26.5.0,26,iPhone 13 Mini,"May 29, 2026, 9:52:22 AM",handleFlow,0,FaceKom handleFlow,videoId,eSzigno.SelfServicePresenter.Status.finished,PROD Release,downloaded,,,,,,,,,,,,,,
https://console.firebase.google.com/project/webszigno-dev-1532086359290/crashlytics/app/ios:hu.microsec.eszigno.mobile/issues/66ab9689c1addf4cdac8881ddf52eff2?time=90d&versions=3.7.1+%282759%29&types=error&sessionEventKey=0915d2db3703417ba15ad48bfc190056_2223621395157162812,66ab9689c1addf4cdac8881ddf52eff2,0915d2db3703417ba15ad48bfc190056_2223621395157162812,,0915d2db3703417ba15ad48bfc190056,,2223621395157162812,d48d5c01-0678-4bdc-802f-31fc001c867a,,https://videoid-mobile.e-szigno.hu/identification/d48d5c01-0678-4bdc-802f-31fc001c867a,3.7.1 (2759),iOS 26.5.0,26,iPhone 15 Pro Max,"May 29, 2026, 7:06:40 AM",handleFlow,0,FaceKom handleFlow,videoId,eSzigno.SelfServicePresenter.Status.finished,PROD Release,downloaded,,,,,,,,,,,,,,
https://console.firebase.google.com/project/webszigno-dev-1532086359290/crashlytics/app/ios:hu.microsec.eszigno.mobile/issues/66ab9689c1addf4cdac8881ddf52eff2?time=90d&versions=3.7.1+%282759%29&types=error&sessionEventKey=31ac6c90ff144f2d841a7b681922b8b5_2223433084677583976,66ab9689c1addf4cdac8881ddf52eff2,31ac6c90ff144f2d841a7b681922b8b5_2223433084677583976,,31ac6c90ff144f2d841a7b681922b8b5,,2223433084677583976,9ee6dd17-fe13-4db4-9e0d-0f6829bd7a5e,,https://videoid-mobile.e-szigno.hu/identification/9ee6dd17-fe13-4db4-9e0d-0f6829bd7a5e,3.7.1 (2759),iOS 26.5.0,26,iPhone 15,"May 28, 2026, 6:55:56 PM",handleFlow,0,FaceKom handleFlow,Logged out videoId,eSzigno.SelfServicePresenter.Status.finished,PROD Release,downloaded,,,,,,,,,,,,,,
https://console.firebase.google.com/project/webszigno-dev-1532086359290/crashlytics/app/ios:hu.microsec.eszigno.mobile/issues/66ab9689c1addf4cdac8881ddf52eff2?time=90d&versions=3.7.1+%282759%29&types=error&sessionEventKey=0e23df8be01d46f2906922708f52a3ba_2223405005096089609,66ab9689c1addf4cdac8881ddf52eff2,0e23df8be01d46f2906922708f52a3ba_2223405005096089609,,0e23df8be01d46f2906922708f52a3ba,,2223405005096089609,e0adad2b-6e04-4185-acad-26f84e306d5d,,https://videoid-mobile.e-szigno.hu/identification/e0adad2b-6e04-4185-acad-26f84e306d5d,3.7.1 (2759),iOS 26.4.2,26,iPhone 17 Pro,"May 28, 2026, 5:06:58 PM",handleFlow,0,FaceKom handleFlow,Logged out videoId,eSzigno.SelfServicePresenter.Status.finished,PROD Release,downloaded,,,,,,,,,,,,,,
https://console.firebase.google.com/project/webszigno-dev-1532086359290/crashlytics/app/ios:hu.microsec.eszigno.mobile/issues/66ab9689c1addf4cdac8881ddf52eff2?time=90d&versions=3.7.1+%282759%29&types=error&sessionEventKey=cb7d0c8acd2746f0913d63dbb0104b3e_2223369280118416824,66ab9689c1addf4cdac8881ddf52eff2,cb7d0c8acd2746f0913d63dbb0104b3e_2223369280118416824,,cb7d0c8acd2746f0913d63dbb0104b3e,,2223369280118416824,1ba395ad-c3d8-4086-a042-8a5102236c59,-1779458824,https://videoid-mobile.e-szigno.hu/identification/1ba395ad-c3d8-4086-a042-8a5102236c59-1779458824,3.7.1 (2759),iOS 26.4.2,26,iPhone 16 Plus,"May 28, 2026, 2:48:20 PM",handleFlow,0,FaceKom handleFlow,videoId,eSzigno.SelfServicePresenter.Status.finished,PROD Release,downloaded,,,,,,,,,,,,,,
https://console.firebase.google.com/project/webszigno-dev-1532086359290/crashlytics/app/ios:hu.microsec.eszigno.mobile/issues/66ab9689c1addf4cdac8881ddf52eff2?time=90d&versions=3.7.1+%282759%29&types=error&sessionEventKey=5971473389cf4a79b11bc03537b0bd2f_2223349822805589804,66ab9689c1addf4cdac8881ddf52eff2,5971473389cf4a79b11bc03537b0bd2f_2223349822805589804,,5971473389cf4a79b11bc03537b0bd2f,,2223349822805589804,e1439dad-8725-4f85-a6cc-b4683f76d82e,,https://videoid-mobile.e-szigno.hu/identification/e1439dad-8725-4f85-a6cc-b4683f76d82e,3.7.1 (2759),iOS 26.2.0,26,iPhone 17 Pro,"May 28, 2026, 1:32:50 PM",handleFlow,0,FaceKom handleFlow,videoId,eSzigno.SelfServicePresenter.Status.finished,PROD Release,downloaded,,,,,,,,,,,,,,
https://console.firebase.google.com/project/webszigno-dev-1532086359290/crashlytics/app/ios:hu.microsec.eszigno.mobile/issues/66ab9689c1addf4cdac8881ddf52eff2?time=90d&versions=3.7.1+%282759%29&types=error&sessionEventKey=503f075d914c4ab0bcd28f91e2b03c2e_2223336052580401344,66ab9689c1addf4cdac8881ddf52eff2,503f075d914c4ab0bcd28f91e2b03c2e_2223336052580401344,,503f075d914c4ab0bcd28f91e2b03c2e,,2223336052580401344,4dbaa2df-00be-452c-bd85-7c0869464187,-1779879941,https://videoid-mobile.e-szigno.hu/identification/4dbaa2df-00be-452c-bd85-7c0869464187-1779879941,3.7.1 (2759),iOS 26.5.0,26,iPhone 17 Pro Max,"May 28, 2026, 12:39:24 PM",handleFlow,0,FaceKom handleFlow,Logged out videoId,eSzigno.SelfServicePresenter.Status.finished,PROD Release,downloaded,,,,,,,,,,,,,,
https://console.firebase.google.com/project/webszigno-dev-1532086359290/crashlytics/app/ios:hu.microsec.eszigno.mobile/issues/66ab9689c1addf4cdac8881ddf52eff2?time=90d&versions=3.7.1+%282759%29&types=error&sessionEventKey=f00f625d960a4d6b8ffd4317c6002915_2223317846448293863,66ab9689c1addf4cdac8881ddf52eff2,f00f625d960a4d6b8ffd4317c6002915_2223317846448293863,,f00f625d960a4d6b8ffd4317c6002915,,2223317846448293863,70ed4a7d-ddb0-403b-b453-443ede483f93,,https://videoid-mobile.e-szigno.hu/identification/70ed4a7d-ddb0-403b-b453-443ede483f93,3.7.1 (2759),iOS 26.5.0,26,iPhone 14,"May 28, 2026, 11:28:45 AM",handleFlow,0,FaceKom handleFlow,Logged out videoId,eSzigno.SelfServicePresenter.Status.finished,PROD Release,downloaded,,,,,,,,,,,,,,
https://console.firebase.google.com/project/webszigno-dev-1532086359290/crashlytics/app/ios:hu.microsec.eszigno.mobile/issues/66ab9689c1addf4cdac8881ddf52eff2?time=90d&versions=3.7.1+%282759%29&types=error&sessionEventKey=97307bb2d3824546b99ac059e37472fc_2223316223582919117,66ab9689c1addf4cdac8881ddf52eff2,97307bb2d3824546b99ac059e37472fc_2223316223582919117,,97307bb2d3824546b99ac059e37472fc,,2223316223582919117,897b5efa-5080-4516-92f7-50912532dd48,,https://videoid-mobile.e-szigno.hu/identification/897b5efa-5080-4516-92f7-50912532dd48,3.7.1 (2759),iOS 18.7.8,18,iPhone 13 Mini,"May 28, 2026, 11:22:27 AM",handleFlow,0,FaceKom handleFlow,videoId,eSzigno.SelfServicePresenter.Status.finished,PROD Release,downloaded,,,,,,,,,,,,,,
https://console.firebase.google.com/project/webszigno-dev-1532086359290/crashlytics/app/ios:hu.microsec.eszigno.mobile/issues/66ab9689c1addf4cdac8881ddf52eff2?time=90d&versions=3.7.1+%282759%29&types=error&sessionEventKey=7c95f61c1a0447b4ae25afe64992275a_2223315263042348497,66ab9689c1addf4cdac8881ddf52eff2,7c95f61c1a0447b4ae25afe64992275a_2223315263042348497,,7c95f61c1a0447b4ae25afe64992275a,,2223315263042348497,70ed4a7d-ddb0-403b-b453-443ede483f93,,https://videoid-mobile.e-szigno.hu/identification/70ed4a7d-ddb0-403b-b453-443ede483f93,3.7.1 (2759),iOS 26.5.0,26,iPhone 14,"May 28, 2026, 11:18:43 AM",handleFlow,0,FaceKom handleFlow,Logged out videoId,,PROD Release,downloaded,,,,,,,,,,,,,,
https://console.firebase.google.com/project/webszigno-dev-1532086359290/crashlytics/app/ios:hu.microsec.eszigno.mobile/issues/66ab9689c1addf4cdac8881ddf52eff2?time=90d&versions=3.7.1+%282759%29&types=error&sessionEventKey=e9bd1ff6898b4a389897722eb98217eb_2223311500487700093,66ab9689c1addf4cdac8881ddf52eff2,e9bd1ff6898b4a389897722eb98217eb_2223311500487700093,,e9bd1ff6898b4a389897722eb98217eb,,2223311500487700093,ee2f1123-0393-4f80-b87b-cbb751cacf0b,,https://videoid-mobile.e-szigno.hu/identification/ee2f1123-0393-4f80-b87b-cbb751cacf0b,3.7.1 (2759),iOS 26.5.0,26,iPhone 17 Pro,"May 28, 2026, 11:04:07 AM",handleFlow,0,FaceKom handleFlow,videoId,eSzigno.SelfServicePresenter.Status.finished,PROD Release,not_available,,,,,,,,,,,,,,
https://console.firebase.google.com/project/webszigno-dev-1532086359290/crashlytics/app/ios:hu.microsec.eszigno.mobile/issues/66ab9689c1addf4cdac8881ddf52eff2?time=90d&versions=3.7.1+%282759%29&types=error&sessionEventKey=dda600750ae246f4843583fcc2c6d0e1_2223306075272285389,66ab9689c1addf4cdac8881ddf52eff2,dda600750ae246f4843583fcc2c6d0e1_2223306075272285389,,dda600750ae246f4843583fcc2c6d0e1,,2223306075272285389,e1a5dcb2-61a8-4c8b-9797-eb92209a1430,,https://videoid-mobile.e-szigno.hu/identification/e1a5dcb2-61a8-4c8b-9797-eb92209a1430,3.7.1 (2759),iOS 26.5.0,26,iPhone 16 Pro,"May 28, 2026, 10:43:04 AM",handleFlow,0,FaceKom handleFlow,videoId,eSzigno.SelfServicePresenter.Status.finished,PROD Release,not_available,,,,,,,,,,,,,,
https://console.firebase.google.com/project/webszigno-dev-1532086359290/crashlytics/app/ios:hu.microsec.eszigno.mobile/issues/66ab9689c1addf4cdac8881ddf52eff2?time=90d&versions=3.7.1+%282759%29&types=error&sessionEventKey=dda600750ae246f4843583fcc2c6d0e1_2223304237026282696,66ab9689c1addf4cdac8881ddf52eff2,dda600750ae246f4843583fcc2c6d0e1_2223304237026282696,,dda600750ae246f4843583fcc2c6d0e1,,2223304237026282696,e1a5dcb2-61a8-4c8b-9797-eb92209a1430,,https://videoid-mobile.e-szigno.hu/identification/e1a5dcb2-61a8-4c8b-9797-eb92209a1430,3.7.1 (2759),iOS 26.5.0,26,iPhone 16 Pro,"May 28, 2026, 10:35:56 AM",handleFlow,0,FaceKom handleFlow,videoId,eSzigno.SelfServicePresenter.Status.finished,PROD Release,not_available,,,,,,,,,,,,,,
https://console.firebase.google.com/project/webszigno-dev-1532086359290/crashlytics/app/ios:hu.microsec.eszigno.mobile/issues/66ab9689c1addf4cdac8881ddf52eff2?time=90d&versions=3.7.1+%282759%29&types=error&sessionEventKey=69a32c18107e4049923f52437bf66035_2223297034910692686,66ab9689c1addf4cdac8881ddf52eff2,69a32c18107e4049923f52437bf66035_2223297034910692686,,69a32c18107e4049923f52437bf66035,,2223297034910692686,46592c8f-2305-471e-8e74-b2af4bd14e88,,https://videoid-mobile.e-szigno.hu/identification/46592c8f-2305-471e-8e74-b2af4bd14e88,3.7.1 (2759),iOS 26.3.1,26,iPhone 11,"May 28, 2026, 10:07:59 AM",handleFlow,0,FaceKom handleFlow,videoId,eSzigno.SelfServicePresenter.Status.finished,PROD Release,downloaded,,,,,,,,,,,,,,
https://console.firebase.google.com/project/webszigno-dev-1532086359290/crashlytics/app/ios:hu.microsec.eszigno.mobile/issues/66ab9689c1addf4cdac8881ddf52eff2?time=90d&versions=3.7.1+%282759%29&types=error&sessionEventKey=c2a37a516a0e4d8e9f4ad5b7122c355b_2223113193821454230,66ab9689c1addf4cdac8881ddf52eff2,c2a37a516a0e4d8e9f4ad5b7122c355b_2223113193821454230,,c2a37a516a0e4d8e9f4ad5b7122c355b,,2223113193821454230,6c9c40df-d55e-4095-a737-32bf325374dc,,https://videoid-mobile.e-szigno.hu/identification/6c9c40df-d55e-4095-a737-32bf325374dc,3.7.1 (2759),iOS 26.5.0,26,iPhone 12 Mini,"May 27, 2026, 10:14:35 PM",handleFlow,0,FaceKom handleFlow,videoId,eSzigno.SelfServicePresenter.Status.finished,PROD Release,downloaded,,,,,,,,,,,,,,
https://console.firebase.google.com/project/webszigno-dev-1532086359290/crashlytics/app/ios:hu.microsec.eszigno.mobile/issues/66ab9689c1addf4cdac8881ddf52eff2?time=90d&versions=3.7.1+%282759%29&types=error&sessionEventKey=686afcbbe1b1401ca4adca049ec02077_2223097241924293061,66ab9689c1addf4cdac8881ddf52eff2,686afcbbe1b1401ca4adca049ec02077_2223097241924293061,,686afcbbe1b1401ca4adca049ec02077,,2223097241924293061,9071cd7a-36bb-4003-abf0-20a38afbe0a1,,https://videoid-mobile.e-szigno.hu/identification/9071cd7a-36bb-4003-abf0-20a38afbe0a1,3.7.1 (2759),iOS 26.5.0,26,iPhone 12 Pro,"May 27, 2026, 9:12:41 PM",handleFlow,0,FaceKom handleFlow,videoId,eSzigno.SelfServicePresenter.Status.finished,PROD Release,downloaded,,,,,,,,,,,,,,
https://console.firebase.google.com/project/webszigno-dev-1532086359290/crashlytics/app/ios:hu.microsec.eszigno.mobile/issues/66ab9689c1addf4cdac8881ddf52eff2?time=90d&versions=3.7.1+%282759%29&types=error&sessionEventKey=1bdb8e2ae2754bc6b5f10adb3e97045a_2223046667972604145,66ab9689c1addf4cdac8881ddf52eff2,1bdb8e2ae2754bc6b5f10adb3e97045a_2223046667972604145,,1bdb8e2ae2754bc6b5f10adb3e97045a,,2223046667972604145,788df0ca-349f-4989-8c2a-26149bf53791,,https://videoid-mobile.e-szigno.hu/identification/788df0ca-349f-4989-8c2a-26149bf53791,3.7.1 (2759),iOS 26.5.0,26,iPhone 13 Mini,"May 27, 2026, 5:56:26 PM",handleFlow,0,FaceKom handleFlow,videoId,eSzigno.SelfServicePresenter.Status.finished,PROD Release,downloaded,,,,,,,,,,,,,,
https://console.firebase.google.com/project/webszigno-dev-1532086359290/crashlytics/app/ios:hu.microsec.eszigno.mobile/issues/66ab9689c1addf4cdac8881ddf52eff2?time=90d&versions=3.7.1+%282759%29&types=error&sessionEventKey=0f28fdb9aa4c4ae0a359edbb658720e1_2223042164360488981,66ab9689c1addf4cdac8881ddf52eff2,0f28fdb9aa4c4ae0a359edbb658720e1_2223042164360488981,,0f28fdb9aa4c4ae0a359edbb658720e1,,2223042164360488981,b380f7d8-603c-49ec-92d7-b48cd542c647,,https://videoid-mobile.e-szigno.hu/identification/b380f7d8-603c-49ec-92d7-b48cd542c647,3.7.1 (2759),iOS 26.5.0,26,iPhone 17,"May 27, 2026, 5:38:57 PM",handleFlow,0,FaceKom handleFlow,videoId,eSzigno.SelfServicePresenter.Status.finished,PROD Release,downloaded,,,,,,,,,,,,,,
https://console.firebase.google.com/project/webszigno-dev-1532086359290/crashlytics/app/ios:hu.microsec.eszigno.mobile/issues/66ab9689c1addf4cdac8881ddf52eff2?time=90d&versions=3.7.1+%282759%29&types=error&sessionEventKey=23c77b3a244b426da196672b335a6ccc_2223024145987134138,66ab9689c1addf4cdac8881ddf52eff2,23c77b3a244b426da196672b335a6ccc_2223024145987134138,,23c77b3a244b426da196672b335a6ccc,,2223024145987134138,db5a0f03-72ef-4ac8-a442-14929e6d9ab2,,https://videoid-mobile.e-szigno.hu/identification/db5a0f03-72ef-4ac8-a442-14929e6d9ab2,3.7.1 (2759),iOS 26.4.2,26,iPhone 16,"May 27, 2026, 4:29:02 PM",handleFlow,0,FaceKom handleFlow,Logged out videoId,eSzigno.SelfServicePresenter.Status.finished,PROD Release,downloaded,,,,,,,,,,,,,,
https://console.firebase.google.com/project/webszigno-dev-1532086359290/crashlytics/app/ios:hu.microsec.eszigno.mobile/issues/66ab9689c1addf4cdac8881ddf52eff2?time=90d&versions=3.7.1+%282759%29&types=error&sessionEventKey=ceb92f289c7e49318232eeff23e458c1_2223023573557602320,66ab9689c1addf4cdac8881ddf52eff2,ceb92f289c7e49318232eeff23e458c1_2223023573557602320,,ceb92f289c7e49318232eeff23e458c1,,2223023573557602320,3b4c2141-58c5-4fa9-b6d0-c71ea55d50ef,,https://videoid-mobile.e-szigno.hu/identification/3b4c2141-58c5-4fa9-b6d0-c71ea55d50ef,3.7.1 (2759),iOS 26.4.1,26,iPhone 15 Pro,"May 27, 2026, 4:26:49 PM",handleFlow,0,FaceKom handleFlow,videoId,eSzigno.SelfServicePresenter.Status.finished,PROD Release,downloaded,,,,,,,,,,,,,,
https://console.firebase.google.com/project/webszigno-dev-1532086359290/crashlytics/app/ios:hu.microsec.eszigno.mobile/issues/66ab9689c1addf4cdac8881ddf52eff2?time=90d&versions=3.7.1+%282759%29&types=error&sessionEventKey=23c77b3a244b426da196672b335a6ccc_2223022900446618296,66ab9689c1addf4cdac8881ddf52eff2,23c77b3a244b426da196672b335a6ccc_2223022900446618296,,23c77b3a244b426da196672b335a6ccc,,2223022900446618296,db5a0f03-72ef-4ac8-a442-14929e6d9ab2,,https://videoid-mobile.e-szigno.hu/identification/db5a0f03-72ef-4ac8-a442-14929e6d9ab2,3.7.1 (2759),iOS 26.4.2,26,iPhone 16,"May 27, 2026, 4:24:12 PM",handleFlow,0,FaceKom handleFlow,Logged out videoId,eSzigno.SelfServicePresenter.Status.finished,PROD Release,downloaded,,,,,,,,,,,,,,
https://console.firebase.google.com/project/webszigno-dev-1532086359290/crashlytics/app/ios:hu.microsec.eszigno.mobile/issues/66ab9689c1addf4cdac8881ddf52eff2?time=90d&versions=3.7.1+%282759%29&types=error&sessionEventKey=6d26a71ae55e4f6e8808d2f7f73fab4c_2222988244218280769,66ab9689c1addf4cdac8881ddf52eff2,6d26a71ae55e4f6e8808d2f7f73fab4c_2222988244218280769,,6d26a71ae55e4f6e8808d2f7f73fab4c,,2222988244218280769,3ed5845e-e4fd-4fd7-b48f-2a88c05c5156,,https://videoid-mobile.e-szigno.hu/identification/3ed5845e-e4fd-4fd7-b48f-2a88c05c5156,3.7.1 (2759),iOS 26.5.0,26,iPhone 17,"May 27, 2026, 2:09:43 PM",handleFlow,0,FaceKom handleFlow,videoId,eSzigno.SelfServicePresenter.Status.finished,PROD Release,downloaded,,,,,,,,,,,,,,
https://console.firebase.google.com/project/webszigno-dev-1532086359290/crashlytics/app/ios:hu.microsec.eszigno.mobile/issues/66ab9689c1addf4cdac8881ddf52eff2?time=90d&versions=3.7.1+%282759%29&types=error&sessionEventKey=01ca66ea446e44bea4af736e42e6d3f8_2222985163967201452,66ab9689c1addf4cdac8881ddf52eff2,01ca66ea446e44bea4af736e42e6d3f8_2222985163967201452,,01ca66ea446e44bea4af736e42e6d3f8,,2222985163967201452,35ea5996-e697-410f-b778-0a8717a3e4cf,,https://videoid-mobile.e-szigno.hu/identification/35ea5996-e697-410f-b778-0a8717a3e4cf,3.7.1 (2759),iOS 18.6.2,18,iPhone 12,"May 27, 2026, 1:57:46 PM",handleFlow,0,FaceKom handleFlow,videoId,eSzigno.SelfServicePresenter.Status.finished,PROD Release,downloaded,,,,,,,,,,,,,,
https://console.firebase.google.com/project/webszigno-dev-1532086359290/crashlytics/app/ios:hu.microsec.eszigno.mobile/issues/66ab9689c1addf4cdac8881ddf52eff2?time=90d&versions=3.7.1+%282759%29&types=error&sessionEventKey=0026a01371494a708d856f6326fe2be2_2222982767205147657,66ab9689c1addf4cdac8881ddf52eff2,0026a01371494a708d856f6326fe2be2_2222982767205147657,,0026a01371494a708d856f6326fe2be2,,2222982767205147657,35ea5996-e697-410f-b778-0a8717a3e4cf,,https://videoid-mobile.e-szigno.hu/identification/35ea5996-e697-410f-b778-0a8717a3e4cf,3.7.1 (2759),iOS 18.6.2,18,iPhone 12,"May 27, 2026, 1:48:28 PM",handleFlow,0,FaceKom handleFlow,videoId,eSzigno.SelfServicePresenter.Status.failed,PROD Release,downloaded,,,,,,,,,,,,,,
https://console.firebase.google.com/project/webszigno-dev-1532086359290/crashlytics/app/ios:hu.microsec.eszigno.mobile/issues/66ab9689c1addf4cdac8881ddf52eff2?time=90d&versions=3.7.1+%282759%29&types=error&sessionEventKey=0026a01371494a708d856f6326fe2be2_2222981508779729927,66ab9689c1addf4cdac8881ddf52eff2,0026a01371494a708d856f6326fe2be2_2222981508779729927,,0026a01371494a708d856f6326fe2be2,,2222981508779729927,35ea5996-e697-410f-b778-0a8717a3e4cf,,https://videoid-mobile.e-szigno.hu/identification/35ea5996-e697-410f-b778-0a8717a3e4cf,3.7.1 (2759),iOS 18.6.2,18,iPhone 12,"May 27, 2026, 1:43:35 PM",handleFlow,0,FaceKom handleFlow,videoId,eSzigno.SelfServicePresenter.Status.failed,PROD Release,downloaded,,,,,,,,,,,,,,
https://console.firebase.google.com/project/webszigno-dev-1532086359290/crashlytics/app/ios:hu.microsec.eszigno.mobile/issues/66ab9689c1addf4cdac8881ddf52eff2?time=90d&versions=3.7.1+%282759%29&types=error&sessionEventKey=34811a95c15b494381a9228eec8e1df4_2222966213705115530,66ab9689c1addf4cdac8881ddf52eff2,34811a95c15b494381a9228eec8e1df4_2222966213705115530,,34811a95c15b494381a9228eec8e1df4,,2222966213705115530,4dbaa2df-00be-452c-bd85-7c0869464187,-1779878067,https://videoid-mobile.e-szigno.hu/identification/4dbaa2df-00be-452c-bd85-7c0869464187-1779878067,3.7.1 (2759),iOS 26.5.0,26,iPhone 17 Pro Max,"May 27, 2026, 12:44:14 PM",handleFlow,0,FaceKom handleFlow,videoId,eSzigno.SelfServicePresenter.Status.finished,PROD Release,downloaded,,,,,,,,,,,,,,
https://console.firebase.google.com/project/webszigno-dev-1532086359290/crashlytics/app/ios:hu.microsec.eszigno.mobile/issues/66ab9689c1addf4cdac8881ddf52eff2?time=90d&versions=3.7.1+%282759%29&types=error&sessionEventKey=36e9a6ea73854476bb32968101aae55d_2222946975745404033,66ab9689c1addf4cdac8881ddf52eff2,36e9a6ea73854476bb32968101aae55d_2222946975745404033,,36e9a6ea73854476bb32968101aae55d,,2222946975745404033,59f66bf9-f111-4894-bda1-5d58acab0474,,https://videoid-mobile.e-szigno.hu/identification/59f66bf9-f111-4894-bda1-5d58acab0474,3.7.1 (2759),iOS 26.2.0,26,iPhone 15 Pro,"May 27, 2026, 11:29:35 AM",handleFlow,0,FaceKom handleFlow,Logged out videoId,eSzigno.SelfServicePresenter.Status.finished,PROD Release,downloaded,,,,,,,,,,,,,,
https://console.firebase.google.com/project/webszigno-dev-1532086359290/crashlytics/app/ios:hu.microsec.eszigno.mobile/issues/66ab9689c1addf4cdac8881ddf52eff2?time=90d&versions=3.7.1+%282759%29&types=error&sessionEventKey=1bb5a0194ba84974bc94e01b2a109412_2222943860420893550,66ab9689c1addf4cdac8881ddf52eff2,1bb5a0194ba84974bc94e01b2a109412_2222943860420893550,,1bb5a0194ba84974bc94e01b2a109412,,2222943860420893550,2f464b75-a544-45c2-8016-8160fefcfb15,,https://videoid-mobile.e-szigno.hu/identification/2f464b75-a544-45c2-8016-8160fefcfb15,3.7.1 (2759),iOS 26.4.2,26,iPhone 16,"May 27, 2026, 11:17:29 AM",handleFlow,0,FaceKom handleFlow,videoId,eSzigno.SelfServicePresenter.Status.finished,PROD Release,downloaded,,,,,,,,,,,,,,
https://console.firebase.google.com/project/webszigno-dev-1532086359290/crashlytics/app/ios:hu.microsec.eszigno.mobile/issues/fc90ac57101d1258a32120e65642f194?time=90d&versions=3.7.1+%282759%29&types=error&sessionEventKey=8789e407891246d38ffbbc2208de6349_2223663288916295476,fc90ac57101d1258a32120e65642f194,8789e407891246d38ffbbc2208de6349_2223663288916295476,,8789e407891246d38ffbbc2208de6349,,2223663288916295476,,,not available,3.7.1 (2759),iOS 26.5.0,26,iPhone 14,"May 29, 2026, 9:49:14 AM",stopAndClear,0,FaceKom stopAndClear,Logged out videoId,eSzigno.SelfServicePresenter.Status.aborted,PROD Release,downloaded,,,,,,,,,,,,,,
https://console.firebase.google.com/project/webszigno-dev-1532086359290/crashlytics/app/ios:hu.microsec.eszigno.mobile/issues/fc90ac57101d1258a32120e65642f194?time=90d&versions=3.7.1+%282759%29&types=error&sessionEventKey=26c1cd55ca284da0bf5b624ded581681_2223642112970351527,fc90ac57101d1258a32120e65642f194,26c1cd55ca284da0bf5b624ded581681_2223642112970351527,,26c1cd55ca284da0bf5b624ded581681,,2223642112970351527,545764bc-d5d1-467a-a81a-23cc68e17038,,https://videoid-mobile.e-szigno.hu/identification/545764bc-d5d1-467a-a81a-23cc68e17038,3.7.1 (2759),iOS 26.5.0,26,iPhone 16 Pro,"May 29, 2026, 8:27:04 AM",stopAndClear,0,FaceKom stopAndClear,Logged out videoId,eSzigno.SelfServicePresenter.Status.aborted,PROD Release,downloaded,,,,,,,,,,,,,,
https://console.firebase.google.com/project/webszigno-dev-1532086359290/crashlytics/app/ios:hu.microsec.eszigno.mobile/issues/fc90ac57101d1258a32120e65642f194?time=90d&versions=3.7.1+%282759%29&types=error&sessionEventKey=6cd3a10cbe1745a4bc507f3f2daa8823_2223620475602304887,fc90ac57101d1258a32120e65642f194,6cd3a10cbe1745a4bc507f3f2daa8823_2223620475602304887,,6cd3a10cbe1745a4bc507f3f2daa8823,,2223620475602304887,d48d5c01-0678-4bdc-802f-31fc001c867a,,https://videoid-mobile.e-szigno.hu/identification/d48d5c01-0678-4bdc-802f-31fc001c867a,3.7.1 (2759),iOS 26.5.0,26,iPhone 15 Pro Max,"May 29, 2026, 7:03:06 AM",stopAndClear,0,FaceKom stopAndClear,videoId,eSzigno.SelfServicePresenter.Status.aborted,PROD Release,downloaded,,,,,,,,,,,,,,
https://console.firebase.google.com/project/webszigno-dev-1532086359290/crashlytics/app/ios:hu.microsec.eszigno.mobile/issues/fc90ac57101d1258a32120e65642f194?time=90d&versions=3.7.1+%282759%29&types=error&sessionEventKey=31ac6c90ff144f2d841a7b681922b8b5_2223432199914320995,fc90ac57101d1258a32120e65642f194,31ac6c90ff144f2d841a7b681922b8b5_2223432199914320995,,31ac6c90ff144f2d841a7b681922b8b5,,2223432199914320995,9ee6dd17-fe13-4db4-9e0d-0f6829bd7a5e,,https://videoid-mobile.e-szigno.hu/identification/9ee6dd17-fe13-4db4-9e0d-0f6829bd7a5e,3.7.1 (2759),iOS 26.5.0,26,iPhone 15,"May 28, 2026, 6:52:30 PM",stopAndClear,0,FaceKom stopAndClear,Logged out videoId,eSzigno.SelfServicePresenter.Status.finished,PROD Release,downloaded,,,,,,,,,,,,,,
https://console.firebase.google.com/project/webszigno-dev-1532086359290/crashlytics/app/ios:hu.microsec.eszigno.mobile/issues/fc90ac57101d1258a32120e65642f194?time=90d&versions=3.7.1+%282759%29&types=error&sessionEventKey=0582c72ce0f343cbab7610722981a33c_2223374321125854429,fc90ac57101d1258a32120e65642f194,0582c72ce0f343cbab7610722981a33c_2223374321125854429,,0582c72ce0f343cbab7610722981a33c,,2223374321125854429,e8bb453c-978b-46e8-b254-05a2404955f5,,https://videoid-mobile.e-szigno.hu/identification/e8bb453c-978b-46e8-b254-05a2404955f5,3.7.1 (2759),iOS 18.5.0,18,iPhone 14 Pro,"May 28, 2026, 3:07:54 PM",stopAndClear,0,FaceKom stopAndClear,Logged out videoId,eSzigno.SelfServicePresenter.Status.aborted,PROD Release,downloaded,,,,,,,,,,,,,,
https://console.firebase.google.com/project/webszigno-dev-1532086359290/crashlytics/app/ios:hu.microsec.eszigno.mobile/issues/fc90ac57101d1258a32120e65642f194?time=90d&versions=3.7.1+%282759%29&types=error&sessionEventKey=4d7d1979a37c4095a13195e600d20b3e_2223371493088070085,fc90ac57101d1258a32120e65642f194,4d7d1979a37c4095a13195e600d20b3e_2223371493088070085,,4d7d1979a37c4095a13195e600d20b3e,,2223371493088070085,21d5bf02-4191-44f0-9a61-70549b0a9930,-1779441539,https://videoid-mobile.e-szigno.hu/identification/21d5bf02-4191-44f0-9a61-70549b0a9930-1779441539,3.7.1 (2759),iOS 26.0.1,26,iPhone 13,"May 28, 2026, 2:56:55 PM",stopAndClear,0,FaceKom stopAndClear,videoId,eSzigno.SelfServicePresenter.Status.aborted,PROD Release,downloaded,,,,,,,,,,,,,,
https://console.firebase.google.com/project/webszigno-dev-1532086359290/crashlytics/app/ios:hu.microsec.eszigno.mobile/issues/fc90ac57101d1258a32120e65642f194?time=90d&versions=3.7.1+%282759%29&types=error&sessionEventKey=f222d86588274a32a36782d7fa51b887_2223355014254910522,fc90ac57101d1258a32120e65642f194,f222d86588274a32a36782d7fa51b887_2223355014254910522,,f222d86588274a32a36782d7fa51b887,,2223355014254910522,4f77b358-f9f1-4d6e-a1e0-e281676e11f6,,https://videoid-mobile.e-szigno.hu/identification/4f77b358-f9f1-4d6e-a1e0-e281676e11f6,3.7.1 (2759),iOS 26.4.2,26,iPhone 14 Pro,"May 28, 2026, 1:52:59 PM",stopAndClear,0,FaceKom stopAndClear,videoId,eSzigno.SelfServicePresenter.Status.aborted,PROD Release,downloaded,,,,,,,,,,,,,,
https://console.firebase.google.com/project/webszigno-dev-1532086359290/crashlytics/app/ios:hu.microsec.eszigno.mobile/issues/fc90ac57101d1258a32120e65642f194?time=90d&versions=3.7.1+%282759%29&types=error&sessionEventKey=7d863731a94b4456bfea718e9dba9120_2223352020187847134,fc90ac57101d1258a32120e65642f194,7d863731a94b4456bfea718e9dba9120_2223352020187847134,,7d863731a94b4456bfea718e9dba9120,,2223352020187847134,853eeba9-3449-44b5-ab25-b413c58987ec,,https://videoid-mobile.e-szigno.hu/identification/853eeba9-3449-44b5-ab25-b413c58987ec,3.7.1 (2759),iOS 26.5.0,26,iPhone SE (3rd generation),"May 28, 2026, 1:41:21 PM",stopAndClear,0,FaceKom stopAndClear,videoId,eSzigno.SelfServicePresenter.Status.aborted,PROD Release,downloaded,,,,,,,,,,,,,,
https://console.firebase.google.com/project/webszigno-dev-1532086359290/crashlytics/app/ios:hu.microsec.eszigno.mobile/issues/fc90ac57101d1258a32120e65642f194?time=90d&versions=3.7.1+%282759%29&types=error&sessionEventKey=e15c6fb0bc2243b5bf630d45da35e6dd_2223345384508825189,fc90ac57101d1258a32120e65642f194,e15c6fb0bc2243b5bf630d45da35e6dd_2223345384508825189,,e15c6fb0bc2243b5bf630d45da35e6dd,,2223345384508825189,afcf8550-c67c-4b0a-9d6d-8a52aaeed10a,,https://videoid-mobile.e-szigno.hu/identification/afcf8550-c67c-4b0a-9d6d-8a52aaeed10a,3.7.1 (2759),iOS 26.5.0,26,iPhone 14 Pro,"May 28, 2026, 1:15:36 PM",stopAndClear,0,FaceKom stopAndClear,Logged out videoId,eSzigno.SelfServicePresenter.Status.aborted,PROD Release,downloaded,,,,,,,,,,,,,,
https://console.firebase.google.com/project/webszigno-dev-1532086359290/crashlytics/app/ios:hu.microsec.eszigno.mobile/issues/fc90ac57101d1258a32120e65642f194?time=90d&versions=3.7.1+%282759%29&types=error&sessionEventKey=923b291f5e67432d84abc611af7ae45c_2223344824322518256,fc90ac57101d1258a32120e65642f194,923b291f5e67432d84abc611af7ae45c_2223344824322518256,,923b291f5e67432d84abc611af7ae45c,,2223344824322518256,21d5bf02-4191-44f0-9a61-70549b0a9930,-1779441539,https://videoid-mobile.e-szigno.hu/identification/21d5bf02-4191-44f0-9a61-70549b0a9930-1779441539,3.7.1 (2759),iOS 26.0.1,26,iPhone 13,"May 28, 2026, 1:13:26 PM",stopAndClear,0,FaceKom stopAndClear,videoId,eSzigno.SelfServicePresenter.Status.aborted,PROD Release,downloaded,,,,,,,,,,,,,,
https://console.firebase.google.com/project/webszigno-dev-1532086359290/crashlytics/app/ios:hu.microsec.eszigno.mobile/issues/fc90ac57101d1258a32120e65642f194?time=90d&versions=3.7.1+%282759%29&types=error&sessionEventKey=97307bb2d3824546b99ac059e37472fc_2223314767589005769,fc90ac57101d1258a32120e65642f194,97307bb2d3824546b99ac059e37472fc_2223314767589005769,,97307bb2d3824546b99ac059e37472fc,,2223314767589005769,897b5efa-5080-4516-92f7-50912532dd48,,https://videoid-mobile.e-szigno.hu/identification/897b5efa-5080-4516-92f7-50912532dd48,3.7.1 (2759),iOS 18.7.8,18,iPhone 13 Mini,"May 28, 2026, 11:16:48 AM",stopAndClear,0,FaceKom stopAndClear,videoId,eSzigno.SelfServicePresenter.Status.finished,PROD Release,downloaded,,,,,,,,,,,,,,
https://console.firebase.google.com/project/webszigno-dev-1532086359290/crashlytics/app/ios:hu.microsec.eszigno.mobile/issues/fc90ac57101d1258a32120e65642f194?time=90d&versions=3.7.1+%282759%29&types=error&sessionEventKey=97307bb2d3824546b99ac059e37472fc_2223313938660317638,fc90ac57101d1258a32120e65642f194,97307bb2d3824546b99ac059e37472fc_2223313938660317638,,97307bb2d3824546b99ac059e37472fc,,2223313938660317638,897b5efa-5080-4516-92f7-50912532dd48,,https://videoid-mobile.e-szigno.hu/identification/897b5efa-5080-4516-92f7-50912532dd48,3.7.1 (2759),iOS 18.7.8,18,iPhone 13 Mini,"May 28, 2026, 11:13:35 AM",stopAndClear,0,FaceKom stopAndClear,videoId,eSzigno.SelfServicePresenter.Status.finished,PROD Release,downloaded,,,,,,,,,,,,,,
https://console.firebase.google.com/project/webszigno-dev-1532086359290/crashlytics/app/ios:hu.microsec.eszigno.mobile/issues/fc90ac57101d1258a32120e65642f194?time=90d&versions=3.7.1+%282759%29&types=error&sessionEventKey=89df56977ff44a519225f8eac49480ec_2223289538079092726,fc90ac57101d1258a32120e65642f194,89df56977ff44a519225f8eac49480ec_2223289538079092726,,89df56977ff44a519225f8eac49480ec,,2223289538079092726,e42ef045-833f-4cbb-a4e0-55a8331e8d53,-1779458590,https://videoid-mobile.e-szigno.hu/identification/e42ef045-833f-4cbb-a4e0-55a8331e8d53-1779458590,3.7.1 (2759),iOS 26.1.0,26,iPhone 14,"May 28, 2026, 9:38:54 AM",stopAndClear,0,FaceKom stopAndClear,Logged out videoId,eSzigno.SelfServicePresenter.Status.aborted,PROD Release,downloaded,,,,,,,,,,,,,,
https://console.firebase.google.com/project/webszigno-dev-1532086359290/crashlytics/app/ios:hu.microsec.eszigno.mobile/issues/fc90ac57101d1258a32120e65642f194?time=90d&versions=3.7.1+%282759%29&types=error&sessionEventKey=0cfb4750c4d942468d655299a6fbcfb3_2223289087138166865,fc90ac57101d1258a32120e65642f194,0cfb4750c4d942468d655299a6fbcfb3_2223289087138166865,,0cfb4750c4d942468d655299a6fbcfb3,,2223289087138166865,e42ef045-833f-4cbb-a4e0-55a8331e8d53,-1779458590,https://videoid-mobile.e-szigno.hu/identification/e42ef045-833f-4cbb-a4e0-55a8331e8d53-1779458590,3.7.1 (2759),iOS 26.1.0,26,iPhone 14,"May 28, 2026, 9:37:09 AM",stopAndClear,0,FaceKom stopAndClear,Logged out videoId,eSzigno.SelfServicePresenter.Status.aborted,PROD Release,downloaded,,,,,,,,,,,,,,
https://console.firebase.google.com/project/webszigno-dev-1532086359290/crashlytics/app/ios:hu.microsec.eszigno.mobile/issues/fc90ac57101d1258a32120e65642f194?time=90d&versions=3.7.1+%282759%29&types=error&sessionEventKey=c2a37a516a0e4d8e9f4ad5b7122c355b_2223111136532119443,fc90ac57101d1258a32120e65642f194,c2a37a516a0e4d8e9f4ad5b7122c355b_2223111136532119443,,c2a37a516a0e4d8e9f4ad5b7122c355b,,2223111136532119443,6c9c40df-d55e-4095-a737-32bf325374dc,,https://videoid-mobile.e-szigno.hu/identification/6c9c40df-d55e-4095-a737-32bf325374dc,3.7.1 (2759),iOS 26.5.0,26,iPhone 12 Mini,"May 27, 2026, 10:06:36 PM",stopAndClear,0,FaceKom stopAndClear,videoId,eSzigno.SelfServicePresenter.Status.finished,PROD Release,downloaded,,,,,,,,,,,,,,
https://console.firebase.google.com/project/webszigno-dev-1532086359290/crashlytics/app/ios:hu.microsec.eszigno.mobile/issues/fc90ac57101d1258a32120e65642f194?time=90d&versions=3.7.1+%282759%29&types=error&sessionEventKey=686afcbbe1b1401ca4adca049ec02077_2223093513892680130,fc90ac57101d1258a32120e65642f194,686afcbbe1b1401ca4adca049ec02077_2223093513892680130,,686afcbbe1b1401ca4adca049ec02077,,2223093513892680130,9071cd7a-36bb-4003-abf0-20a38afbe0a1,,https://videoid-mobile.e-szigno.hu/identification/9071cd7a-36bb-4003-abf0-20a38afbe0a1,3.7.1 (2759),iOS 26.5.0,26,iPhone 12 Pro,"May 27, 2026, 8:58:13 PM",stopAndClear,0,FaceKom stopAndClear,videoId,eSzigno.SelfServicePresenter.Status.finished,PROD Release,downloaded,,,,,,,,,,,,,,
https://console.firebase.google.com/project/webszigno-dev-1532086359290/crashlytics/app/ios:hu.microsec.eszigno.mobile/issues/fc90ac57101d1258a32120e65642f194?time=90d&versions=3.7.1+%282759%29&types=error&sessionEventKey=3c7084e3e3664c668b9e466820919c61_2223090811529527652,fc90ac57101d1258a32120e65642f194,3c7084e3e3664c668b9e466820919c61_2223090811529527652,,3c7084e3e3664c668b9e466820919c61,,2223090811529527652,853eeba9-3449-44b5-ab25-b413c58987ec,,https://videoid-mobile.e-szigno.hu/identification/853eeba9-3449-44b5-ab25-b413c58987ec,3.7.1 (2759),iOS 26.4.2,26,iPhone SE (3rd generation),"May 27, 2026, 8:47:44 PM",stopAndClear,0,FaceKom stopAndClear,videoId,eSzigno.SelfServicePresenter.Status.aborted,PROD Release,downloaded,,,,,,,,,,,,,,
https://console.firebase.google.com/project/webszigno-dev-1532086359290/crashlytics/app/ios:hu.microsec.eszigno.mobile/issues/fc90ac57101d1258a32120e65642f194?time=90d&versions=3.7.1+%282759%29&types=error&sessionEventKey=3c7084e3e3664c668b9e466820919c61_2223089982600839522,fc90ac57101d1258a32120e65642f194,3c7084e3e3664c668b9e466820919c61_2223089982600839522,,3c7084e3e3664c668b9e466820919c61,,2223089982600839522,853eeba9-3449-44b5-ab25-b413c58987ec,,https://videoid-mobile.e-szigno.hu/identification/853eeba9-3449-44b5-ab25-b413c58987ec,3.7.1 (2759),iOS 26.4.2,26,iPhone SE (3rd generation),"May 27, 2026, 8:44:31 PM",stopAndClear,0,FaceKom stopAndClear,videoId,eSzigno.SelfServicePresenter.Status.aborted,PROD Release,downloaded,,,,,,,,,,,,,,
https://console.firebase.google.com/project/webszigno-dev-1532086359290/crashlytics/app/ios:hu.microsec.eszigno.mobile/issues/fc90ac57101d1258a32120e65642f194?time=90d&versions=3.7.1+%282759%29&types=error&sessionEventKey=3c7084e3e3664c668b9e466820919c61_2223088638276075872,fc90ac57101d1258a32120e65642f194,3c7084e3e3664c668b9e466820919c61_2223088638276075872,,3c7084e3e3664c668b9e466820919c61,,2223088638276075872,853eeba9-3449-44b5-ab25-b413c58987ec,,https://videoid-mobile.e-szigno.hu/identification/853eeba9-3449-44b5-ab25-b413c58987ec,3.7.1 (2759),iOS 26.4.2,26,iPhone SE (3rd generation),"May 27, 2026, 8:39:18 PM",stopAndClear,0,FaceKom stopAndClear,videoId,eSzigno.SelfServicePresenter.Status.aborted,PROD Release,downloaded,,,,,,,,,,,,,,
https://console.firebase.google.com/project/webszigno-dev-1532086359290/crashlytics/app/ios:hu.microsec.eszigno.mobile/issues/fc90ac57101d1258a32120e65642f194?time=90d&versions=3.7.1+%282759%29&types=error&sessionEventKey=3c7084e3e3664c668b9e466820919c61_2223088204484378974,fc90ac57101d1258a32120e65642f194,3c7084e3e3664c668b9e466820919c61_2223088204484378974,,3c7084e3e3664c668b9e466820919c61,,2223088204484378974,853eeba9-3449-44b5-ab25-b413c58987ec,,https://videoid-mobile.e-szigno.hu/identification/853eeba9-3449-44b5-ab25-b413c58987ec,3.7.1 (2759),iOS 26.4.2,26,iPhone SE (3rd generation),"May 27, 2026, 8:37:37 PM",stopAndClear,0,FaceKom stopAndClear,videoId,eSzigno.SelfServicePresenter.Status.aborted,PROD Release,downloaded,,,,,,,,,,,,,,
https://console.firebase.google.com/project/webszigno-dev-1532086359290/crashlytics/app/ios:hu.microsec.eszigno.mobile/issues/fc90ac57101d1258a32120e65642f194?time=90d&versions=3.7.1+%282759%29&types=error&sessionEventKey=01ca66ea446e44bea4af736e42e6d3f8_2222983854002176169,fc90ac57101d1258a32120e65642f194,01ca66ea446e44bea4af736e42e6d3f8_2222983854002176169,,01ca66ea446e44bea4af736e42e6d3f8,,2222983854002176169,35ea5996-e697-410f-b778-0a8717a3e4cf,,https://videoid-mobile.e-szigno.hu/identification/35ea5996-e697-410f-b778-0a8717a3e4cf,3.7.1 (2759),iOS 18.6.2,18,iPhone 12,"May 27, 2026, 1:52:41 PM",stopAndClear,0,FaceKom stopAndClear,videoId,eSzigno.SelfServicePresenter.Status.finished,PROD Release,downloaded,,,,,,,,,,,,,,
https://console.firebase.google.com/project/webszigno-dev-1532086359290/crashlytics/app/ios:hu.microsec.eszigno.mobile/issues/1554cddf903511ee1651c3806c818d82?time=90d&versions=3.7.1+%282759%29&types=error&sessionEventKey=f00f625d960a4d6b8ffd4317c6002915_2223316003907323875,1554cddf903511ee1651c3806c818d82,f00f625d960a4d6b8ffd4317c6002915_2223316003907323875,,f00f625d960a4d6b8ffd4317c6002915,,2223316003907323875,70ed4a7d-ddb0-403b-b453-443ede483f93,,https://videoid-mobile.e-szigno.hu/identification/70ed4a7d-ddb0-403b-b453-443ede483f93,3.7.1 (2759),iOS 26.5.0,26,iPhone 14,"May 28, 2026, 11:21:36 AM",FaceKomError,46,FaceKomSDK.FaceKomError,Logged out videoId,eSzigno.SelfServicePresenter.Status.finished,PROD Release,downloaded,,,,,,,,,,,,,,
https://console.firebase.google.com/project/webszigno-dev-1532086359290/crashlytics/app/ios:hu.microsec.eszigno.mobile/issues/1554cddf903511ee1651c3806c818d82?time=90d&versions=3.7.1+%282759%29&types=error&sessionEventKey=e9bd1ff6898b4a389897722eb98217eb_2223310684443913850,1554cddf903511ee1651c3806c818d82,e9bd1ff6898b4a389897722eb98217eb_2223310684443913850,,e9bd1ff6898b4a389897722eb98217eb,,2223310684443913850,ee2f1123-0393-4f80-b87b-cbb751cacf0b,,https://videoid-mobile.e-szigno.hu/identification/ee2f1123-0393-4f80-b87b-cbb751cacf0b,3.7.1 (2759),iOS 26.5.0,26,iPhone 17 Pro,"May 28, 2026, 11:00:57 AM",FaceKomError,46,FaceKomSDK.FaceKomError,videoId,eSzigno.SelfServicePresenter.Status.finished,PROD Release,not_available,,,,,,,,,,,,,,
https://console.firebase.google.com/project/webszigno-dev-1532086359290/crashlytics/app/ios:hu.microsec.eszigno.mobile/issues/1554cddf903511ee1651c3806c818d82?time=90d&versions=3.7.1+%282759%29&types=error&sessionEventKey=36e9a6ea73854476bb32968101aae55d_2222946108162010238,1554cddf903511ee1651c3806c818d82,36e9a6ea73854476bb32968101aae55d_2222946108162010238,,36e9a6ea73854476bb32968101aae55d,,2222946108162010238,59f66bf9-f111-4894-bda1-5d58acab0474,,https://videoid-mobile.e-szigno.hu/identification/59f66bf9-f111-4894-bda1-5d58acab0474,3.7.1 (2759),iOS 26.2.0,26,iPhone 15 Pro,"May 27, 2026, 11:26:13 AM",FaceKomError,46,FaceKomSDK.FaceKomError,Logged out videoId,eSzigno.SelfServicePresenter.Status.finished,PROD Release,downloaded,,,,,,,,,,,,,,
https://console.firebase.google.com/project/webszigno-dev-1532086359290/crashlytics/app/ios:hu.microsec.eszigno.mobile/issues/cc976fb6b163a26ebbddf22103e89d3c?time=90d&versions=3.7.1+%282759%29&types=error&sessionEventKey=e277a0ddc9484d2e88991ad45cf1f928_2223251295754565001,cc976fb6b163a26ebbddf22103e89d3c,e277a0ddc9484d2e88991ad45cf1f928_2223251295754565001,,e277a0ddc9484d2e88991ad45cf1f928,,2223251295754565001,,,not available,3.7.1 (2759),iOS 26.2.1,26,iPhone 13 Mini,"May 28, 2026, 7:10:30 AM",FaceKomError,43,FaceKomSDK.FaceKomError,videoId,,PROD Release,downloaded,,,,,,,,,,,,,,
https://console.firebase.google.com/project/webszigno-dev-1532086359290/crashlytics/app/ios:hu.microsec.eszigno.mobile/issues/cc976fb6b163a26ebbddf22103e89d3c?time=90d&versions=3.7.1+%282759%29&types=error&sessionEventKey=e277a0ddc9484d2e88991ad45cf1f928_2223251162610578823,cc976fb6b163a26ebbddf22103e89d3c,e277a0ddc9484d2e88991ad45cf1f928_2223251162610578823,,e277a0ddc9484d2e88991ad45cf1f928,,2223251162610578823,17001e11-9a66-482e-84eb-e30b5b1d2d4b,-1779437979,https://videoid-mobile.e-szigno.hu/identification/17001e11-9a66-482e-84eb-e30b5b1d2d4b-1779437979,3.7.1 (2759),iOS 26.2.1,26,iPhone 13 Mini,"May 28, 2026, 7:09:59 AM",FaceKomError,43,FaceKomSDK.FaceKomError,videoId,,PROD Release,downloaded,,,,,,,,,,,,,,
https://console.firebase.google.com/project/webszigno-dev-1532086359290/crashlytics/app/ios:hu.microsec.eszigno.mobile/issues/1782c2128a0148281dace39bf8664159?time=90d&versions=3.7.1+%282759%29&types=error&sessionEventKey=d25474e9ce5e4da691b6279ed7f5b32a_2223733911188436346,1782c2128a0148281dace39bf8664159,d25474e9ce5e4da691b6279ed7f5b32a_2223733911188436346,,d25474e9ce5e4da691b6279ed7f5b32a,,2223733911188436346,,,not available,3.7.1 (2759),iOS 26.5.0,26,iPhone 12 Pro Max,"May 29, 2026, 2:23:17 PM",SelfServiceRuntimeError,30804,hu.microsec.eszigno.mobile.SelfServiceRuntimeError,Logged in videoId,,PROD Release,downloaded,"FaceKom session disconnected: consent timer expired, user waited for more than 60 seconds for detection",,,,,,,,,,,,,
https://console.firebase.google.com/project/webszigno-dev-1532086359290/crashlytics/app/ios:hu.microsec.eszigno.mobile/issues/1782c2128a0148281dace39bf8664159?time=90d&versions=3.7.1+%282759%29&types=error&sessionEventKey=d25474e9ce5e4da691b6279ed7f5b32a_2223733391497393529,1782c2128a0148281dace39bf8664159,d25474e9ce5e4da691b6279ed7f5b32a_2223733391497393529,,d25474e9ce5e4da691b6279ed7f5b32a,,2223733391497393529,7ca246b5-86c9-4288-a16f-3a701560846e,-1780056780,https://videoid-mobile.e-szigno.hu/identification/7ca246b5-86c9-4288-a16f-3a701560846e-1780056780,3.7.1 (2759),iOS 26.5.0,26,iPhone 12 Pro Max,"May 29, 2026, 2:21:16 PM",SelfServiceRuntimeError,30804,hu.microsec.eszigno.mobile.SelfServiceRuntimeError,Logged in videoId,,PROD Release,downloaded,"FaceKom session disconnected: consent timer expired, user waited for more than 60 seconds for detection",,,,,,,,,,,,,
https://console.firebase.google.com/project/webszigno-dev-1532086359290/crashlytics/app/ios:hu.microsec.eszigno.mobile/issues/1782c2128a0148281dace39bf8664159?time=90d&versions=3.7.1+%282759%29&types=error&sessionEventKey=da49e5c893b54e6e94fb64e738e4a050_2223729037526125750,1782c2128a0148281dace39bf8664159,da49e5c893b54e6e94fb64e738e4a050_2223729037526125750,,da49e5c893b54e6e94fb64e738e4a050,,2223729037526125750,7ca246b5-86c9-4288-a16f-3a701560846e,,https://videoid-mobile.e-szigno.hu/identification/7ca246b5-86c9-4288-a16f-3a701560846e,3.7.1 (2759),iOS 26.5.0,26,iPhone 12 Pro Max,"May 29, 2026, 2:04:23 PM",SelfServiceRuntimeError,30803,hu.microsec.eszigno.mobile.SelfServiceRuntimeError,Logged in videoId,eSzigno.SelfServicePresenter.Status.finished,PROD Release,downloaded,Facekom finished with state: finished,,,,,,,,,,,,,
https://console.firebase.google.com/project/webszigno-dev-1532086359290/crashlytics/app/ios:hu.microsec.eszigno.mobile/issues/1782c2128a0148281dace39bf8664159?time=90d&versions=3.7.1+%282759%29&types=error&sessionEventKey=da49e5c893b54e6e94fb64e738e4a050_2223729011756321973,1782c2128a0148281dace39bf8664159,da49e5c893b54e6e94fb64e738e4a050_2223729011756321973,,da49e5c893b54e6e94fb64e738e4a050,,2223729011756321973,7ca246b5-86c9-4288-a16f-3a701560846e,,https://videoid-mobile.e-szigno.hu/identification/7ca246b5-86c9-4288-a16f-3a701560846e,3.7.1 (2759),iOS 26.5.0,26,iPhone 12 Pro Max,"May 29, 2026, 2:04:17 PM",SelfServiceRuntimeError,30802,hu.microsec.eszigno.mobile.SelfServiceRuntimeError,Logged in videoId,eSzigno.SelfServicePresenter.Status.finished,PROD Release,downloaded,"FaceKom session did enter background at step: 2-factor, isVideoStep: false.",,,,,,,,,,,,,
https://console.firebase.google.com/project/webszigno-dev-1532086359290/crashlytics/app/ios:hu.microsec.eszigno.mobile/issues/1782c2128a0148281dace39bf8664159?time=90d&versions=3.7.1+%282759%29&types=error&sessionEventKey=da49e5c893b54e6e94fb64e738e4a050_2223728912972074164,1782c2128a0148281dace39bf8664159,da49e5c893b54e6e94fb64e738e4a050_2223728912972074164,,da49e5c893b54e6e94fb64e738e4a050,,2223728912972074164,7ca246b5-86c9-4288-a16f-3a701560846e,,https://videoid-mobile.e-szigno.hu/identification/7ca246b5-86c9-4288-a16f-3a701560846e,3.7.1 (2759),iOS 26.5.0,26,iPhone 12 Pro Max,"May 29, 2026, 2:03:54 PM",SelfServiceRuntimeError,30802,hu.microsec.eszigno.mobile.SelfServiceRuntimeError,Logged in videoId,eSzigno.SelfServicePresenter.Status.finished,PROD Release,downloaded,"FaceKom session did enter background at step: 2-factor, isVideoStep: false.",,,,,,,,,,,,,
https://console.firebase.google.com/project/webszigno-dev-1532086359290/crashlytics/app/ios:hu.microsec.eszigno.mobile/issues/1782c2128a0148281dace39bf8664159?time=90d&versions=3.7.1+%282759%29&types=error&sessionEventKey=da49e5c893b54e6e94fb64e738e4a050_2223727950899399858,1782c2128a0148281dace39bf8664159,da49e5c893b54e6e94fb64e738e4a050_2223727950899399858,,da49e5c893b54e6e94fb64e738e4a050,,2223727950899399858,7ca246b5-86c9-4288-a16f-3a701560846e,,https://videoid-mobile.e-szigno.hu/identification/7ca246b5-86c9-4288-a16f-3a701560846e,3.7.1 (2759),iOS 26.5.0,26,iPhone 12 Pro Max,"May 29, 2026, 2:00:10 PM",SelfServiceRuntimeError,30803,hu.microsec.eszigno.mobile.SelfServiceRuntimeError,Logged in videoId,eSzigno.SelfServicePresenter.Status.finished,PROD Release,downloaded,"Facekom finished with state: failed(title: nil, subtitle: nil, message: nil)",,,,,,,,,,,,,
https://console.firebase.google.com/project/webszigno-dev-1532086359290/crashlytics/app/ios:hu.microsec.eszigno.mobile/issues/1782c2128a0148281dace39bf8664159?time=90d&versions=3.7.1+%282759%29&types=error&sessionEventKey=65523ad2a297413bb776da49764a9555_2223714388349638064,1782c2128a0148281dace39bf8664159,65523ad2a297413bb776da49764a9555_2223714388349638064,,65523ad2a297413bb776da49764a9555,,2223714388349638064,4c24015a-eaa7-4017-80a1-ce9b74da6354,,https://videoid-mobile.e-szigno.hu/identification/4c24015a-eaa7-4017-80a1-ce9b74da6354,3.7.1 (2759),iOS 26.5.0,26,iPhone 16 Plus,"May 29, 2026, 1:07:32 PM",SelfServiceRuntimeError,30803,hu.microsec.eszigno.mobile.SelfServiceRuntimeError,videoId,eSzigno.SelfServicePresenter.Status.finished,PROD Release,downloaded,Facekom finished with state: finished,,,,,,,,,,,,,
https://console.firebase.google.com/project/webszigno-dev-1532086359290/crashlytics/app/ios:hu.microsec.eszigno.mobile/issues/1782c2128a0148281dace39bf8664159?time=90d&versions=3.7.1+%282759%29&types=error&sessionEventKey=65523ad2a297413bb776da49764a9555_2223713705449837998,1782c2128a0148281dace39bf8664159,65523ad2a297413bb776da49764a9555_2223713705449837998,,65523ad2a297413bb776da49764a9555,,2223713705449837998,4c24015a-eaa7-4017-80a1-ce9b74da6354,,https://videoid-mobile.e-szigno.hu/identification/4c24015a-eaa7-4017-80a1-ce9b74da6354,3.7.1 (2759),iOS 26.5.0,26,iPhone 16 Plus,"May 29, 2026, 1:04:53 PM",SelfServiceRuntimeError,30803,hu.microsec.eszigno.mobile.SelfServiceRuntimeError,videoId,eSzigno.SelfServicePresenter.Status.finished,PROD Release,downloaded,"Facekom finished with state: failed(title: Optional(""Sikertelen ellenőrzés""), subtitle: Optional(""A képkészítésre rendelkezésreálló próbálkozások száma elérte a maximumot, a QR-kód leolvasásával indítsa újra a folyamatot!""), message: nil)",,,,,,,,,,,,,
https://console.firebase.google.com/project/webszigno-dev-1532086359290/crashlytics/app/ios:hu.microsec.eszigno.mobile/issues/1782c2128a0148281dace39bf8664159?time=90d&versions=3.7.1+%282759%29&types=error&sessionEventKey=65523ad2a297413bb776da49764a9555_2223713434866898349,1782c2128a0148281dace39bf8664159,65523ad2a297413bb776da49764a9555_2223713434866898349,,65523ad2a297413bb776da49764a9555,,2223713434866898349,4c24015a-eaa7-4017-80a1-ce9b74da6354,,https://videoid-mobile.e-szigno.hu/identification/4c24015a-eaa7-4017-80a1-ce9b74da6354,3.7.1 (2759),iOS 26.5.0,26,iPhone 16 Plus,"May 29, 2026, 1:03:50 PM",SelfServiceRuntimeError,30804,hu.microsec.eszigno.mobile.SelfServiceRuntimeError,videoId,eSzigno.SelfServicePresenter.Status.finished,PROD Release,downloaded,FaceKom session disconnected: close while not in video step,,,,,,,,,,,,,
https://console.firebase.google.com/project/webszigno-dev-1532086359290/crashlytics/app/ios:hu.microsec.eszigno.mobile/issues/1782c2128a0148281dace39bf8664159?time=90d&versions=3.7.1+%282759%29&types=error&sessionEventKey=65523ad2a297413bb776da49764a9555_2223712824981542316,1782c2128a0148281dace39bf8664159,65523ad2a297413bb776da49764a9555_2223712824981542316,,65523ad2a297413bb776da49764a9555,,2223712824981542316,4c24015a-eaa7-4017-80a1-ce9b74da6354,,https://videoid-mobile.e-szigno.hu/identification/4c24015a-eaa7-4017-80a1-ce9b74da6354,3.7.1 (2759),iOS 26.5.0,26,iPhone 16 Plus,"May 29, 2026, 1:01:28 PM",SelfServiceRuntimeError,30803,hu.microsec.eszigno.mobile.SelfServiceRuntimeError,videoId,eSzigno.SelfServicePresenter.Status.finished,PROD Release,downloaded,"Facekom finished with state: aborted(message: Optional(""Ismeretlen hiba történt!""))",,,,,,,,,,,,,
https://console.firebase.google.com/project/webszigno-dev-1532086359290/crashlytics/app/ios:hu.microsec.eszigno.mobile/issues/1782c2128a0148281dace39bf8664159?time=90d&versions=3.7.1+%282759%29&types=error&sessionEventKey=8583d8b178fd400e8704ad5b333ba147_2223693215386629347,1782c2128a0148281dace39bf8664159,8583d8b178fd400e8704ad5b333ba147_2223693215386629347,,8583d8b178fd400e8704ad5b333ba147,,2223693215386629347,788df0ca-349f-4989-8c2a-26149bf53791,-1779953031,https://videoid-mobile.e-szigno.hu/identification/788df0ca-349f-4989-8c2a-26149bf53791-1779953031,3.7.1 (2759),iOS 26.5.0,26,iPhone 13 Mini,"May 29, 2026, 11:45:22 AM",SelfServiceRuntimeError,30803,hu.microsec.eszigno.mobile.SelfServiceRuntimeError,videoId,eSzigno.SelfServicePresenter.Status.finished,PROD Release,downloaded,Facekom finished with state: finished,,,,,,,,,,,,,
https://console.firebase.google.com/project/webszigno-dev-1532086359290/crashlytics/app/ios:hu.microsec.eszigno.mobile/issues/1782c2128a0148281dace39bf8664159?time=90d&versions=3.7.1+%282759%29&types=error&sessionEventKey=8583d8b178fd400e8704ad5b333ba147_2223693172436956386,1782c2128a0148281dace39bf8664159,8583d8b178fd400e8704ad5b333ba147_2223693172436956386,,8583d8b178fd400e8704ad5b333ba147,,2223693172436956386,788df0ca-349f-4989-8c2a-26149bf53791,-1779953031,https://videoid-mobile.e-szigno.hu/identification/788df0ca-349f-4989-8c2a-26149bf53791-1779953031,3.7.1 (2759),iOS 26.5.0,26,iPhone 13 Mini,"May 29, 2026, 11:45:12 AM",SelfServiceRuntimeError,30802,hu.microsec.eszigno.mobile.SelfServiceRuntimeError,videoId,eSzigno.SelfServicePresenter.Status.finished,PROD Release,downloaded,"FaceKom session did enter background at step: 2-factor, isVideoStep: false.",,,,,,,,,,,,,
https://console.firebase.google.com/project/webszigno-dev-1532086359290/crashlytics/app/ios:hu.microsec.eszigno.mobile/issues/1782c2128a0148281dace39bf8664159?time=90d&versions=3.7.1+%282759%29&types=error&sessionEventKey=1f0cd3dacbd644c7ae49653cc4a675fb_2223687562370509514,1782c2128a0148281dace39bf8664159,1f0cd3dacbd644c7ae49653cc4a675fb_2223687562370509514,,1f0cd3dacbd644c7ae49653cc4a675fb,,2223687562370509514,e6d5d60d-2756-40dc-8eaa-049c62add876,,https://videoid-mobile.e-szigno.hu/identification/e6d5d60d-2756-40dc-8eaa-049c62add876,3.7.1 (2759),iOS 26.5.0,26,iPhone 15,"May 29, 2026, 11:23:26 AM",SelfServiceRuntimeError,30803,hu.microsec.eszigno.mobile.SelfServiceRuntimeError,Logged in videoId,eSzigno.SelfServicePresenter.Status.finished,PROD Release,downloaded,Facekom finished with state: finished,,,,,,,,,,,,,
https://console.firebase.google.com/project/webszigno-dev-1532086359290/crashlytics/app/ios:hu.microsec.eszigno.mobile/issues/1782c2128a0148281dace39bf8664159?time=90d&versions=3.7.1+%282759%29&types=error&sessionEventKey=943d8da6c822487fb5d6a42f60122523_2223681874892698120,1782c2128a0148281dace39bf8664159,943d8da6c822487fb5d6a42f60122523_2223681874892698120,,943d8da6c822487fb5d6a42f60122523,,2223681874892698120,d665ea30-d7a4-4f34-b23f-24e93a137317,-1779891424,https://videoid-mobile.e-szigno.hu/identification/d665ea30-d7a4-4f34-b23f-24e93a137317-1779891424,3.7.1 (2759),iOS 26.5.0,26,iPhone 15,"May 29, 2026, 11:01:22 AM",SelfServiceRuntimeError,30803,hu.microsec.eszigno.mobile.SelfServiceRuntimeError,videoId,eSzigno.SelfServicePresenter.Status.finished,PROD Release,not_available,Facekom finished with state: finished,,,,,,,,,,,,,
https://console.firebase.google.com/project/webszigno-dev-1532086359290/crashlytics/app/ios:hu.microsec.eszigno.mobile/issues/1782c2128a0148281dace39bf8664159?time=90d&versions=3.7.1+%282759%29&types=error&sessionEventKey=3d9d82883735430f9bfe03470d7d29ea_2223364140893670736,1782c2128a0148281dace39bf8664159,3d9d82883735430f9bfe03470d7d29ea_2223364140893670736,,3d9d82883735430f9bfe03470d7d29ea,,2223364140893670736,b2df7150-ee4d-4700-a567-e6043db9379c,-1779958054,https://videoid-mobile.e-szigno.hu/identification/b2df7150-ee4d-4700-a567-e6043db9379c-1779958054,3.7.1 (2759),iOS 26.5.0,26,iPhone 13,"May 28, 2026, 2:28:24 PM",SelfServiceRuntimeError,30802,hu.microsec.eszigno.mobile.SelfServiceRuntimeError,Logged out videoId,,PROD Release,downloaded,"FaceKom session did enter background at step: voice-liveness-check, isVideoStep: true.",,,,,,,,,,,,,
https://console.firebase.google.com/project/webszigno-dev-1532086359290/crashlytics/app/ios:hu.microsec.eszigno.mobile/issues/1782c2128a0148281dace39bf8664159?time=90d&versions=3.7.1+%282759%29&types=error&sessionEventKey=081db26126f54b92bbf790377b1b5f57_2223363829941176345,1782c2128a0148281dace39bf8664159,081db26126f54b92bbf790377b1b5f57_2223363829941176345,,081db26126f54b92bbf790377b1b5f57,,2223363829941176345,b2df7150-ee4d-4700-a567-e6043db9379c,-1779958054,https://videoid-mobile.e-szigno.hu/identification/b2df7150-ee4d-4700-a567-e6043db9379c-1779958054,3.7.1 (2759),iOS 26.5.0,26,iPhone 13,"May 28, 2026, 2:27:11 PM",SelfServiceRuntimeError,30802,hu.microsec.eszigno.mobile.SelfServiceRuntimeError,Logged out videoId,,PROD Release,downloaded,"FaceKom session did enter background at step: voice-liveness-check, isVideoStep: true.",,,,,,,,,,,,,
https://console.firebase.google.com/project/webszigno-dev-1532086359290/crashlytics/app/ios:hu.microsec.eszigno.mobile/issues/1782c2128a0148281dace39bf8664159?time=90d&versions=3.7.1+%282759%29&types=error&sessionEventKey=369dd5b45b0642528fba86df54dcc267_2223363346882197201,1782c2128a0148281dace39bf8664159,369dd5b45b0642528fba86df54dcc267_2223363346882197201,,369dd5b45b0642528fba86df54dcc267,,2223363346882197201,b2df7150-ee4d-4700-a567-e6043db9379c,-1779958054,https://videoid-mobile.e-szigno.hu/identification/b2df7150-ee4d-4700-a567-e6043db9379c-1779958054,3.7.1 (2759),iOS 26.5.0,26,iPhone 13,"May 28, 2026, 2:25:19 PM",SelfServiceRuntimeError,30803,hu.microsec.eszigno.mobile.SelfServiceRuntimeError,Logged out videoId,eSzigno.SelfServicePresenter.Status.aborted,PROD Release,downloaded,"Facekom finished with state: aborted(message: Optional(""Unexpected error""))",,,,,,,,,,,,,
https://console.firebase.google.com/project/webszigno-dev-1532086359290/crashlytics/app/ios:hu.microsec.eszigno.mobile/issues/1782c2128a0148281dace39bf8664159?time=90d&versions=3.7.1+%282759%29&types=error&sessionEventKey=f222d86588274a32a36782d7fa51b887_2223355014254910523,1782c2128a0148281dace39bf8664159,f222d86588274a32a36782d7fa51b887_2223355014254910523,,f222d86588274a32a36782d7fa51b887,,2223355014254910523,4f77b358-f9f1-4d6e-a1e0-e281676e11f6,,https://videoid-mobile.e-szigno.hu/identification/4f77b358-f9f1-4d6e-a1e0-e281676e11f6,3.7.1 (2759),iOS 26.4.2,26,iPhone 14 Pro,"May 28, 2026, 1:52:59 PM",SelfServiceRuntimeError,30803,hu.microsec.eszigno.mobile.SelfServiceRuntimeError,videoId,eSzigno.SelfServicePresenter.Status.aborted,PROD Release,downloaded,"Facekom finished with state: aborted(message: Optional(""Ismeretlen hiba történt!""))",,,,,,,,,,,,,
https://console.firebase.google.com/project/webszigno-dev-1532086359290/crashlytics/app/ios:hu.microsec.eszigno.mobile/issues/1782c2128a0148281dace39bf8664159?time=90d&versions=3.7.1+%282759%29&types=error&sessionEventKey=e1c9aff841374359b93613e63ea9162b_2223326940237755959,1782c2128a0148281dace39bf8664159,e1c9aff841374359b93613e63ea9162b_2223326940237755959,,e1c9aff841374359b93613e63ea9162b,,2223326940237755959,b2df7150-ee4d-4700-a567-e6043db9379c,-1779958054,https://videoid-mobile.e-szigno.hu/identification/b2df7150-ee4d-4700-a567-e6043db9379c-1779958054,3.7.1 (2759),iOS 26.5.0,26,iPhone 13,"May 28, 2026, 12:04:02 PM",SelfServiceRuntimeError,30803,hu.microsec.eszigno.mobile.SelfServiceRuntimeError,Logged out videoId,eSzigno.SelfServicePresenter.Status.aborted,PROD Release,downloaded,"Facekom finished with state: aborted(message: Optional(""Unexpected error""))",,,,,,,,,,,,,
https://console.firebase.google.com/project/webszigno-dev-1532086359290/crashlytics/app/ios:hu.microsec.eszigno.mobile/issues/1782c2128a0148281dace39bf8664159?time=90d&versions=3.7.1+%282759%29&types=error&sessionEventKey=e1c9aff841374359b93613e63ea9162b_2223326931647821365,1782c2128a0148281dace39bf8664159,e1c9aff841374359b93613e63ea9162b_2223326931647821365,,e1c9aff841374359b93613e63ea9162b,,2223326931647821365,b2df7150-ee4d-4700-a567-e6043db9379c,-1779958054,https://videoid-mobile.e-szigno.hu/identification/b2df7150-ee4d-4700-a567-e6043db9379c-1779958054,3.7.1 (2759),iOS 26.5.0,26,iPhone 13,"May 28, 2026, 12:04:00 PM",SelfServiceRuntimeError,30802,hu.microsec.eszigno.mobile.SelfServiceRuntimeError,Logged out videoId,eSzigno.SelfServicePresenter.Status.aborted,PROD Release,downloaded,"FaceKom session did enter background at step: voice-liveness-check, isVideoStep: true.",,,,,,,,,,,,,
https://console.firebase.google.com/project/webszigno-dev-1532086359290/crashlytics/app/ios:hu.microsec.eszigno.mobile/issues/1782c2128a0148281dace39bf8664159?time=90d&versions=3.7.1+%282759%29&types=error&sessionEventKey=b01cb5e95d3342fcbf85c58e0b9be1d6_2223003494699966237,1782c2128a0148281dace39bf8664159,b01cb5e95d3342fcbf85c58e0b9be1d6_2223003494699966237,,b01cb5e95d3342fcbf85c58e0b9be1d6,,2223003494699966237,f3c2053c-b027-4f82-8fac-ae490517aef2,,https://videoid-mobile.e-szigno.hu/identification/f3c2053c-b027-4f82-8fac-ae490517aef2,3.7.1 (2759),iOS 26.5.0,26,iPhone 15 Pro,"May 27, 2026, 3:08:54 PM",SelfServiceRuntimeError,30803,hu.microsec.eszigno.mobile.SelfServiceRuntimeError,videoId,eSzigno.SelfServicePresenter.Status.finished,PROD Release,downloaded,Facekom finished with state: finished,,,,,,,,,,,,,
https://console.firebase.google.com/project/webszigno-dev-1532086359290/crashlytics/app/ios:hu.microsec.eszigno.mobile/issues/66ab9689c1addf4cdac8881ddf52eff2?time=90d&versions=3.7.1+%282759%29&types=error&sessionEventKey=da49e5c893b54e6e94fb64e738e4a050_2223729046116060343,66ab9689c1addf4cdac8881ddf52eff2,da49e5c893b54e6e94fb64e738e4a050_2223729046116060343,,da49e5c893b54e6e94fb64e738e4a050,,2223729046116060343,,,not available,3.7.1 (2759),iOS 26.5.0,26,iPhone 12 Pro Max,"May 29, 2026, 2:04:25 PM",handleFlow,0,FaceKom handleFlow,Logged in videoId,eSzigno.SelfServicePresenter.Status.finished,PROD Release,downloaded,,,,,,,,,,,,,,
https://console.firebase.google.com/project/webszigno-dev-1532086359290/crashlytics/app/ios:hu.microsec.eszigno.mobile/issues/66ab9689c1addf4cdac8881ddf52eff2?time=90d&versions=3.7.1+%282759%29&types=error&sessionEventKey=da49e5c893b54e6e94fb64e738e4a050_2223727963784301747,66ab9689c1addf4cdac8881ddf52eff2,da49e5c893b54e6e94fb64e738e4a050_2223727963784301747,,da49e5c893b54e6e94fb64e738e4a050,,2223727963784301747,7ca246b5-86c9-4288-a16f-3a701560846e,,https://videoid-mobile.e-szigno.hu/identification/7ca246b5-86c9-4288-a16f-3a701560846e,3.7.1 (2759),iOS 26.5.0,26,iPhone 12 Pro Max,"May 29, 2026, 2:00:13 PM",handleFlow,0,FaceKom handleFlow,Logged in videoId,eSzigno.SelfServicePresenter.Status.finished,PROD Release,downloaded,,,,,,,,,,,,,,
https://console.firebase.google.com/project/webszigno-dev-1532086359290/crashlytics/app/ios:hu.microsec.eszigno.mobile/issues/66ab9689c1addf4cdac8881ddf52eff2?time=90d&versions=3.7.1+%282759%29&types=error&sessionEventKey=65523ad2a297413bb776da49764a9555_2223714401234539953,66ab9689c1addf4cdac8881ddf52eff2,65523ad2a297413bb776da49764a9555_2223714401234539953,,65523ad2a297413bb776da49764a9555,,2223714401234539953,4c24015a-eaa7-4017-80a1-ce9b74da6354,,https://videoid-mobile.e-szigno.hu/identification/4c24015a-eaa7-4017-80a1-ce9b74da6354,3.7.1 (2759),iOS 26.5.0,26,iPhone 16 Plus,"May 29, 2026, 1:07:35 PM",handleFlow,0,FaceKom handleFlow,videoId,eSzigno.SelfServicePresenter.Status.finished,PROD Release,downloaded,,,,,,,,,,,,,,
https://console.firebase.google.com/project/webszigno-dev-1532086359290/crashlytics/app/ios:hu.microsec.eszigno.mobile/issues/66ab9689c1addf4cdac8881ddf52eff2?time=90d&versions=3.7.1+%282759%29&types=error&sessionEventKey=65523ad2a297413bb776da49764a9555_2223713722629707183,66ab9689c1addf4cdac8881ddf52eff2,65523ad2a297413bb776da49764a9555_2223713722629707183,,65523ad2a297413bb776da49764a9555,,2223713722629707183,4c24015a-eaa7-4017-80a1-ce9b74da6354,,https://videoid-mobile.e-szigno.hu/identification/4c24015a-eaa7-4017-80a1-ce9b74da6354,3.7.1 (2759),iOS 26.5.0,26,iPhone 16 Plus,"May 29, 2026, 1:04:57 PM",handleFlow,0,FaceKom handleFlow,videoId,eSzigno.SelfServicePresenter.Status.finished,PROD Release,downloaded,,,,,,,,,,,,,,
https://console.firebase.google.com/project/webszigno-dev-1532086359290/crashlytics/app/ios:hu.microsec.eszigno.mobile/issues/66ab9689c1addf4cdac8881ddf52eff2?time=90d&versions=3.7.1+%282759%29&types=error&sessionEventKey=136ec280319d4610b3114a5555c06c74_2223713076658673558,66ab9689c1addf4cdac8881ddf52eff2,136ec280319d4610b3114a5555c06c74_2223713076658673558,,136ec280319d4610b3114a5555c06c74,,2223713076658673558,ddc0a802-86c8-46fa-a700-64cab75de8d2,,https://videoid-mobile.e-szigno.hu/identification/ddc0a802-86c8-46fa-a700-64cab75de8d2,3.7.1 (2759),iOS 26.3.1,26,iPhone 14 Pro Max,"May 29, 2026, 1:02:26 PM",handleFlow,0,FaceKom handleFlow,Logged out videoId,eSzigno.SelfServicePresenter.Status.finished,PROD Release,downloaded,,,,,,,,,,,,,,
https://console.firebase.google.com/project/webszigno-dev-1532086359290/crashlytics/app/ios:hu.microsec.eszigno.mobile/issues/66ab9689c1addf4cdac8881ddf52eff2?time=90d&versions=3.7.1+%282759%29&types=error&sessionEventKey=1f0cd3dacbd644c7ae49653cc4a675fb_2223687570960444107,66ab9689c1addf4cdac8881ddf52eff2,1f0cd3dacbd644c7ae49653cc4a675fb_2223687570960444107,,1f0cd3dacbd644c7ae49653cc4a675fb,,2223687570960444107,e6d5d60d-2756-40dc-8eaa-049c62add876,,https://videoid-mobile.e-szigno.hu/identification/e6d5d60d-2756-40dc-8eaa-049c62add876,3.7.1 (2759),iOS 26.5.0,26,iPhone 15,"May 29, 2026, 11:23:28 AM",handleFlow,0,FaceKom handleFlow,Logged in videoId,eSzigno.SelfServicePresenter.Status.finished,PROD Release,downloaded,,,,,,,,,,,,,,
https://console.firebase.google.com/project/webszigno-dev-1532086359290/crashlytics/app/ios:hu.microsec.eszigno.mobile/issues/66ab9689c1addf4cdac8881ddf52eff2?time=90d&versions=3.7.1+%282759%29&types=error&sessionEventKey=943d8da6c822487fb5d6a42f60122523_2223681883482632713,66ab9689c1addf4cdac8881ddf52eff2,943d8da6c822487fb5d6a42f60122523_2223681883482632713,,943d8da6c822487fb5d6a42f60122523,,2223681883482632713,d665ea30-d7a4-4f34-b23f-24e93a137317,-1779891424,https://videoid-mobile.e-szigno.hu/identification/d665ea30-d7a4-4f34-b23f-24e93a137317-1779891424,3.7.1 (2759),iOS 26.5.0,26,iPhone 15,"May 29, 2026, 11:01:24 AM",handleFlow,0,FaceKom handleFlow,videoId,eSzigno.SelfServicePresenter.Status.finished,PROD Release,not_available,,,,,,,,,,,,,,
https://console.firebase.google.com/project/webszigno-dev-1532086359290/crashlytics/app/ios:hu.microsec.eszigno.mobile/issues/66ab9689c1addf4cdac8881ddf52eff2?time=90d&versions=3.7.1+%282759%29&types=error&sessionEventKey=b01cb5e95d3342fcbf85c58e0b9be1d6_2223003503289900830,66ab9689c1addf4cdac8881ddf52eff2,b01cb5e95d3342fcbf85c58e0b9be1d6_2223003503289900830,,b01cb5e95d3342fcbf85c58e0b9be1d6,,2223003503289900830,f3c2053c-b027-4f82-8fac-ae490517aef2,,https://videoid-mobile.e-szigno.hu/identification/f3c2053c-b027-4f82-8fac-ae490517aef2,3.7.1 (2759),iOS 26.5.0,26,iPhone 15 Pro,"May 27, 2026, 3:08:56 PM",handleFlow,0,FaceKom handleFlow,videoId,eSzigno.SelfServicePresenter.Status.finished,PROD Release,downloaded,,,,,,,,,,,,,,
https://console.firebase.google.com/project/webszigno-dev-1532086359290/crashlytics/app/ios:hu.microsec.eszigno.mobile/issues/fc90ac57101d1258a32120e65642f194?time=90d&versions=3.7.1+%282759%29&types=error&sessionEventKey=65523ad2a297413bb776da49764a9555_2223712824981542315,fc90ac57101d1258a32120e65642f194,65523ad2a297413bb776da49764a9555_2223712824981542315,,65523ad2a297413bb776da49764a9555,,2223712824981542315,4c24015a-eaa7-4017-80a1-ce9b74da6354,,https://videoid-mobile.e-szigno.hu/identification/4c24015a-eaa7-4017-80a1-ce9b74da6354,3.7.1 (2759),iOS 26.5.0,26,iPhone 16 Plus,"May 29, 2026, 1:01:28 PM",stopAndClear,0,FaceKom stopAndClear,videoId,eSzigno.SelfServicePresenter.Status.finished,PROD Release,downloaded,,,,,,,,,,,,,,
https://console.firebase.google.com/project/webszigno-dev-1532086359290/crashlytics/app/ios:hu.microsec.eszigno.mobile/issues/fc90ac57101d1258a32120e65642f194?time=90d&versions=3.7.1+%282759%29&types=error&sessionEventKey=369dd5b45b0642528fba86df54dcc267_2223363346882197200,fc90ac57101d1258a32120e65642f194,369dd5b45b0642528fba86df54dcc267_2223363346882197200,,369dd5b45b0642528fba86df54dcc267,,2223363346882197200,b2df7150-ee4d-4700-a567-e6043db9379c,-1779958054,https://videoid-mobile.e-szigno.hu/identification/b2df7150-ee4d-4700-a567-e6043db9379c-1779958054,3.7.1 (2759),iOS 26.5.0,26,iPhone 13,"May 28, 2026, 2:25:19 PM",stopAndClear,0,FaceKom stopAndClear,Logged out videoId,eSzigno.SelfServicePresenter.Status.aborted,PROD Release,downloaded,,,,,,,,,,,,,,
https://console.firebase.google.com/project/webszigno-dev-1532086359290/crashlytics/app/ios:hu.microsec.eszigno.mobile/issues/fc90ac57101d1258a32120e65642f194?time=90d&versions=3.7.1+%282759%29&types=error&sessionEventKey=e1c9aff841374359b93613e63ea9162b_2223326935942788662,fc90ac57101d1258a32120e65642f194,e1c9aff841374359b93613e63ea9162b_2223326935942788662,,e1c9aff841374359b93613e63ea9162b,,2223326935942788662,b2df7150-ee4d-4700-a567-e6043db9379c,-1779958054,https://videoid-mobile.e-szigno.hu/identification/b2df7150-ee4d-4700-a567-e6043db9379c-1779958054,3.7.1 (2759),iOS 26.5.0,26,iPhone 13,"May 28, 2026, 12:04:01 PM",stopAndClear,0,FaceKom stopAndClear,Logged out videoId,eSzigno.SelfServicePresenter.Status.aborted,PROD Release,downloaded,,,,,,,,,,,,,,
