event_url,issue_id,session_event_key,session_id_full,session_id_base,report_index,event_id,user_id_base,user_id_suffix,identification_link,app_version,os_version,os_major_version,model,date,crash_kind,nserror_code,nserror_domain,source,status,configuration,breadcrumbs_status,nslocalized_description,orientation_device,ram_free_mib,jailbroken,orientation_os,outcome,reason,last_step,steps_reached,screen_views,n_status_changes,first_breadcrumb_ts,last_breadcrumb_ts,session_elapsed_s
https://console.firebase.google.com/project/webszigno-dev-1532086359290/crashlytics/app/ios:hu.microsec.eszigno.mobile/issues/1554cddf903511ee1651c3806c818d82?time=90d&versions=3.8.0+%282811%29&types=error&sessionEventKey=d3964ed0d2524daa807c14c46f013bfd_2244516135992752607,1554cddf903511ee1651c3806c818d82,d3964ed0d2524daa807c14c46f013bfd_2244516135992752607,,d3964ed0d2524daa807c14c46f013bfd,,2244516135992752607,f7556ac4-3f85-4068-a21a-93160cd6de24,-1784894900,https://videoid-mobile.e-szigno.hu/identification/f7556ac4-3f85-4068-a21a-93160cd6de24-1784894900,3.8.0 (2811),iOS 17.6.1,17,iPhone 13,"Jul 24, 2026, 2:28:56 PM",FaceKomError,46,FaceKomSDK.FaceKomError,videoId,eSzigno.SelfServicePresenter.Status.finished,PROD Release,downloaded,,,,,,,,,,,,,,
https://console.firebase.google.com/project/webszigno-dev-1532086359290/crashlytics/app/ios:hu.microsec.eszigno.mobile/issues/1554cddf903511ee1651c3806c818d82?time=90d&versions=3.8.0+%282811%29&types=error&sessionEventKey=6454e59c74944f84ad4b5ae348d2d8c9_2244451188871443910,1554cddf903511ee1651c3806c818d82,6454e59c74944f84ad4b5ae348d2d8c9_2244451188871443910,,6454e59c74944f84ad4b5ae348d2d8c9,,2244451188871443910,7c3cca24-387f-4d82-bfb8-0b371c9af54c,,https://videoid-mobile.e-szigno.hu/identification/7c3cca24-387f-4d82-bfb8-0b371c9af54c,3.8.0 (2811),iOS 26.5.0,26,iPhone 16 Pro,"Jul 24, 2026, 10:16:54 AM",FaceKomError,46,FaceKomSDK.FaceKomError,videoId,eSzigno.SelfServicePresenter.Status.finished,PROD Release,downloaded,,,,,,,,,,,,,,
https://console.firebase.google.com/project/webszigno-dev-1532086359290/crashlytics/app/ios:hu.microsec.eszigno.mobile/issues/1554cddf903511ee1651c3806c818d82?time=90d&versions=3.8.0+%282811%29&types=error&sessionEventKey=7ec59ce708994de3a33e86a60a0d684f_2244437915902823987,1554cddf903511ee1651c3806c818d82,7ec59ce708994de3a33e86a60a0d684f_2244437915902823987,,7ec59ce708994de3a33e86a60a0d684f,,2244437915902823987,d143d293-4056-48cf-b43c-7fad1074f6d9,-1784879441,https://videoid-mobile.e-szigno.hu/identification/d143d293-4056-48cf-b43c-7fad1074f6d9-1784879441,3.8.0 (2811),iOS 26.5.2,26,iPhone 15 Plus,"Jul 24, 2026, 9:25:24 AM",FaceKomError,46,FaceKomSDK.FaceKomError,videoId,eSzigno.SelfServicePresenter.Status.finished,PROD Release,not_available,,,,,,,,,,,,,,
https://console.firebase.google.com/project/webszigno-dev-1532086359290/crashlytics/app/ios:hu.microsec.eszigno.mobile/issues/fc90ac57101d1258a32120e65642f194?time=90d&versions=3.8.0+%282811%29&types=error&sessionEventKey=854232641cd04068a6fb3ac0c2b01145_2244535734831469683,fc90ac57101d1258a32120e65642f194,854232641cd04068a6fb3ac0c2b01145_2244535734831469683,,854232641cd04068a6fb3ac0c2b01145,,2244535734831469683,12a20b73-83d8-428a-9211-718d39247b0f,,https://videoid-mobile.e-szigno.hu/identification/12a20b73-83d8-428a-9211-718d39247b0f,3.8.0 (2811),iOS 26.5.2,26,iPhone 13,"Jul 24, 2026, 3:44:59 PM",stopAndClear,0,FaceKom stopAndClear,videoId,eSzigno.SelfServicePresenter.Status.finished,PROD Release,downloaded,,,,,,,,,,,,,,
https://console.firebase.google.com/project/webszigno-dev-1532086359290/crashlytics/app/ios:hu.microsec.eszigno.mobile/issues/fc90ac57101d1258a32120e65642f194?time=90d&versions=3.8.0+%282811%29&types=error&sessionEventKey=ddfefb44aff241ecb6cc03c2f45fd902_2244495275228027333,fc90ac57101d1258a32120e65642f194,ddfefb44aff241ecb6cc03c2f45fd902_2244495275228027333,,ddfefb44aff241ecb6cc03c2f45fd902,,2244495275228027333,30efca41-a4c3-43cc-8c7a-4505e43213cc,-1784891341,https://videoid-mobile.e-szigno.hu/identification/30efca41-a4c3-43cc-8c7a-4505e43213cc-1784891341,3.8.0 (2811),iOS 26.5.2,26,iPhone 17 Pro,"Jul 24, 2026, 1:07:59 PM",stopAndClear,0,FaceKom stopAndClear,videoId,eSzigno.SelfServicePresenter.Status.finished,PROD Release,downloaded,,,,,,,,,,,,,,
https://console.firebase.google.com/project/webszigno-dev-1532086359290/crashlytics/app/ios:hu.microsec.eszigno.mobile/issues/fc90ac57101d1258a32120e65642f194?time=90d&versions=3.8.0+%282811%29&types=error&sessionEventKey=7b6e9dae99ac40589f9b4a78587fea4c_2244477721965109901,fc90ac57101d1258a32120e65642f194,7b6e9dae99ac40589f9b4a78587fea4c_2244477721965109901,,7b6e9dae99ac40589f9b4a78587fea4c,,2244477721965109901,4f4cdd58-38d6-467e-b7e0-1569e16f7985,,https://videoid-mobile.e-szigno.hu/identification/4f4cdd58-38d6-467e-b7e0-1569e16f7985,3.8.0 (2811),iPadOS 17.7.11,17,"iPad Pro (12.9-inch, 2nd generation)","Jul 24, 2026, 11:59:52 AM",stopAndClear,0,FaceKom stopAndClear,videoId,eSzigno.SelfServicePresenter.Status.aborted,PROD Release,downloaded,,,,,,,,,,,,,,
https://console.firebase.google.com/project/webszigno-dev-1532086359290/crashlytics/app/ios:hu.microsec.eszigno.mobile/issues/fc90ac57101d1258a32120e65642f194?time=90d&versions=3.8.0+%282811%29&types=error&sessionEventKey=7ec59ce708994de3a33e86a60a0d684f_2244472829691973173,fc90ac57101d1258a32120e65642f194,7ec59ce708994de3a33e86a60a0d684f_2244472829691973173,,7ec59ce708994de3a33e86a60a0d684f,,2244472829691973173,d143d293-4056-48cf-b43c-7fad1074f6d9,-1784879441,https://videoid-mobile.e-szigno.hu/identification/d143d293-4056-48cf-b43c-7fad1074f6d9-1784879441,3.8.0 (2811),iOS 26.5.2,26,iPhone 15 Plus,"Jul 24, 2026, 11:40:53 AM",stopAndClear,0,FaceKom stopAndClear,videoId,eSzigno.SelfServicePresenter.Status.finished,PROD Release,downloaded,,,,,,,,,,,,,,
https://console.firebase.google.com/project/webszigno-dev-1532086359290/crashlytics/app/ios:hu.microsec.eszigno.mobile/issues/66ab9689c1addf4cdac8881ddf52eff2?time=90d&versions=3.8.0+%282811%29&types=error&sessionEventKey=f937f37b79d04ed4a66dfa170214414d_2245587533283060190,66ab9689c1addf4cdac8881ddf52eff2,f937f37b79d04ed4a66dfa170214414d_2245587533283060190,,f937f37b79d04ed4a66dfa170214414d,,2245587533283060190,c28d866c-8a3e-4108-83d8-09cd2944e91b,,https://videoid-mobile.e-szigno.hu/identification/c28d866c-8a3e-4108-83d8-09cd2944e91b,3.8.0 (2811),iOS 26.5.2,26,iPhone 17 Pro Max,"Jul 27, 2026, 11:46:30 AM",handleFlow,0,FaceKom handleFlow,Logged out videoId,eSzigno.SelfServicePresenter.Status.finished,PROD Release,downloaded,,,,,,,,,,,,,,
https://console.firebase.google.com/project/webszigno-dev-1532086359290/crashlytics/app/ios:hu.microsec.eszigno.mobile/issues/66ab9689c1addf4cdac8881ddf52eff2?time=90d&versions=3.8.0+%282811%29&types=error&sessionEventKey=c2d973ce34664bd196556006027c5205_2245581821239269009,66ab9689c1addf4cdac8881ddf52eff2,c2d973ce34664bd196556006027c5205_2245581821239269009,,c2d973ce34664bd196556006027c5205,,2245581821239269009,3b30c529-8606-45c3-a666-f49930be3a59,-1783318795,https://videoid-mobile.e-szigno.hu/identification/3b30c529-8606-45c3-a666-f49930be3a59-1783318795,3.8.0 (2811),iOS 26.5.2,26,iPhone SE (2nd generation),"Jul 27, 2026, 11:24:20 AM",handleFlow,0,FaceKom handleFlow,videoId,eSzigno.SelfServicePresenter.Status.finished,PROD Release,downloaded,,,,,,,,,,,,,,
https://console.firebase.google.com/project/webszigno-dev-1532086359290/crashlytics/app/ios:hu.microsec.eszigno.mobile/issues/66ab9689c1addf4cdac8881ddf52eff2?time=90d&versions=3.8.0+%282811%29&types=error&sessionEventKey=681611d08f314ff8a508d51edfc8e8fe_2245545666549525313,66ab9689c1addf4cdac8881ddf52eff2,681611d08f314ff8a508d51edfc8e8fe_2245545666549525313,,681611d08f314ff8a508d51edfc8e8fe,,2245545666549525313,f5ed86b9-452b-460f-9a62-bf9693998b20,,https://videoid-mobile.e-szigno.hu/identification/f5ed86b9-452b-460f-9a62-bf9693998b20,3.8.0 (2811),iOS 26.5.2,26,iPhone 14,"Jul 27, 2026, 9:04:02 AM",handleFlow,0,FaceKom handleFlow,Logged out videoId,eSzigno.SelfServicePresenter.Status.finished,PROD Release,downloaded,,,,,,,,,,,,,,
https://console.firebase.google.com/project/webszigno-dev-1532086359290/crashlytics/app/ios:hu.microsec.eszigno.mobile/issues/66ab9689c1addf4cdac8881ddf52eff2?time=90d&versions=3.8.0+%282811%29&types=error&sessionEventKey=03339ad76c7343eaa54b26a134607a60_2244781281161905970,66ab9689c1addf4cdac8881ddf52eff2,03339ad76c7343eaa54b26a134607a60_2244781281161905970,,03339ad76c7343eaa54b26a134607a60,,2244781281161905970,769bff41-a3ac-4c53-9c04-c1aa93caf2b0,-1784904808,https://videoid-mobile.e-szigno.hu/identification/769bff41-a3ac-4c53-9c04-c1aa93caf2b0-1784904808,3.8.0 (2811),iOS 26.5.2,26,iPhone 15,"Jul 25, 2026, 7:37:50 AM",handleFlow,0,FaceKom handleFlow,Logged out videoId,eSzigno.SelfServicePresenter.Status.finished,PROD Release,downloaded,,,,,,,,,,,,,,
https://console.firebase.google.com/project/webszigno-dev-1532086359290/crashlytics/app/ios:hu.microsec.eszigno.mobile/issues/66ab9689c1addf4cdac8881ddf52eff2?time=90d&versions=3.8.0+%282811%29&types=error&sessionEventKey=a40a3bf0fb5a4c2997a158590a5c6625_2244628414204385256,66ab9689c1addf4cdac8881ddf52eff2,a40a3bf0fb5a4c2997a158590a5c6625_2244628414204385256,,a40a3bf0fb5a4c2997a158590a5c6625,,2244628414204385256,45c7a557-9f51-4017-96cb-72d0c611d021,,https://videoid-mobile.e-szigno.hu/identification/45c7a557-9f51-4017-96cb-72d0c611d021,3.8.0 (2811),iOS 26.5.0,26,iPhone 13 Pro,"Jul 24, 2026, 9:44:38 PM",handleFlow,0,FaceKom handleFlow,Logged in videoId,eSzigno.SelfServicePresenter.Status.finished,PROD Release,downloaded,,,,,,,,,,,,,,
https://console.firebase.google.com/project/webszigno-dev-1532086359290/crashlytics/app/ios:hu.microsec.eszigno.mobile/issues/66ab9689c1addf4cdac8881ddf52eff2?time=90d&versions=3.8.0+%282811%29&types=error&sessionEventKey=27d5e3adca1149a18dd4100275d494d0_2244548936415314294,66ab9689c1addf4cdac8881ddf52eff2,27d5e3adca1149a18dd4100275d494d0_2244548936415314294,,27d5e3adca1149a18dd4100275d494d0,,2244548936415314294,769bff41-a3ac-4c53-9c04-c1aa93caf2b0,,https://videoid-mobile.e-szigno.hu/identification/769bff41-a3ac-4c53-9c04-c1aa93caf2b0,3.8.0 (2811),iOS 26.5.2,26,iPhone 15,"Jul 24, 2026, 4:36:13 PM",handleFlow,0,FaceKom handleFlow,Logged out videoId,eSzigno.SelfServicePresenter.Status.finished,PROD Release,downloaded,,,,,,,,,,,,,,
https://console.firebase.google.com/project/webszigno-dev-1532086359290/crashlytics/app/ios:hu.microsec.eszigno.mobile/issues/66ab9689c1addf4cdac8881ddf52eff2?time=90d&versions=3.8.0+%282811%29&types=error&sessionEventKey=854232641cd04068a6fb3ac0c2b01145_2244536984666952823,66ab9689c1addf4cdac8881ddf52eff2,854232641cd04068a6fb3ac0c2b01145_2244536984666952823,,854232641cd04068a6fb3ac0c2b01145,,2244536984666952823,12a20b73-83d8-428a-9211-718d39247b0f,,https://videoid-mobile.e-szigno.hu/identification/12a20b73-83d8-428a-9211-718d39247b0f,3.8.0 (2811),iOS 26.5.2,26,iPhone 13,"Jul 24, 2026, 3:49:50 PM",handleFlow,0,FaceKom handleFlow,videoId,eSzigno.SelfServicePresenter.Status.finished,PROD Release,downloaded,,,,,,,,,,,,,,
https://console.firebase.google.com/project/webszigno-dev-1532086359290/crashlytics/app/ios:hu.microsec.eszigno.mobile/issues/66ab9689c1addf4cdac8881ddf52eff2?time=90d&versions=3.8.0+%282811%29&types=error&sessionEventKey=d3964ed0d2524daa807c14c46f013bfd_2244517046525819362,66ab9689c1addf4cdac8881ddf52eff2,d3964ed0d2524daa807c14c46f013bfd_2244517046525819362,,d3964ed0d2524daa807c14c46f013bfd,,2244517046525819362,f7556ac4-3f85-4068-a21a-93160cd6de24,-1784894900,https://videoid-mobile.e-szigno.hu/identification/f7556ac4-3f85-4068-a21a-93160cd6de24-1784894900,3.8.0 (2811),iOS 17.6.1,17,iPhone 13,"Jul 24, 2026, 2:32:28 PM",handleFlow,0,FaceKom handleFlow,videoId,eSzigno.SelfServicePresenter.Status.finished,PROD Release,downloaded,,,,,,,,,,,,,,
https://console.firebase.google.com/project/webszigno-dev-1532086359290/crashlytics/app/ios:hu.microsec.eszigno.mobile/issues/66ab9689c1addf4cdac8881ddf52eff2?time=90d&versions=3.8.0+%282811%29&types=error&sessionEventKey=ddfefb44aff241ecb6cc03c2f45fd902_2244498182920886728,66ab9689c1addf4cdac8881ddf52eff2,ddfefb44aff241ecb6cc03c2f45fd902_2244498182920886728,,ddfefb44aff241ecb6cc03c2f45fd902,,2244498182920886728,30efca41-a4c3-43cc-8c7a-4505e43213cc,-1784891341,https://videoid-mobile.e-szigno.hu/identification/30efca41-a4c3-43cc-8c7a-4505e43213cc-1784891341,3.8.0 (2811),iOS 26.5.2,26,iPhone 17 Pro,"Jul 24, 2026, 1:19:16 PM",handleFlow,0,FaceKom handleFlow,videoId,eSzigno.SelfServicePresenter.Status.finished,PROD Release,downloaded,,,,,,,,,,,,,,
https://console.firebase.google.com/project/webszigno-dev-1532086359290/crashlytics/app/ios:hu.microsec.eszigno.mobile/issues/66ab9689c1addf4cdac8881ddf52eff2?time=90d&versions=3.8.0+%282811%29&types=error&sessionEventKey=4e53e5dcd34d4de485202333136a1eba_2244483378851407287,66ab9689c1addf4cdac8881ddf52eff2,4e53e5dcd34d4de485202333136a1eba_2244483378851407287,,4e53e5dcd34d4de485202333136a1eba,,2244483378851407287,841fc15f-f702-4bd4-b513-9c2109d123a4,,https://videoid-mobile.e-szigno.hu/identification/841fc15f-f702-4bd4-b513-9c2109d123a4,3.8.0 (2811),iOS 26.5.2,26,iPhone 15 Pro Max,"Jul 24, 2026, 12:21:49 PM",handleFlow,0,FaceKom handleFlow,videoId,eSzigno.SelfServicePresenter.Status.finished,PROD Release,not_available,,,,,,,,,,,,,,
https://console.firebase.google.com/project/webszigno-dev-1532086359290/crashlytics/app/ios:hu.microsec.eszigno.mobile/issues/66ab9689c1addf4cdac8881ddf52eff2?time=90d&versions=3.8.0+%282811%29&types=error&sessionEventKey=7ec59ce708994de3a33e86a60a0d684f_2244473817534451257,66ab9689c1addf4cdac8881ddf52eff2,7ec59ce708994de3a33e86a60a0d684f_2244473817534451257,,7ec59ce708994de3a33e86a60a0d684f,,2244473817534451257,d143d293-4056-48cf-b43c-7fad1074f6d9,-1784879441,https://videoid-mobile.e-szigno.hu/identification/d143d293-4056-48cf-b43c-7fad1074f6d9-1784879441,3.8.0 (2811),iOS 26.5.2,26,iPhone 15 Plus,"Jul 24, 2026, 11:44:43 AM",handleFlow,0,FaceKom handleFlow,videoId,eSzigno.SelfServicePresenter.Status.finished,PROD Release,downloaded,,,,,,,,,,,,,,
https://console.firebase.google.com/project/webszigno-dev-1532086359290/crashlytics/app/ios:hu.microsec.eszigno.mobile/issues/66ab9689c1addf4cdac8881ddf52eff2?time=90d&versions=3.8.0+%282811%29&types=error&sessionEventKey=7978ccbb5c7a4b4cbe66db9f9f2f1cba_2244463356992791983,66ab9689c1addf4cdac8881ddf52eff2,7978ccbb5c7a4b4cbe66db9f9f2f1cba_2244463356992791983,,7978ccbb5c7a4b4cbe66db9f9f2f1cba,,2244463356992791983,cb95134f-e266-475d-b7ff-0453d3265569,,https://videoid-mobile.e-szigno.hu/identification/cb95134f-e266-475d-b7ff-0453d3265569,3.8.0 (2811),iOS 26.5.2,26,iPhone 17 Pro,"Jul 24, 2026, 11:04:08 AM",handleFlow,0,FaceKom handleFlow,videoId,eSzigno.SelfServicePresenter.Status.finished,PROD Release,downloaded,,,,,,,,,,,,,,
https://console.firebase.google.com/project/webszigno-dev-1532086359290/crashlytics/app/ios:hu.microsec.eszigno.mobile/issues/66ab9689c1addf4cdac8881ddf52eff2?time=90d&versions=3.8.0+%282811%29&types=error&sessionEventKey=6454e59c74944f84ad4b5ae348d2d8c9_2244453585463195085,66ab9689c1addf4cdac8881ddf52eff2,6454e59c74944f84ad4b5ae348d2d8c9_2244453585463195085,,6454e59c74944f84ad4b5ae348d2d8c9,,2244453585463195085,7c3cca24-387f-4d82-bfb8-0b371c9af54c,,https://videoid-mobile.e-szigno.hu/identification/7c3cca24-387f-4d82-bfb8-0b371c9af54c,3.8.0 (2811),iOS 26.5.0,26,iPhone 16 Pro,"Jul 24, 2026, 10:26:12 AM",handleFlow,0,FaceKom handleFlow,videoId,eSzigno.SelfServicePresenter.Status.finished,PROD Release,downloaded,,,,,,,,,,,,,,
https://console.firebase.google.com/project/webszigno-dev-1532086359290/crashlytics/app/ios:hu.microsec.eszigno.mobile/issues/66ab9689c1addf4cdac8881ddf52eff2?time=90d&versions=3.8.0+%282811%29&types=error&sessionEventKey=6454e59c74944f84ad4b5ae348d2d8c9_2244452477361632714,66ab9689c1addf4cdac8881ddf52eff2,6454e59c74944f84ad4b5ae348d2d8c9_2244452477361632714,,6454e59c74944f84ad4b5ae348d2d8c9,,2244452477361632714,7c3cca24-387f-4d82-bfb8-0b371c9af54c,,https://videoid-mobile.e-szigno.hu/identification/7c3cca24-387f-4d82-bfb8-0b371c9af54c,3.8.0 (2811),iOS 26.5.0,26,iPhone 16 Pro,"Jul 24, 2026, 10:21:54 AM",handleFlow,0,FaceKom handleFlow,videoId,eSzigno.SelfServicePresenter.Status.finished,PROD Release,downloaded,,,,,,,,,,,,,,
https://console.firebase.google.com/project/webszigno-dev-1532086359290/crashlytics/app/ios:hu.microsec.eszigno.mobile/issues/66ab9689c1addf4cdac8881ddf52eff2?time=90d&versions=3.8.0+%282811%29&types=error&sessionEventKey=6454e59c74944f84ad4b5ae348d2d8c9_2244451639843009992,66ab9689c1addf4cdac8881ddf52eff2,6454e59c74944f84ad4b5ae348d2d8c9_2244451639843009992,,6454e59c74944f84ad4b5ae348d2d8c9,,2244451639843009992,7c3cca24-387f-4d82-bfb8-0b371c9af54c,,https://videoid-mobile.e-szigno.hu/identification/7c3cca24-387f-4d82-bfb8-0b371c9af54c,3.8.0 (2811),iOS 26.5.0,26,iPhone 16 Pro,"Jul 24, 2026, 10:18:39 AM",handleFlow,0,FaceKom handleFlow,videoId,eSzigno.SelfServicePresenter.Status.finished,PROD Release,downloaded,,,,,,,,,,,,,,
https://console.firebase.google.com/project/webszigno-dev-1532086359290/crashlytics/app/ios:hu.microsec.eszigno.mobile/issues/66ab9689c1addf4cdac8881ddf52eff2?time=90d&versions=3.8.0+%282811%29&types=error&sessionEventKey=2581e716f3b0453fb57e8f28bb832bf9_2244444094360684762,66ab9689c1addf4cdac8881ddf52eff2,2581e716f3b0453fb57e8f28bb832bf9_2244444094360684762,,2581e716f3b0453fb57e8f28bb832bf9,,2244444094360684762,a2753cd1-927e-4bb9-aa94-83d078af09cc,-1784878886,https://videoid-mobile.e-szigno.hu/identification/a2753cd1-927e-4bb9-aa94-83d078af09cc-1784878886,3.8.0 (2811),iOS 26.4.2,26,iPhone 17 Pro,"Jul 24, 2026, 9:49:23 AM",handleFlow,0,FaceKom handleFlow,Logged in videoId,eSzigno.SelfServicePresenter.Status.finished,PROD Release,downloaded,,,,,,,,,,,,,,
https://console.firebase.google.com/project/webszigno-dev-1532086359290/crashlytics/app/ios:hu.microsec.eszigno.mobile/issues/66ab9689c1addf4cdac8881ddf52eff2?time=90d&versions=3.8.0+%282811%29&types=error&sessionEventKey=6b46800b614b4b94a2769c32824c2b0b_2244424560974565297,66ab9689c1addf4cdac8881ddf52eff2,6b46800b614b4b94a2769c32824c2b0b_2244424560974565297,,6b46800b614b4b94a2769c32824c2b0b,,2244424560974565297,,,not available,3.8.0 (2811),iOS 26.4.2,26,iPhone 17 Pro,"Jul 24, 2026, 8:33:35 AM",handleFlow,0,FaceKom handleFlow,Logged in videoId,eSzigno.SelfServicePresenter.Status.finished,PROD Release,downloaded,,,,,,,,,,,,,,
https://console.firebase.google.com/project/webszigno-dev-1532086359290/crashlytics/app/ios:hu.microsec.eszigno.mobile/issues/66ab9689c1addf4cdac8881ddf52eff2?time=90d&versions=3.8.0+%282811%29&types=error&sessionEventKey=ad1f08e7bb26498c8189c3966de1b7c3_2244277741084509134,66ab9689c1addf4cdac8881ddf52eff2,ad1f08e7bb26498c8189c3966de1b7c3_2244277741084509134,,ad1f08e7bb26498c8189c3966de1b7c3,,2244277741084509134,,,not available,3.8.0 (2811),iOS 18.6.2,18,iPhone 12,"Jul 23, 2026, 11:03:50 PM",handleFlow,0,FaceKom handleFlow,videoId,eSzigno.SelfServicePresenter.Status.finished,PROD Release,not_available,,,,,,,,,,,,,,
https://console.firebase.google.com/project/webszigno-dev-1532086359290/crashlytics/app/ios:hu.microsec.eszigno.mobile/issues/66ab9689c1addf4cdac8881ddf52eff2?time=90d&versions=3.8.0+%282811%29&types=error&sessionEventKey=eb94eae131124c5c962feb4b188938d8_2244243954022365879,66ab9689c1addf4cdac8881ddf52eff2,eb94eae131124c5c962feb4b188938d8_2244243954022365879,,eb94eae131124c5c962feb4b188938d8,,2244243954022365879,318566c0-f20e-484d-88b3-cc7f14d63d65,,https://videoid-mobile.e-szigno.hu/identification/318566c0-f20e-484d-88b3-cc7f14d63d65,3.8.0 (2811),iOS 26.5.2,26,iPhone 13,"Jul 23, 2026, 8:52:44 PM",handleFlow,0,FaceKom handleFlow,videoId,eSzigno.SelfServicePresenter.Status.finished,PROD Release,downloaded,,,,,,,,,,,,,,
https://console.firebase.google.com/project/webszigno-dev-1532086359290/crashlytics/app/ios:hu.microsec.eszigno.mobile/issues/66ab9689c1addf4cdac8881ddf52eff2?time=90d&versions=3.8.0+%282811%29&types=error&sessionEventKey=365307a00c524a42a27a590637a05cfa_2244193729332215574,66ab9689c1addf4cdac8881ddf52eff2,365307a00c524a42a27a590637a05cfa_2244193729332215574,,365307a00c524a42a27a590637a05cfa,,2244193729332215574,1308fc2c-3735-439a-b648-b8fc46be5f24,,https://videoid-mobile.e-szigno.hu/identification/1308fc2c-3735-439a-b648-b8fc46be5f24,3.8.0 (2811),iOS 26.5.2,26,iPhone 13,"Jul 23, 2026, 5:37:50 PM",handleFlow,0,FaceKom handleFlow,Logged out videoId,eSzigno.SelfServicePresenter.Status.finished,PROD Release,downloaded,,,,,,,,,,,,,,
https://console.firebase.google.com/project/webszigno-dev-1532086359290/crashlytics/app/ios:hu.microsec.eszigno.mobile/issues/66ab9689c1addf4cdac8881ddf52eff2?time=90d&versions=3.8.0+%282811%29&types=error&sessionEventKey=973a613a17b9431985f76a9da234bc4e_2244164431594600158,66ab9689c1addf4cdac8881ddf52eff2,973a613a17b9431985f76a9da234bc4e_2244164431594600158,,973a613a17b9431985f76a9da234bc4e,,2244164431594600158,,,not available,3.8.0 (2811),iOS 26.5.2,26,iPhone 15 Pro,"Jul 23, 2026, 3:44:09 PM",handleFlow,0,FaceKom handleFlow,videoId,eSzigno.SelfServicePresenter.Status.finished,PROD Release,downloaded,,,,,,,,,,,,,,
https://console.firebase.google.com/project/webszigno-dev-1532086359290/crashlytics/app/ios:hu.microsec.eszigno.mobile/issues/66ab9689c1addf4cdac8881ddf52eff2?time=90d&versions=3.8.0+%282811%29&types=error&sessionEventKey=cd5e6f66ba594c8db9d11f612b6a19ba_2244156719335074045,66ab9689c1addf4cdac8881ddf52eff2,cd5e6f66ba594c8db9d11f612b6a19ba_2244156719335074045,,cd5e6f66ba594c8db9d11f612b6a19ba,,2244156719335074045,,,not available,3.8.0 (2811),iOS 26.5.2,26,iPhone 17,"Jul 23, 2026, 3:14:13 PM",handleFlow,0,FaceKom handleFlow,videoId,eSzigno.SelfServicePresenter.Status.finished,PROD Release,downloaded,,,,,,,,,,,,,,
https://console.firebase.google.com/project/webszigno-dev-1532086359290/crashlytics/app/ios:hu.microsec.eszigno.mobile/issues/66ab9689c1addf4cdac8881ddf52eff2?time=90d&versions=3.8.0+%282811%29&types=error&sessionEventKey=2178407e5854489091ef1e2389485c4c_2244146254555770935,66ab9689c1addf4cdac8881ddf52eff2,2178407e5854489091ef1e2389485c4c_2244146254555770935,,2178407e5854489091ef1e2389485c4c,,2244146254555770935,,,not available,3.8.0 (2811),iOS 26.5.2,26,iPhone 17,"Jul 23, 2026, 2:33:36 PM",handleFlow,0,FaceKom handleFlow,videoId,eSzigno.SelfServicePresenter.Status.finished,PROD Release,not_available,,,,,,,,,,,,,,
https://console.firebase.google.com/project/webszigno-dev-1532086359290/crashlytics/app/ios:hu.microsec.eszigno.mobile/issues/66ab9689c1addf4cdac8881ddf52eff2?time=90d&versions=3.8.0+%282811%29&types=error&sessionEventKey=141e0315da654c4d85c75d715a38860a_2244135031836003200,66ab9689c1addf4cdac8881ddf52eff2,141e0315da654c4d85c75d715a38860a_2244135031836003200,,141e0315da654c4d85c75d715a38860a,,2244135031836003200,7dd41c9d-c3b3-4847-8b66-fe4167ba15a6,-1784801945,https://videoid-mobile.e-szigno.hu/identification/7dd41c9d-c3b3-4847-8b66-fe4167ba15a6-1784801945,3.8.0 (2811),iOS 26.5.2,26,iPhone 16 Pro,"Jul 23, 2026, 1:50:03 PM",handleFlow,0,FaceKom handleFlow,videoId,eSzigno.SelfServicePresenter.Status.finished,PROD Release,downloaded,,,,,,,,,,,,,,
https://console.firebase.google.com/project/webszigno-dev-1532086359290/crashlytics/app/ios:hu.microsec.eszigno.mobile/issues/66ab9689c1addf4cdac8881ddf52eff2?time=90d&versions=3.8.0+%282811%29&types=error&sessionEventKey=03f5f2ff0a414451baad4ecb551bcb97_2244127439584327670,66ab9689c1addf4cdac8881ddf52eff2,03f5f2ff0a414451baad4ecb551bcb97_2244127439584327670,,03f5f2ff0a414451baad4ecb551bcb97,,2244127439584327670,,,not available,3.8.0 (2811),iOS 26.5.0,26,iPhone 12 Mini,"Jul 23, 2026, 1:20:36 PM",handleFlow,0,FaceKom handleFlow,videoId,eSzigno.SelfServicePresenter.Status.finished,PROD Release,downloaded,,,,,,,,,,,,,,
https://console.firebase.google.com/project/webszigno-dev-1532086359290/crashlytics/app/ios:hu.microsec.eszigno.mobile/issues/66ab9689c1addf4cdac8881ddf52eff2?time=90d&versions=3.8.0+%282811%29&types=error&sessionEventKey=3862a3eb9db844beb9668dc4aae94780_2244126882616406988,66ab9689c1addf4cdac8881ddf52eff2,3862a3eb9db844beb9668dc4aae94780_2244126882616406988,,3862a3eb9db844beb9668dc4aae94780,,2244126882616406988,,,not available,3.8.0 (2811),iOS 26.5.2,26,iPhone 13 Pro,"Jul 23, 2026, 1:18:26 PM",handleFlow,0,FaceKom handleFlow,videoId,eSzigno.SelfServicePresenter.Status.finished,PROD Release,downloaded,,,,,,,,,,,,,,
https://console.firebase.google.com/project/webszigno-dev-1532086359290/crashlytics/app/ios:hu.microsec.eszigno.mobile/issues/66ab9689c1addf4cdac8881ddf52eff2?time=90d&versions=3.8.0+%282811%29&types=error&sessionEventKey=f43dd20b49cf41feabb2799ad82755d0_2244125989427900277,66ab9689c1addf4cdac8881ddf52eff2,f43dd20b49cf41feabb2799ad82755d0_2244125989427900277,,f43dd20b49cf41feabb2799ad82755d0,,2244125989427900277,,,not available,3.8.0 (2811),iOS 26.5.0,26,iPhone 17 Pro,"Jul 23, 2026, 1:14:58 PM",handleFlow,0,FaceKom handleFlow,videoId,eSzigno.SelfServicePresenter.Status.finished,PROD Release,downloaded,,,,,,,,,,,,,,
https://console.firebase.google.com/project/webszigno-dev-1532086359290/crashlytics/app/ios:hu.microsec.eszigno.mobile/issues/66ab9689c1addf4cdac8881ddf52eff2?time=90d&versions=3.8.0+%282811%29&types=error&sessionEventKey=fdbec19706ed4a2abf39c9f9d207403a_2244123429751590598,66ab9689c1addf4cdac8881ddf52eff2,fdbec19706ed4a2abf39c9f9d207403a_2244123429751590598,,fdbec19706ed4a2abf39c9f9d207403a,,2244123429751590598,,,not available,3.8.0 (2811),iOS 26.5.1,26,iPhone 17 Pro Max,"Jul 23, 2026, 1:05:02 PM",handleFlow,0,FaceKom handleFlow,videoId,eSzigno.SelfServicePresenter.Status.finished,PROD Release,downloaded,,,,,,,,,,,,,,
https://console.firebase.google.com/project/webszigno-dev-1532086359290/crashlytics/app/ios:hu.microsec.eszigno.mobile/issues/66ab9689c1addf4cdac8881ddf52eff2?time=90d&versions=3.8.0+%282811%29&types=error&sessionEventKey=f945f94b165d4636ad2813c5247ef788_2244113420620174562,66ab9689c1addf4cdac8881ddf52eff2,f945f94b165d4636ad2813c5247ef788_2244113420620174562,,f945f94b165d4636ad2813c5247ef788,,2244113420620174562,,,not available,3.8.0 (2811),iOS 26.5.2,26,iPhone 15 Pro,"Jul 23, 2026, 12:26:12 PM",handleFlow,0,FaceKom handleFlow,Logged out videoId,eSzigno.SelfServicePresenter.Status.finished,PROD Release,downloaded,,,,,,,,,,,,,,
https://console.firebase.google.com/project/webszigno-dev-1532086359290/crashlytics/app/ios:hu.microsec.eszigno.mobile/issues/66ab9689c1addf4cdac8881ddf52eff2?time=90d&versions=3.8.0+%282811%29&types=error&sessionEventKey=ce317444c48a4b98b14673d861aaa391_2244107610044571000,66ab9689c1addf4cdac8881ddf52eff2,ce317444c48a4b98b14673d861aaa391_2244107610044571000,,ce317444c48a4b98b14673d861aaa391,,2244107610044571000,,,not available,3.8.0 (2811),iOS 26.5.2,26,iPhone 16 Pro,"Jul 23, 2026, 12:03:39 PM",handleFlow,0,FaceKom handleFlow,videoId,eSzigno.SelfServicePresenter.Status.finished,PROD Release,downloaded,,,,,,,,,,,,,,
https://console.firebase.google.com/project/webszigno-dev-1532086359290/crashlytics/app/ios:hu.microsec.eszigno.mobile/issues/1782c2128a0148281dace39bf8664159?time=90d&versions=3.8.0+%282811%29&types=error&sessionEventKey=f937f37b79d04ed4a66dfa170214414d_2245587507513256413,1782c2128a0148281dace39bf8664159,f937f37b79d04ed4a66dfa170214414d_2245587507513256413,,f937f37b79d04ed4a66dfa170214414d,,2245587507513256413,c28d866c-8a3e-4108-83d8-09cd2944e91b,,https://videoid-mobile.e-szigno.hu/identification/c28d866c-8a3e-4108-83d8-09cd2944e91b,3.8.0 (2811),iOS 26.5.2,26,iPhone 17 Pro Max,"Jul 27, 2026, 11:46:24 AM",SelfServiceRuntimeError,30803,hu.microsec.eszigno.mobile.SelfServiceRuntimeError,Logged out videoId,eSzigno.SelfServicePresenter.Status.finished,PROD Release,downloaded,Facekom finished with state: finished,,,,,,,,,,,,,
https://console.firebase.google.com/project/webszigno-dev-1532086359290/crashlytics/app/ios:hu.microsec.eszigno.mobile/issues/1782c2128a0148281dace39bf8664159?time=90d&versions=3.8.0+%282811%29&types=error&sessionEventKey=f937f37b79d04ed4a66dfa170214414d_2245587481743452636,1782c2128a0148281dace39bf8664159,f937f37b79d04ed4a66dfa170214414d_2245587481743452636,,f937f37b79d04ed4a66dfa170214414d,,2245587481743452636,c28d866c-8a3e-4108-83d8-09cd2944e91b,,https://videoid-mobile.e-szigno.hu/identification/c28d866c-8a3e-4108-83d8-09cd2944e91b,3.8.0 (2811),iOS 26.5.2,26,iPhone 17 Pro Max,"Jul 27, 2026, 11:46:18 AM",SelfServiceRuntimeError,30802,hu.microsec.eszigno.mobile.SelfServiceRuntimeError,Logged out videoId,eSzigno.SelfServicePresenter.Status.finished,PROD Release,downloaded,"FaceKom session did enter background at step: 2-factor, isVideoStep: false.",,,,,,,,,,,,,
https://console.firebase.google.com/project/webszigno-dev-1532086359290/crashlytics/app/ios:hu.microsec.eszigno.mobile/issues/1782c2128a0148281dace39bf8664159?time=90d&versions=3.8.0+%282811%29&types=error&sessionEventKey=c2d973ce34664bd196556006027c5205_2245581804059399824,1782c2128a0148281dace39bf8664159,c2d973ce34664bd196556006027c5205_2245581804059399824,,c2d973ce34664bd196556006027c5205,,2245581804059399824,3b30c529-8606-45c3-a666-f49930be3a59,-1783318795,https://videoid-mobile.e-szigno.hu/identification/3b30c529-8606-45c3-a666-f49930be3a59-1783318795,3.8.0 (2811),iOS 26.5.2,26,iPhone SE (2nd generation),"Jul 27, 2026, 11:24:16 AM",SelfServiceRuntimeError,30803,hu.microsec.eszigno.mobile.SelfServiceRuntimeError,videoId,eSzigno.SelfServicePresenter.Status.finished,PROD Release,downloaded,Facekom finished with state: finished,,,,,,,,,,,,,
https://console.firebase.google.com/project/webszigno-dev-1532086359290/crashlytics/app/ios:hu.microsec.eszigno.mobile/issues/1782c2128a0148281dace39bf8664159?time=90d&versions=3.8.0+%282811%29&types=error&sessionEventKey=681611d08f314ff8a508d51edfc8e8fe_2245545636484754240,1782c2128a0148281dace39bf8664159,681611d08f314ff8a508d51edfc8e8fe_2245545636484754240,,681611d08f314ff8a508d51edfc8e8fe,,2245545636484754240,f5ed86b9-452b-460f-9a62-bf9693998b20,,https://videoid-mobile.e-szigno.hu/identification/f5ed86b9-452b-460f-9a62-bf9693998b20,3.8.0 (2811),iOS 26.5.2,26,iPhone 14,"Jul 27, 2026, 9:03:55 AM",SelfServiceRuntimeError,30803,hu.microsec.eszigno.mobile.SelfServiceRuntimeError,Logged out videoId,eSzigno.SelfServicePresenter.Status.finished,PROD Release,downloaded,Facekom finished with state: finished,,,,,,,,,,,,,
https://console.firebase.google.com/project/webszigno-dev-1532086359290/crashlytics/app/ios:hu.microsec.eszigno.mobile/issues/1782c2128a0148281dace39bf8664159?time=90d&versions=3.8.0+%282811%29&types=error&sessionEventKey=681611d08f314ff8a508d51edfc8e8fe_2245545584945146687,1782c2128a0148281dace39bf8664159,681611d08f314ff8a508d51edfc8e8fe_2245545584945146687,,681611d08f314ff8a508d51edfc8e8fe,,2245545584945146687,f5ed86b9-452b-460f-9a62-bf9693998b20,,https://videoid-mobile.e-szigno.hu/identification/f5ed86b9-452b-460f-9a62-bf9693998b20,3.8.0 (2811),iOS 26.5.2,26,iPhone 14,"Jul 27, 2026, 9:03:43 AM",SelfServiceRuntimeError,30802,hu.microsec.eszigno.mobile.SelfServiceRuntimeError,Logged out videoId,eSzigno.SelfServicePresenter.Status.finished,PROD Release,downloaded,"FaceKom session did enter background at step: 2-factor, isVideoStep: false.",,,,,,,,,,,,,
https://console.firebase.google.com/project/webszigno-dev-1532086359290/crashlytics/app/ios:hu.microsec.eszigno.mobile/issues/1782c2128a0148281dace39bf8664159?time=90d&versions=3.8.0+%282811%29&types=error&sessionEventKey=361b68cc7b8146e593eb1b0ea2d67950_2245215110525031524,1782c2128a0148281dace39bf8664159,361b68cc7b8146e593eb1b0ea2d67950_2245215110525031524,,361b68cc7b8146e593eb1b0ea2d67950,,2245215110525031524,726f13dc-acd0-46a4-ac7a-4eeea0e5729e,,https://videoid-mobile.e-szigno.hu/identification/726f13dc-acd0-46a4-ac7a-4eeea0e5729e,3.8.0 (2811),iOS 26.5.1,26,iPhone 17 Pro,"Jul 26, 2026, 11:41:19 AM",SelfServiceRuntimeError,30802,hu.microsec.eszigno.mobile.SelfServiceRuntimeError,videoId,,PROD Release,downloaded,"FaceKom session did enter background at step: 2-factor, isVideoStep: false.",,,,,,,,,,,,,
https://console.firebase.google.com/project/webszigno-dev-1532086359290/crashlytics/app/ios:hu.microsec.eszigno.mobile/issues/1782c2128a0148281dace39bf8664159?time=90d&versions=3.8.0+%282811%29&types=error&sessionEventKey=361b68cc7b8146e593eb1b0ea2d67950_2245214938726339683,1782c2128a0148281dace39bf8664159,361b68cc7b8146e593eb1b0ea2d67950_2245214938726339683,,361b68cc7b8146e593eb1b0ea2d67950,,2245214938726339683,726f13dc-acd0-46a4-ac7a-4eeea0e5729e,,https://videoid-mobile.e-szigno.hu/identification/726f13dc-acd0-46a4-ac7a-4eeea0e5729e,3.8.0 (2811),iOS 26.5.1,26,iPhone 17 Pro,"Jul 26, 2026, 11:40:39 AM",SelfServiceRuntimeError,30802,hu.microsec.eszigno.mobile.SelfServiceRuntimeError,videoId,,PROD Release,downloaded,"FaceKom session did enter background at step: 2-factor, isVideoStep: false.",,,,,,,,,,,,,
https://console.firebase.google.com/project/webszigno-dev-1532086359290/crashlytics/app/ios:hu.microsec.eszigno.mobile/issues/1782c2128a0148281dace39bf8664159?time=90d&versions=3.8.0+%282811%29&types=error&sessionEventKey=361b68cc7b8146e593eb1b0ea2d67950_2245214865711895650,1782c2128a0148281dace39bf8664159,361b68cc7b8146e593eb1b0ea2d67950_2245214865711895650,,361b68cc7b8146e593eb1b0ea2d67950,,2245214865711895650,726f13dc-acd0-46a4-ac7a-4eeea0e5729e,,https://videoid-mobile.e-szigno.hu/identification/726f13dc-acd0-46a4-ac7a-4eeea0e5729e,3.8.0 (2811),iOS 26.5.1,26,iPhone 17 Pro,"Jul 26, 2026, 11:40:22 AM",SelfServiceRuntimeError,30802,hu.microsec.eszigno.mobile.SelfServiceRuntimeError,videoId,,PROD Release,downloaded,"FaceKom session did enter background at step: 2-factor, isVideoStep: false.",,,,,,,,,,,,,
https://console.firebase.google.com/project/webszigno-dev-1532086359290/crashlytics/app/ios:hu.microsec.eszigno.mobile/issues/1782c2128a0148281dace39bf8664159?time=90d&versions=3.8.0+%282811%29&types=error&sessionEventKey=361b68cc7b8146e593eb1b0ea2d67950_2245214805582353505,1782c2128a0148281dace39bf8664159,361b68cc7b8146e593eb1b0ea2d67950_2245214805582353505,,361b68cc7b8146e593eb1b0ea2d67950,,2245214805582353505,726f13dc-acd0-46a4-ac7a-4eeea0e5729e,,https://videoid-mobile.e-szigno.hu/identification/726f13dc-acd0-46a4-ac7a-4eeea0e5729e,3.8.0 (2811),iOS 26.5.1,26,iPhone 17 Pro,"Jul 26, 2026, 11:40:08 AM",SelfServiceRuntimeError,30802,hu.microsec.eszigno.mobile.SelfServiceRuntimeError,videoId,,PROD Release,downloaded,"FaceKom session did enter background at step: 2-factor, isVideoStep: false.",,,,,,,,,,,,,
https://console.firebase.google.com/project/webszigno-dev-1532086359290/crashlytics/app/ios:hu.microsec.eszigno.mobile/issues/1782c2128a0148281dace39bf8664159?time=90d&versions=3.8.0+%282811%29&types=error&sessionEventKey=03339ad76c7343eaa54b26a134607a60_2244781268277004081,1782c2128a0148281dace39bf8664159,03339ad76c7343eaa54b26a134607a60_2244781268277004081,,03339ad76c7343eaa54b26a134607a60,,2244781268277004081,769bff41-a3ac-4c53-9c04-c1aa93caf2b0,-1784904808,https://videoid-mobile.e-szigno.hu/identification/769bff41-a3ac-4c53-9c04-c1aa93caf2b0-1784904808,3.8.0 (2811),iOS 26.5.2,26,iPhone 15,"Jul 25, 2026, 7:37:47 AM",SelfServiceRuntimeError,30803,hu.microsec.eszigno.mobile.SelfServiceRuntimeError,Logged out videoId,eSzigno.SelfServicePresenter.Status.finished,PROD Release,downloaded,Facekom finished with state: finished,,,,,,,,,,,,,
https://console.firebase.google.com/project/webszigno-dev-1532086359290/crashlytics/app/ios:hu.microsec.eszigno.mobile/issues/1782c2128a0148281dace39bf8664159?time=90d&versions=3.8.0+%282811%29&types=error&sessionEventKey=03339ad76c7343eaa54b26a134607a60_2244781225327331120,1782c2128a0148281dace39bf8664159,03339ad76c7343eaa54b26a134607a60_2244781225327331120,,03339ad76c7343eaa54b26a134607a60,,2244781225327331120,769bff41-a3ac-4c53-9c04-c1aa93caf2b0,-1784904808,https://videoid-mobile.e-szigno.hu/identification/769bff41-a3ac-4c53-9c04-c1aa93caf2b0-1784904808,3.8.0 (2811),iOS 26.5.2,26,iPhone 15,"Jul 25, 2026, 7:37:37 AM",SelfServiceRuntimeError,30802,hu.microsec.eszigno.mobile.SelfServiceRuntimeError,Logged out videoId,eSzigno.SelfServicePresenter.Status.finished,PROD Release,downloaded,"FaceKom session did enter background at step: 2-factor, isVideoStep: false.",,,,,,,,,,,,,
https://console.firebase.google.com/project/webszigno-dev-1532086359290/crashlytics/app/ios:hu.microsec.eszigno.mobile/issues/1782c2128a0148281dace39bf8664159?time=90d&versions=3.8.0+%282811%29&types=error&sessionEventKey=a40a3bf0fb5a4c2997a158590a5c6625_2244628405614450663,1782c2128a0148281dace39bf8664159,a40a3bf0fb5a4c2997a158590a5c6625_2244628405614450663,,a40a3bf0fb5a4c2997a158590a5c6625,,2244628405614450663,45c7a557-9f51-4017-96cb-72d0c611d021,,https://videoid-mobile.e-szigno.hu/identification/45c7a557-9f51-4017-96cb-72d0c611d021,3.8.0 (2811),iOS 26.5.0,26,iPhone 13 Pro,"Jul 24, 2026, 9:44:36 PM",SelfServiceRuntimeError,30803,hu.microsec.eszigno.mobile.SelfServiceRuntimeError,Logged in videoId,eSzigno.SelfServicePresenter.Status.finished,PROD Release,downloaded,Facekom finished with state: finished,,,,,,,,,,,,,
https://console.firebase.google.com/project/webszigno-dev-1532086359290/crashlytics/app/ios:hu.microsec.eszigno.mobile/issues/1782c2128a0148281dace39bf8664159?time=90d&versions=3.8.0+%282811%29&types=error&sessionEventKey=a40a3bf0fb5a4c2997a158590a5c6625_2244628238110726118,1782c2128a0148281dace39bf8664159,a40a3bf0fb5a4c2997a158590a5c6625_2244628238110726118,,a40a3bf0fb5a4c2997a158590a5c6625,,2244628238110726118,45c7a557-9f51-4017-96cb-72d0c611d021,,https://videoid-mobile.e-szigno.hu/identification/45c7a557-9f51-4017-96cb-72d0c611d021,3.8.0 (2811),iOS 26.5.0,26,iPhone 13 Pro,"Jul 24, 2026, 9:43:57 PM",SelfServiceRuntimeError,30804,hu.microsec.eszigno.mobile.SelfServiceRuntimeError,Logged in videoId,eSzigno.SelfServicePresenter.Status.finished,PROD Release,downloaded,FaceKom session disconnected: close while not in video step,,,,,,,,,,,,,
https://console.firebase.google.com/project/webszigno-dev-1532086359290/crashlytics/app/ios:hu.microsec.eszigno.mobile/issues/1782c2128a0148281dace39bf8664159?time=90d&versions=3.8.0+%282811%29&types=error&sessionEventKey=a40a3bf0fb5a4c2997a158590a5c6625_2244628182276151269,1782c2128a0148281dace39bf8664159,a40a3bf0fb5a4c2997a158590a5c6625_2244628182276151269,,a40a3bf0fb5a4c2997a158590a5c6625,,2244628182276151269,45c7a557-9f51-4017-96cb-72d0c611d021,,https://videoid-mobile.e-szigno.hu/identification/45c7a557-9f51-4017-96cb-72d0c611d021,3.8.0 (2811),iOS 26.5.0,26,iPhone 13 Pro,"Jul 24, 2026, 9:43:44 PM",SelfServiceRuntimeError,30802,hu.microsec.eszigno.mobile.SelfServiceRuntimeError,Logged in videoId,eSzigno.SelfServicePresenter.Status.finished,PROD Release,downloaded,"FaceKom session did enter background at step: 2-factor, isVideoStep: false.",,,,,,,,,,,,,
https://console.firebase.google.com/project/webszigno-dev-1532086359290/crashlytics/app/ios:hu.microsec.eszigno.mobile/issues/1782c2128a0148281dace39bf8664159?time=90d&versions=3.8.0+%282811%29&types=error&sessionEventKey=a40a3bf0fb5a4c2997a158590a5c6625_2244628053427132388,1782c2128a0148281dace39bf8664159,a40a3bf0fb5a4c2997a158590a5c6625_2244628053427132388,,a40a3bf0fb5a4c2997a158590a5c6625,,2244628053427132388,45c7a557-9f51-4017-96cb-72d0c611d021,,https://videoid-mobile.e-szigno.hu/identification/45c7a557-9f51-4017-96cb-72d0c611d021,3.8.0 (2811),iOS 26.5.0,26,iPhone 13 Pro,"Jul 24, 2026, 9:43:14 PM",SelfServiceRuntimeError,30804,hu.microsec.eszigno.mobile.SelfServiceRuntimeError,Logged in videoId,eSzigno.SelfServicePresenter.Status.finished,PROD Release,downloaded,FaceKom session disconnected: close while not in video step,,,,,,,,,,,,,
https://console.firebase.google.com/project/webszigno-dev-1532086359290/crashlytics/app/ios:hu.microsec.eszigno.mobile/issues/1782c2128a0148281dace39bf8664159?time=90d&versions=3.8.0+%282811%29&types=error&sessionEventKey=a40a3bf0fb5a4c2997a158590a5c6625_2244627980412688355,1782c2128a0148281dace39bf8664159,a40a3bf0fb5a4c2997a158590a5c6625_2244627980412688355,,a40a3bf0fb5a4c2997a158590a5c6625,,2244627980412688355,45c7a557-9f51-4017-96cb-72d0c611d021,,https://videoid-mobile.e-szigno.hu/identification/45c7a557-9f51-4017-96cb-72d0c611d021,3.8.0 (2811),iOS 26.5.0,26,iPhone 13 Pro,"Jul 24, 2026, 9:42:57 PM",SelfServiceRuntimeError,30802,hu.microsec.eszigno.mobile.SelfServiceRuntimeError,Logged in videoId,eSzigno.SelfServicePresenter.Status.finished,PROD Release,downloaded,"FaceKom session did enter background at step: 2-factor, isVideoStep: false.",,,,,,,,,,,,,
https://console.firebase.google.com/project/webszigno-dev-1532086359290/crashlytics/app/ios:hu.microsec.eszigno.mobile/issues/1782c2128a0148281dace39bf8664159?time=90d&versions=3.8.0+%282811%29&types=error&sessionEventKey=a40a3bf0fb5a4c2997a158590a5c6625_2244627795729094626,1782c2128a0148281dace39bf8664159,a40a3bf0fb5a4c2997a158590a5c6625_2244627795729094626,,a40a3bf0fb5a4c2997a158590a5c6625,,2244627795729094626,45c7a557-9f51-4017-96cb-72d0c611d021,,https://videoid-mobile.e-szigno.hu/identification/45c7a557-9f51-4017-96cb-72d0c611d021,3.8.0 (2811),iOS 26.5.0,26,iPhone 13 Pro,"Jul 24, 2026, 9:42:14 PM",SelfServiceRuntimeError,30804,hu.microsec.eszigno.mobile.SelfServiceRuntimeError,Logged in videoId,eSzigno.SelfServicePresenter.Status.finished,PROD Release,downloaded,FaceKom session disconnected: close while not in video step,,,,,,,,,,,,,
https://console.firebase.google.com/project/webszigno-dev-1532086359290/crashlytics/app/ios:hu.microsec.eszigno.mobile/issues/1782c2128a0148281dace39bf8664159?time=90d&versions=3.8.0+%282811%29&types=error&sessionEventKey=a40a3bf0fb5a4c2997a158590a5c6625_2244627739894519777,1782c2128a0148281dace39bf8664159,a40a3bf0fb5a4c2997a158590a5c6625_2244627739894519777,,a40a3bf0fb5a4c2997a158590a5c6625,,2244627739894519777,45c7a557-9f51-4017-96cb-72d0c611d021,,https://videoid-mobile.e-szigno.hu/identification/45c7a557-9f51-4017-96cb-72d0c611d021,3.8.0 (2811),iOS 26.5.0,26,iPhone 13 Pro,"Jul 24, 2026, 9:42:01 PM",SelfServiceRuntimeError,30802,hu.microsec.eszigno.mobile.SelfServiceRuntimeError,Logged in videoId,eSzigno.SelfServicePresenter.Status.finished,PROD Release,downloaded,"FaceKom session did enter background at step: 2-factor, isVideoStep: false.",,,,,,,,,,,,,
https://console.firebase.google.com/project/webszigno-dev-1532086359290/crashlytics/app/ios:hu.microsec.eszigno.mobile/issues/1782c2128a0148281dace39bf8664159?time=90d&versions=3.8.0+%282811%29&types=error&sessionEventKey=d23dd579e5ca4ee1bfb912bd5b428ab5_2244564923823023105,1782c2128a0148281dace39bf8664159,d23dd579e5ca4ee1bfb912bd5b428ab5_2244564923823023105,,d23dd579e5ca4ee1bfb912bd5b428ab5,,2244564923823023105,3201e0b1-ecae-43ee-b3e3-16ea23dedd5a,,https://videoid-mobile.e-szigno.hu/identification/3201e0b1-ecae-43ee-b3e3-16ea23dedd5a,3.8.0 (2811),iOS 26.5.0,26,iPhone 16 Pro,"Jul 24, 2026, 5:38:15 PM",SelfServiceRuntimeError,30802,hu.microsec.eszigno.mobile.SelfServiceRuntimeError,videoId,,PROD Release,downloaded,"FaceKom session did enter background at step: voice-liveness-check, isVideoStep: true.",,,,,,,,,,,,,
https://console.firebase.google.com/project/webszigno-dev-1532086359290/crashlytics/app/ios:hu.microsec.eszigno.mobile/issues/1782c2128a0148281dace39bf8664159?time=90d&versions=3.8.0+%282811%29&types=error&sessionEventKey=916067c3bec440c8b3a703d278601429_2244563937570519308,1782c2128a0148281dace39bf8664159,916067c3bec440c8b3a703d278601429_2244563937570519308,,916067c3bec440c8b3a703d278601429,,2244563937570519308,3201e0b1-ecae-43ee-b3e3-16ea23dedd5a,,https://videoid-mobile.e-szigno.hu/identification/3201e0b1-ecae-43ee-b3e3-16ea23dedd5a,3.8.0 (2811),iOS 26.5.0,26,iPhone 16 Pro,"Jul 24, 2026, 5:34:26 PM",SelfServiceRuntimeError,30802,hu.microsec.eszigno.mobile.SelfServiceRuntimeError,videoId,,PROD Release,downloaded,"FaceKom session did enter background at step: voice-liveness-check, isVideoStep: true.",,,,,,,,,,,,,
https://console.firebase.google.com/project/webszigno-dev-1532086359290/crashlytics/app/ios:hu.microsec.eszigno.mobile/issues/1782c2128a0148281dace39bf8664159?time=90d&versions=3.8.0+%282811%29&types=error&sessionEventKey=916067c3bec440c8b3a703d278601429_2244563027037452555,1782c2128a0148281dace39bf8664159,916067c3bec440c8b3a703d278601429_2244563027037452555,,916067c3bec440c8b3a703d278601429,,2244563027037452555,3201e0b1-ecae-43ee-b3e3-16ea23dedd5a,,https://videoid-mobile.e-szigno.hu/identification/3201e0b1-ecae-43ee-b3e3-16ea23dedd5a,3.8.0 (2811),iOS 26.5.0,26,iPhone 16 Pro,"Jul 24, 2026, 5:30:54 PM",SelfServiceRuntimeError,30804,hu.microsec.eszigno.mobile.SelfServiceRuntimeError,videoId,,PROD Release,downloaded,"FaceKom session disconnected: consent timer expired, user waited for more than 60 seconds for detection",,,,,,,,,,,,,
https://console.firebase.google.com/project/webszigno-dev-1532086359290/crashlytics/app/ios:hu.microsec.eszigno.mobile/issues/1782c2128a0148281dace39bf8664159?time=90d&versions=3.8.0+%282811%29&types=error&sessionEventKey=916067c3bec440c8b3a703d278601429_2244562593245755658,1782c2128a0148281dace39bf8664159,916067c3bec440c8b3a703d278601429_2244562593245755658,,916067c3bec440c8b3a703d278601429,,2244562593245755658,3201e0b1-ecae-43ee-b3e3-16ea23dedd5a,,https://videoid-mobile.e-szigno.hu/identification/3201e0b1-ecae-43ee-b3e3-16ea23dedd5a,3.8.0 (2811),iOS 26.5.0,26,iPhone 16 Pro,"Jul 24, 2026, 5:29:13 PM",SelfServiceRuntimeError,30804,hu.microsec.eszigno.mobile.SelfServiceRuntimeError,videoId,,PROD Release,downloaded,"FaceKom session disconnected: consent timer expired, user waited for more than 60 seconds for detection",,,,,,,,,,,,,
https://console.firebase.google.com/project/webszigno-dev-1532086359290/crashlytics/app/ios:hu.microsec.eszigno.mobile/issues/1782c2128a0148281dace39bf8664159?time=90d&versions=3.8.0+%282811%29&types=error&sessionEventKey=27d5e3adca1149a18dd4100275d494d0_2244548923530412405,1782c2128a0148281dace39bf8664159,27d5e3adca1149a18dd4100275d494d0_2244548923530412405,,27d5e3adca1149a18dd4100275d494d0,,2244548923530412405,769bff41-a3ac-4c53-9c04-c1aa93caf2b0,,https://videoid-mobile.e-szigno.hu/identification/769bff41-a3ac-4c53-9c04-c1aa93caf2b0,3.8.0 (2811),iOS 26.5.2,26,iPhone 15,"Jul 24, 2026, 4:36:10 PM",SelfServiceRuntimeError,30803,hu.microsec.eszigno.mobile.SelfServiceRuntimeError,Logged out videoId,eSzigno.SelfServicePresenter.Status.finished,PROD Release,downloaded,Facekom finished with state: finished,,,,,,,,,,,,,
https://console.firebase.google.com/project/webszigno-dev-1532086359290/crashlytics/app/ios:hu.microsec.eszigno.mobile/issues/1782c2128a0148281dace39bf8664159?time=90d&versions=3.8.0+%282811%29&types=error&sessionEventKey=27d5e3adca1149a18dd4100275d494d0_2244548867695837556,1782c2128a0148281dace39bf8664159,27d5e3adca1149a18dd4100275d494d0_2244548867695837556,,27d5e3adca1149a18dd4100275d494d0,,2244548867695837556,769bff41-a3ac-4c53-9c04-c1aa93caf2b0,,https://videoid-mobile.e-szigno.hu/identification/769bff41-a3ac-4c53-9c04-c1aa93caf2b0,3.8.0 (2811),iOS 26.5.2,26,iPhone 15,"Jul 24, 2026, 4:35:57 PM",SelfServiceRuntimeError,30802,hu.microsec.eszigno.mobile.SelfServiceRuntimeError,Logged out videoId,eSzigno.SelfServicePresenter.Status.finished,PROD Release,downloaded,"FaceKom session did enter background at step: 2-factor, isVideoStep: false.",,,,,,,,,,,,,
https://console.firebase.google.com/project/webszigno-dev-1532086359290/crashlytics/app/ios:hu.microsec.eszigno.mobile/issues/1782c2128a0148281dace39bf8664159?time=90d&versions=3.8.0+%282811%29&types=error&sessionEventKey=27d5e3adca1149a18dd4100275d494d0_2244548824746164595,1782c2128a0148281dace39bf8664159,27d5e3adca1149a18dd4100275d494d0_2244548824746164595,,27d5e3adca1149a18dd4100275d494d0,,2244548824746164595,769bff41-a3ac-4c53-9c04-c1aa93caf2b0,,https://videoid-mobile.e-szigno.hu/identification/769bff41-a3ac-4c53-9c04-c1aa93caf2b0,3.8.0 (2811),iOS 26.5.2,26,iPhone 15,"Jul 24, 2026, 4:35:47 PM",SelfServiceRuntimeError,30802,hu.microsec.eszigno.mobile.SelfServiceRuntimeError,Logged out videoId,eSzigno.SelfServicePresenter.Status.finished,PROD Release,downloaded,"FaceKom session did enter background at step: 2-factor, isVideoStep: false.",,,,,,,,,,,,,
https://console.firebase.google.com/project/webszigno-dev-1532086359290/crashlytics/app/ios:hu.microsec.eszigno.mobile/issues/1782c2128a0148281dace39bf8664159?time=90d&versions=3.8.0+%282811%29&types=error&sessionEventKey=854232641cd04068a6fb3ac0c2b01145_2244536946012247158,1782c2128a0148281dace39bf8664159,854232641cd04068a6fb3ac0c2b01145_2244536946012247158,,854232641cd04068a6fb3ac0c2b01145,,2244536946012247158,12a20b73-83d8-428a-9211-718d39247b0f,,https://videoid-mobile.e-szigno.hu/identification/12a20b73-83d8-428a-9211-718d39247b0f,3.8.0 (2811),iOS 26.5.2,26,iPhone 13,"Jul 24, 2026, 3:49:41 PM",SelfServiceRuntimeError,30803,hu.microsec.eszigno.mobile.SelfServiceRuntimeError,videoId,eSzigno.SelfServicePresenter.Status.finished,PROD Release,downloaded,Facekom finished with state: finished,,,,,,,,,,,,,
https://console.firebase.google.com/project/webszigno-dev-1532086359290/crashlytics/app/ios:hu.microsec.eszigno.mobile/issues/1782c2128a0148281dace39bf8664159?time=90d&versions=3.8.0+%282811%29&types=error&sessionEventKey=854232641cd04068a6fb3ac0c2b01145_2244536748443751541,1782c2128a0148281dace39bf8664159,854232641cd04068a6fb3ac0c2b01145_2244536748443751541,,854232641cd04068a6fb3ac0c2b01145,,2244536748443751541,12a20b73-83d8-428a-9211-718d39247b0f,,https://videoid-mobile.e-szigno.hu/identification/12a20b73-83d8-428a-9211-718d39247b0f,3.8.0 (2811),iOS 26.5.2,26,iPhone 13,"Jul 24, 2026, 3:48:55 PM",SelfServiceRuntimeError,30802,hu.microsec.eszigno.mobile.SelfServiceRuntimeError,videoId,eSzigno.SelfServicePresenter.Status.finished,PROD Release,downloaded,"FaceKom session did enter background at step: 2-factor, isVideoStep: false.",,,,,,,,,,,,,
https://console.firebase.google.com/project/webszigno-dev-1532086359290/crashlytics/app/ios:hu.microsec.eszigno.mobile/issues/1782c2128a0148281dace39bf8664159?time=90d&versions=3.8.0+%282811%29&types=error&sessionEventKey=854232641cd04068a6fb3ac0c2b01145_2244535734831469684,1782c2128a0148281dace39bf8664159,854232641cd04068a6fb3ac0c2b01145_2244535734831469684,,854232641cd04068a6fb3ac0c2b01145,,2244535734831469684,12a20b73-83d8-428a-9211-718d39247b0f,,https://videoid-mobile.e-szigno.hu/identification/12a20b73-83d8-428a-9211-718d39247b0f,3.8.0 (2811),iOS 26.5.2,26,iPhone 13,"Jul 24, 2026, 3:44:59 PM",SelfServiceRuntimeError,30803,hu.microsec.eszigno.mobile.SelfServiceRuntimeError,videoId,eSzigno.SelfServicePresenter.Status.finished,PROD Release,downloaded,"Facekom finished with state: aborted(message: Optional(""Ismeretlen hiba történt!""))",,,,,,,,,,,,,
https://console.firebase.google.com/project/webszigno-dev-1532086359290/crashlytics/app/ios:hu.microsec.eszigno.mobile/issues/1782c2128a0148281dace39bf8664159?time=90d&versions=3.8.0+%282811%29&types=error&sessionEventKey=854232641cd04068a6fb3ac0c2b01145_2244535730536502386,1782c2128a0148281dace39bf8664159,854232641cd04068a6fb3ac0c2b01145_2244535730536502386,,854232641cd04068a6fb3ac0c2b01145,,2244535730536502386,12a20b73-83d8-428a-9211-718d39247b0f,,https://videoid-mobile.e-szigno.hu/identification/12a20b73-83d8-428a-9211-718d39247b0f,3.8.0 (2811),iOS 26.5.2,26,iPhone 13,"Jul 24, 2026, 3:44:58 PM",SelfServiceRuntimeError,30802,hu.microsec.eszigno.mobile.SelfServiceRuntimeError,videoId,eSzigno.SelfServicePresenter.Status.finished,PROD Release,downloaded,"FaceKom session did enter background at step: deepfake-detection, isVideoStep: true.",,,,,,,,,,,,,
https://console.firebase.google.com/project/webszigno-dev-1532086359290/crashlytics/app/ios:hu.microsec.eszigno.mobile/issues/1782c2128a0148281dace39bf8664159?time=90d&versions=3.8.0+%282811%29&types=error&sessionEventKey=d3964ed0d2524daa807c14c46f013bfd_2244517020756015585,1782c2128a0148281dace39bf8664159,d3964ed0d2524daa807c14c46f013bfd_2244517020756015585,,d3964ed0d2524daa807c14c46f013bfd,,2244517020756015585,f7556ac4-3f85-4068-a21a-93160cd6de24,-1784894900,https://videoid-mobile.e-szigno.hu/identification/f7556ac4-3f85-4068-a21a-93160cd6de24-1784894900,3.8.0 (2811),iOS 17.6.1,17,iPhone 13,"Jul 24, 2026, 2:32:22 PM",SelfServiceRuntimeError,30803,hu.microsec.eszigno.mobile.SelfServiceRuntimeError,videoId,eSzigno.SelfServicePresenter.Status.finished,PROD Release,downloaded,Facekom finished with state: finished,,,,,,,,,,,,,
https://console.firebase.google.com/project/webszigno-dev-1532086359290/crashlytics/app/ios:hu.microsec.eszigno.mobile/issues/1782c2128a0148281dace39bf8664159?time=90d&versions=3.8.0+%282811%29&types=error&sessionEventKey=d3964ed0d2524daa807c14c46f013bfd_2244516969216408032,1782c2128a0148281dace39bf8664159,d3964ed0d2524daa807c14c46f013bfd_2244516969216408032,,d3964ed0d2524daa807c14c46f013bfd,,2244516969216408032,f7556ac4-3f85-4068-a21a-93160cd6de24,-1784894900,https://videoid-mobile.e-szigno.hu/identification/f7556ac4-3f85-4068-a21a-93160cd6de24-1784894900,3.8.0 (2811),iOS 17.6.1,17,iPhone 13,"Jul 24, 2026, 2:32:10 PM",SelfServiceRuntimeError,30802,hu.microsec.eszigno.mobile.SelfServiceRuntimeError,videoId,eSzigno.SelfServicePresenter.Status.finished,PROD Release,downloaded,"FaceKom session did enter background at step: 2-factor, isVideoStep: false.",,,,,,,,,,,,,
https://console.firebase.google.com/project/webszigno-dev-1532086359290/crashlytics/app/ios:hu.microsec.eszigno.mobile/issues/1782c2128a0148281dace39bf8664159?time=90d&versions=3.8.0+%282811%29&types=error&sessionEventKey=d3964ed0d2524daa807c14c46f013bfd_2244515745150728670,1782c2128a0148281dace39bf8664159,d3964ed0d2524daa807c14c46f013bfd_2244515745150728670,,d3964ed0d2524daa807c14c46f013bfd,,2244515745150728670,f7556ac4-3f85-4068-a21a-93160cd6de24,-1784894900,https://videoid-mobile.e-szigno.hu/identification/f7556ac4-3f85-4068-a21a-93160cd6de24-1784894900,3.8.0 (2811),iOS 17.6.1,17,iPhone 13,"Jul 24, 2026, 2:27:25 PM",SelfServiceRuntimeError,30804,hu.microsec.eszigno.mobile.SelfServiceRuntimeError,videoId,eSzigno.SelfServicePresenter.Status.finished,PROD Release,downloaded,FaceKom session disconnected: close while not in video step,,,,,,,,,,,,,
https://console.firebase.google.com/project/webszigno-dev-1532086359290/crashlytics/app/ios:hu.microsec.eszigno.mobile/issues/1782c2128a0148281dace39bf8664159?time=90d&versions=3.8.0+%282811%29&types=error&sessionEventKey=d3964ed0d2524daa807c14c46f013bfd_2244515504632560093,1782c2128a0148281dace39bf8664159,d3964ed0d2524daa807c14c46f013bfd_2244515504632560093,,d3964ed0d2524daa807c14c46f013bfd,,2244515504632560093,f7556ac4-3f85-4068-a21a-93160cd6de24,-1784894900,https://videoid-mobile.e-szigno.hu/identification/f7556ac4-3f85-4068-a21a-93160cd6de24-1784894900,3.8.0 (2811),iOS 17.6.1,17,iPhone 13,"Jul 24, 2026, 2:26:29 PM",SelfServiceRuntimeError,30803,hu.microsec.eszigno.mobile.SelfServiceRuntimeError,videoId,eSzigno.SelfServicePresenter.Status.finished,PROD Release,downloaded,"Facekom finished with state: aborted(message: Optional(""Ismeretlen hiba történt!""))",,,,,,,,,,,,,
https://console.firebase.google.com/project/webszigno-dev-1532086359290/crashlytics/app/ios:hu.microsec.eszigno.mobile/issues/1782c2128a0148281dace39bf8664159?time=90d&versions=3.8.0+%282811%29&types=error&sessionEventKey=d3964ed0d2524daa807c14c46f013bfd_2244515504632560092,1782c2128a0148281dace39bf8664159,d3964ed0d2524daa807c14c46f013bfd_2244515504632560092,,d3964ed0d2524daa807c14c46f013bfd,,2244515504632560092,f7556ac4-3f85-4068-a21a-93160cd6de24,-1784894900,https://videoid-mobile.e-szigno.hu/identification/f7556ac4-3f85-4068-a21a-93160cd6de24-1784894900,3.8.0 (2811),iOS 17.6.1,17,iPhone 13,"Jul 24, 2026, 2:26:29 PM",SelfServiceRuntimeError,30802,hu.microsec.eszigno.mobile.SelfServiceRuntimeError,videoId,eSzigno.SelfServicePresenter.Status.finished,PROD Release,downloaded,"FaceKom session did enter background at step: voice-liveness-check, isVideoStep: true.",,,,,,,,,,,,,
https://console.firebase.google.com/project/webszigno-dev-1532086359290/crashlytics/app/ios:hu.microsec.eszigno.mobile/issues/1782c2128a0148281dace39bf8664159?time=90d&versions=3.8.0+%282811%29&types=error&sessionEventKey=ddfefb44aff241ecb6cc03c2f45fd902_2244498170035984839,1782c2128a0148281dace39bf8664159,ddfefb44aff241ecb6cc03c2f45fd902_2244498170035984839,,ddfefb44aff241ecb6cc03c2f45fd902,,2244498170035984839,30efca41-a4c3-43cc-8c7a-4505e43213cc,-1784891341,https://videoid-mobile.e-szigno.hu/identification/30efca41-a4c3-43cc-8c7a-4505e43213cc-1784891341,3.8.0 (2811),iOS 26.5.2,26,iPhone 17 Pro,"Jul 24, 2026, 1:19:13 PM",SelfServiceRuntimeError,30803,hu.microsec.eszigno.mobile.SelfServiceRuntimeError,videoId,eSzigno.SelfServicePresenter.Status.finished,PROD Release,downloaded,Facekom finished with state: finished,,,,,,,,,,,,,
https://console.firebase.google.com/project/webszigno-dev-1532086359290/crashlytics/app/ios:hu.microsec.eszigno.mobile/issues/1782c2128a0148281dace39bf8664159?time=90d&versions=3.8.0+%282811%29&types=error&sessionEventKey=ddfefb44aff241ecb6cc03c2f45fd902_2244495275228027334,1782c2128a0148281dace39bf8664159,ddfefb44aff241ecb6cc03c2f45fd902_2244495275228027334,,ddfefb44aff241ecb6cc03c2f45fd902,,2244495275228027334,30efca41-a4c3-43cc-8c7a-4505e43213cc,-1784891341,https://videoid-mobile.e-szigno.hu/identification/30efca41-a4c3-43cc-8c7a-4505e43213cc-1784891341,3.8.0 (2811),iOS 26.5.2,26,iPhone 17 Pro,"Jul 24, 2026, 1:07:59 PM",SelfServiceRuntimeError,30803,hu.microsec.eszigno.mobile.SelfServiceRuntimeError,videoId,eSzigno.SelfServicePresenter.Status.finished,PROD Release,downloaded,"Facekom finished with state: aborted(message: Optional(""Unexpected error""))",,,,,,,,,,,,,
https://console.firebase.google.com/project/webszigno-dev-1532086359290/crashlytics/app/ios:hu.microsec.eszigno.mobile/issues/1782c2128a0148281dace39bf8664159?time=90d&versions=3.8.0+%282811%29&types=error&sessionEventKey=ddfefb44aff241ecb6cc03c2f45fd902_2244495275228027332,1782c2128a0148281dace39bf8664159,ddfefb44aff241ecb6cc03c2f45fd902_2244495275228027332,,ddfefb44aff241ecb6cc03c2f45fd902,,2244495275228027332,30efca41-a4c3-43cc-8c7a-4505e43213cc,-1784891341,https://videoid-mobile.e-szigno.hu/identification/30efca41-a4c3-43cc-8c7a-4505e43213cc-1784891341,3.8.0 (2811),iOS 26.5.2,26,iPhone 17 Pro,"Jul 24, 2026, 1:07:59 PM",SelfServiceRuntimeError,30802,hu.microsec.eszigno.mobile.SelfServiceRuntimeError,videoId,eSzigno.SelfServicePresenter.Status.finished,PROD Release,downloaded,"FaceKom session did enter background at step: voice-liveness-check, isVideoStep: true.",,,,,,,,,,,,,
https://console.firebase.google.com/project/webszigno-dev-1532086359290/crashlytics/app/ios:hu.microsec.eszigno.mobile/issues/1782c2128a0148281dace39bf8664159?time=90d&versions=3.8.0+%282811%29&types=error&sessionEventKey=4e53e5dcd34d4de485202333136a1eba_2244483365966505398,1782c2128a0148281dace39bf8664159,4e53e5dcd34d4de485202333136a1eba_2244483365966505398,,4e53e5dcd34d4de485202333136a1eba,,2244483365966505398,841fc15f-f702-4bd4-b513-9c2109d123a4,,https://videoid-mobile.e-szigno.hu/identification/841fc15f-f702-4bd4-b513-9c2109d123a4,3.8.0 (2811),iOS 26.5.2,26,iPhone 15 Pro Max,"Jul 24, 2026, 12:21:46 PM",SelfServiceRuntimeError,30803,hu.microsec.eszigno.mobile.SelfServiceRuntimeError,videoId,eSzigno.SelfServicePresenter.Status.finished,PROD Release,not_available,Facekom finished with state: finished,,,,,,,,,,,,,
https://console.firebase.google.com/project/webszigno-dev-1532086359290/crashlytics/app/ios:hu.microsec.eszigno.mobile/issues/1782c2128a0148281dace39bf8664159?time=90d&versions=3.8.0+%282811%29&types=error&sessionEventKey=7b6e9dae99ac40589f9b4a78587fea4c_2244478714102555279,1782c2128a0148281dace39bf8664159,7b6e9dae99ac40589f9b4a78587fea4c_2244478714102555279,,7b6e9dae99ac40589f9b4a78587fea4c,,2244478714102555279,4f4cdd58-38d6-467e-b7e0-1569e16f7985,,https://videoid-mobile.e-szigno.hu/identification/4f4cdd58-38d6-467e-b7e0-1569e16f7985,3.8.0 (2811),iPadOS 17.7.11,17,"iPad Pro (12.9-inch, 2nd generation)","Jul 24, 2026, 12:03:43 PM",SelfServiceRuntimeError,30802,hu.microsec.eszigno.mobile.SelfServiceRuntimeError,videoId,eSzigno.SelfServicePresenter.Status.aborted,PROD Release,downloaded,"FaceKom session did enter background at step: deepfake-detection, isVideoStep: true.",,,,,,,,,,,,,
https://console.firebase.google.com/project/webszigno-dev-1532086359290/crashlytics/app/ios:hu.microsec.eszigno.mobile/issues/1782c2128a0148281dace39bf8664159?time=90d&versions=3.8.0+%282811%29&types=error&sessionEventKey=7b6e9dae99ac40589f9b4a78587fea4c_2244477721965109902,1782c2128a0148281dace39bf8664159,7b6e9dae99ac40589f9b4a78587fea4c_2244477721965109902,,7b6e9dae99ac40589f9b4a78587fea4c,,2244477721965109902,4f4cdd58-38d6-467e-b7e0-1569e16f7985,,https://videoid-mobile.e-szigno.hu/identification/4f4cdd58-38d6-467e-b7e0-1569e16f7985,3.8.0 (2811),iPadOS 17.7.11,17,"iPad Pro (12.9-inch, 2nd generation)","Jul 24, 2026, 11:59:52 AM",SelfServiceRuntimeError,30803,hu.microsec.eszigno.mobile.SelfServiceRuntimeError,videoId,eSzigno.SelfServicePresenter.Status.aborted,PROD Release,downloaded,"Facekom finished with state: aborted(message: Optional(""Ismeretlen hiba történt!""))",,,,,,,,,,,,,
https://console.firebase.google.com/project/webszigno-dev-1532086359290/crashlytics/app/ios:hu.microsec.eszigno.mobile/issues/1782c2128a0148281dace39bf8664159?time=90d&versions=3.8.0+%282811%29&types=error&sessionEventKey=7ec59ce708994de3a33e86a60a0d684f_2244473808944516664,1782c2128a0148281dace39bf8664159,7ec59ce708994de3a33e86a60a0d684f_2244473808944516664,,7ec59ce708994de3a33e86a60a0d684f,,2244473808944516664,d143d293-4056-48cf-b43c-7fad1074f6d9,-1784879441,https://videoid-mobile.e-szigno.hu/identification/d143d293-4056-48cf-b43c-7fad1074f6d9-1784879441,3.8.0 (2811),iOS 26.5.2,26,iPhone 15 Plus,"Jul 24, 2026, 11:44:41 AM",SelfServiceRuntimeError,30803,hu.microsec.eszigno.mobile.SelfServiceRuntimeError,videoId,eSzigno.SelfServicePresenter.Status.finished,PROD Release,downloaded,Facekom finished with state: finished,,,,,,,,,,,,,
https://console.firebase.google.com/project/webszigno-dev-1532086359290/crashlytics/app/ios:hu.microsec.eszigno.mobile/issues/1782c2128a0148281dace39bf8664159?time=90d&versions=3.8.0+%282811%29&types=error&sessionEventKey=7ec59ce708994de3a33e86a60a0d684f_2244473748814974519,1782c2128a0148281dace39bf8664159,7ec59ce708994de3a33e86a60a0d684f_2244473748814974519,,7ec59ce708994de3a33e86a60a0d684f,,2244473748814974519,d143d293-4056-48cf-b43c-7fad1074f6d9,-1784879441,https://videoid-mobile.e-szigno.hu/identification/d143d293-4056-48cf-b43c-7fad1074f6d9-1784879441,3.8.0 (2811),iOS 26.5.2,26,iPhone 15 Plus,"Jul 24, 2026, 11:44:27 AM",SelfServiceRuntimeError,30802,hu.microsec.eszigno.mobile.SelfServiceRuntimeError,videoId,eSzigno.SelfServicePresenter.Status.finished,PROD Release,downloaded,"FaceKom session did enter background at step: 2-factor, isVideoStep: false.",,,,,,,,,,,,,
https://console.firebase.google.com/project/webszigno-dev-1532086359290/crashlytics/app/ios:hu.microsec.eszigno.mobile/issues/1782c2128a0148281dace39bf8664159?time=90d&versions=3.8.0+%282811%29&types=error&sessionEventKey=7ec59ce708994de3a33e86a60a0d684f_2244472829691973174,1782c2128a0148281dace39bf8664159,7ec59ce708994de3a33e86a60a0d684f_2244472829691973174,,7ec59ce708994de3a33e86a60a0d684f,,2244472829691973174,d143d293-4056-48cf-b43c-7fad1074f6d9,-1784879441,https://videoid-mobile.e-szigno.hu/identification/d143d293-4056-48cf-b43c-7fad1074f6d9-1784879441,3.8.0 (2811),iOS 26.5.2,26,iPhone 15 Plus,"Jul 24, 2026, 11:40:53 AM",SelfServiceRuntimeError,30803,hu.microsec.eszigno.mobile.SelfServiceRuntimeError,videoId,eSzigno.SelfServicePresenter.Status.finished,PROD Release,downloaded,"Facekom finished with state: aborted(message: Optional(""Ismeretlen hiba történt!""))",,,,,,,,,,,,,
https://console.firebase.google.com/project/webszigno-dev-1532086359290/crashlytics/app/ios:hu.microsec.eszigno.mobile/issues/1782c2128a0148281dace39bf8664159?time=90d&versions=3.8.0+%282811%29&types=error&sessionEventKey=7ec59ce708994de3a33e86a60a0d684f_2244472829691973172,1782c2128a0148281dace39bf8664159,7ec59ce708994de3a33e86a60a0d684f_2244472829691973172,,7ec59ce708994de3a33e86a60a0d684f,,2244472829691973172,d143d293-4056-48cf-b43c-7fad1074f6d9,-1784879441,https://videoid-mobile.e-szigno.hu/identification/d143d293-4056-48cf-b43c-7fad1074f6d9-1784879441,3.8.0 (2811),iOS 26.5.2,26,iPhone 15 Plus,"Jul 24, 2026, 11:40:53 AM",SelfServiceRuntimeError,30802,hu.microsec.eszigno.mobile.SelfServiceRuntimeError,videoId,eSzigno.SelfServicePresenter.Status.finished,PROD Release,downloaded,"FaceKom session did enter background at step: voice-liveness-check, isVideoStep: true.",,,,,,,,,,,,,
https://console.firebase.google.com/project/webszigno-dev-1532086359290/crashlytics/app/ios:hu.microsec.eszigno.mobile/issues/1782c2128a0148281dace39bf8664159?time=90d&versions=3.8.0+%282811%29&types=error&sessionEventKey=7978ccbb5c7a4b4cbe66db9f9f2f1cba_2244463348402857390,1782c2128a0148281dace39bf8664159,7978ccbb5c7a4b4cbe66db9f9f2f1cba_2244463348402857390,,7978ccbb5c7a4b4cbe66db9f9f2f1cba,,2244463348402857390,cb95134f-e266-475d-b7ff-0453d3265569,,https://videoid-mobile.e-szigno.hu/identification/cb95134f-e266-475d-b7ff-0453d3265569,3.8.0 (2811),iOS 26.5.2,26,iPhone 17 Pro,"Jul 24, 2026, 11:04:06 AM",SelfServiceRuntimeError,30803,hu.microsec.eszigno.mobile.SelfServiceRuntimeError,videoId,eSzigno.SelfServicePresenter.Status.finished,PROD Release,downloaded,Facekom finished with state: finished,,,,,,,,,,,,,
https://console.firebase.google.com/project/webszigno-dev-1532086359290/crashlytics/app/ios:hu.microsec.eszigno.mobile/issues/1782c2128a0148281dace39bf8664159?time=90d&versions=3.8.0+%282811%29&types=error&sessionEventKey=6454e59c74944f84ad4b5ae348d2d8c9_2244453568283325900,1782c2128a0148281dace39bf8664159,6454e59c74944f84ad4b5ae348d2d8c9_2244453568283325900,,6454e59c74944f84ad4b5ae348d2d8c9,,2244453568283325900,7c3cca24-387f-4d82-bfb8-0b371c9af54c,,https://videoid-mobile.e-szigno.hu/identification/7c3cca24-387f-4d82-bfb8-0b371c9af54c,3.8.0 (2811),iOS 26.5.0,26,iPhone 16 Pro,"Jul 24, 2026, 10:26:08 AM",SelfServiceRuntimeError,30803,hu.microsec.eszigno.mobile.SelfServiceRuntimeError,videoId,eSzigno.SelfServicePresenter.Status.finished,PROD Release,downloaded,Facekom finished with state: finished,,,,,,,,,,,,,
https://console.firebase.google.com/project/webszigno-dev-1532086359290/crashlytics/app/ios:hu.microsec.eszigno.mobile/issues/1782c2128a0148281dace39bf8664159?time=90d&versions=3.8.0+%282811%29&types=error&sessionEventKey=6454e59c74944f84ad4b5ae348d2d8c9_2244453516743718347,1782c2128a0148281dace39bf8664159,6454e59c74944f84ad4b5ae348d2d8c9_2244453516743718347,,6454e59c74944f84ad4b5ae348d2d8c9,,2244453516743718347,7c3cca24-387f-4d82-bfb8-0b371c9af54c,,https://videoid-mobile.e-szigno.hu/identification/7c3cca24-387f-4d82-bfb8-0b371c9af54c,3.8.0 (2811),iOS 26.5.0,26,iPhone 16 Pro,"Jul 24, 2026, 10:25:56 AM",SelfServiceRuntimeError,30802,hu.microsec.eszigno.mobile.SelfServiceRuntimeError,videoId,eSzigno.SelfServicePresenter.Status.finished,PROD Release,downloaded,"FaceKom session did enter background at step: 2-factor, isVideoStep: false.",,,,,,,,,,,,,
https://console.firebase.google.com/project/webszigno-dev-1532086359290/crashlytics/app/ios:hu.microsec.eszigno.mobile/issues/1782c2128a0148281dace39bf8664159?time=90d&versions=3.8.0+%282811%29&types=error&sessionEventKey=6454e59c74944f84ad4b5ae348d2d8c9_2244452447296861641,1782c2128a0148281dace39bf8664159,6454e59c74944f84ad4b5ae348d2d8c9_2244452447296861641,,6454e59c74944f84ad4b5ae348d2d8c9,,2244452447296861641,7c3cca24-387f-4d82-bfb8-0b371c9af54c,,https://videoid-mobile.e-szigno.hu/identification/7c3cca24-387f-4d82-bfb8-0b371c9af54c,3.8.0 (2811),iOS 26.5.0,26,iPhone 16 Pro,"Jul 24, 2026, 10:21:47 AM",SelfServiceRuntimeError,30803,hu.microsec.eszigno.mobile.SelfServiceRuntimeError,videoId,eSzigno.SelfServicePresenter.Status.finished,PROD Release,downloaded,"Facekom finished with state: failed(title: Optional(""Sajnos ez most nem sikerült!""), subtitle: Optional(""INDÍTSA ÚJRA A FOLYAMATOT A QR-KÓD LEOLVASÁSÁVAL!""), message: Optional(""Az okmányon lévő és a fotózott arckép között jelentős eltérés van!""))",,,,,,,,,,,,,
https://console.firebase.google.com/project/webszigno-dev-1532086359290/crashlytics/app/ios:hu.microsec.eszigno.mobile/issues/1782c2128a0148281dace39bf8664159?time=90d&versions=3.8.0+%282811%29&types=error&sessionEventKey=6454e59c74944f84ad4b5ae348d2d8c9_2244451605483271623,1782c2128a0148281dace39bf8664159,6454e59c74944f84ad4b5ae348d2d8c9_2244451605483271623,,6454e59c74944f84ad4b5ae348d2d8c9,,2244451605483271623,7c3cca24-387f-4d82-bfb8-0b371c9af54c,,https://videoid-mobile.e-szigno.hu/identification/7c3cca24-387f-4d82-bfb8-0b371c9af54c,3.8.0 (2811),iOS 26.5.0,26,iPhone 16 Pro,"Jul 24, 2026, 10:18:31 AM",SelfServiceRuntimeError,30803,hu.microsec.eszigno.mobile.SelfServiceRuntimeError,videoId,eSzigno.SelfServicePresenter.Status.finished,PROD Release,downloaded,"Facekom finished with state: failed(title: Optional(""Sajnos ez most nem sikerült!""), subtitle: Optional(""INDÍTSA ÚJRA A FOLYAMATOT A QR-KÓD LEOLVASÁSÁVAL!""), message: Optional(""Az okmányon lévő és a fotózott arckép között jelentős eltérés van!""))",,,,,,,,,,,,,
https://console.firebase.google.com/project/webszigno-dev-1532086359290/crashlytics/app/ios:hu.microsec.eszigno.mobile/issues/1782c2128a0148281dace39bf8664159?time=90d&versions=3.8.0+%282811%29&types=error&sessionEventKey=2581e716f3b0453fb57e8f28bb832bf9_2244444090065717465,1782c2128a0148281dace39bf8664159,2581e716f3b0453fb57e8f28bb832bf9_2244444090065717465,,2581e716f3b0453fb57e8f28bb832bf9,,2244444090065717465,a2753cd1-927e-4bb9-aa94-83d078af09cc,-1784878886,https://videoid-mobile.e-szigno.hu/identification/a2753cd1-927e-4bb9-aa94-83d078af09cc-1784878886,3.8.0 (2811),iOS 26.4.2,26,iPhone 17 Pro,"Jul 24, 2026, 9:49:22 AM",SelfServiceRuntimeError,30803,hu.microsec.eszigno.mobile.SelfServiceRuntimeError,Logged in videoId,eSzigno.SelfServicePresenter.Status.finished,PROD Release,downloaded,Facekom finished with state: finished,,,,,,,,,,,,,
https://console.firebase.google.com/project/webszigno-dev-1532086359290/crashlytics/app/ios:hu.microsec.eszigno.mobile/issues/1782c2128a0148281dace39bf8664159?time=90d&versions=3.8.0+%282811%29&types=error&sessionEventKey=2581e716f3b0453fb57e8f28bb832bf9_2244444004166371544,1782c2128a0148281dace39bf8664159,2581e716f3b0453fb57e8f28bb832bf9_2244444004166371544,,2581e716f3b0453fb57e8f28bb832bf9,,2244444004166371544,a2753cd1-927e-4bb9-aa94-83d078af09cc,-1784878886,https://videoid-mobile.e-szigno.hu/identification/a2753cd1-927e-4bb9-aa94-83d078af09cc-1784878886,3.8.0 (2811),iOS 26.4.2,26,iPhone 17 Pro,"Jul 24, 2026, 9:49:02 AM",SelfServiceRuntimeError,30802,hu.microsec.eszigno.mobile.SelfServiceRuntimeError,Logged in videoId,eSzigno.SelfServicePresenter.Status.finished,PROD Release,downloaded,"FaceKom session did enter background at step: 2-factor, isVideoStep: false.",,,,,,,,,,,,,
https://console.firebase.google.com/project/webszigno-dev-1532086359290/crashlytics/app/ios:hu.microsec.eszigno.mobile/issues/1782c2128a0148281dace39bf8664159?time=90d&versions=3.8.0+%282811%29&types=error&sessionEventKey=7ec59ce708994de3a33e86a60a0d684f_2244437666794720818,1782c2128a0148281dace39bf8664159,7ec59ce708994de3a33e86a60a0d684f_2244437666794720818,,7ec59ce708994de3a33e86a60a0d684f,,2244437666794720818,d143d293-4056-48cf-b43c-7fad1074f6d9,-1784879441,https://videoid-mobile.e-szigno.hu/identification/d143d293-4056-48cf-b43c-7fad1074f6d9-1784879441,3.8.0 (2811),iOS 26.5.2,26,iPhone 15 Plus,"Jul 24, 2026, 9:24:26 AM",SelfServiceRuntimeError,30803,hu.microsec.eszigno.mobile.SelfServiceRuntimeError,videoId,eSzigno.SelfServicePresenter.Status.finished,PROD Release,not_available,"Facekom finished with state: aborted(message: Optional(""Ismeretlen hiba történt!""))",,,,,,,,,,,,,
https://console.firebase.google.com/project/webszigno-dev-1532086359290/crashlytics/app/ios:hu.microsec.eszigno.mobile/issues/1782c2128a0148281dace39bf8664159?time=90d&versions=3.8.0+%282811%29&types=error&sessionEventKey=6b46800b614b4b94a2769c32824c2b0b_2244424556679598000,1782c2128a0148281dace39bf8664159,6b46800b614b4b94a2769c32824c2b0b_2244424556679598000,,6b46800b614b4b94a2769c32824c2b0b,,2244424556679598000,a2753cd1-927e-4bb9-aa94-83d078af09cc,,https://videoid-mobile.e-szigno.hu/identification/a2753cd1-927e-4bb9-aa94-83d078af09cc,3.8.0 (2811),iOS 26.4.2,26,iPhone 17 Pro,"Jul 24, 2026, 8:33:34 AM",SelfServiceRuntimeError,30803,hu.microsec.eszigno.mobile.SelfServiceRuntimeError,Logged in videoId,eSzigno.SelfServicePresenter.Status.finished,PROD Release,downloaded,Facekom finished with state: finished,,,,,,,,,,,,,
https://console.firebase.google.com/project/webszigno-dev-1532086359290/crashlytics/app/ios:hu.microsec.eszigno.mobile/issues/1782c2128a0148281dace39bf8664159?time=90d&versions=3.8.0+%282811%29&types=error&sessionEventKey=ad1f08e7bb26498c8189c3966de1b7c3_2244277689544901581,1782c2128a0148281dace39bf8664159,ad1f08e7bb26498c8189c3966de1b7c3_2244277689544901581,,ad1f08e7bb26498c8189c3966de1b7c3,,2244277689544901581,608297ca-33af-492d-9718-5dfce3488628,,https://videoid-mobile.e-szigno.hu/identification/608297ca-33af-492d-9718-5dfce3488628,3.8.0 (2811),iOS 18.6.2,18,iPhone 12,"Jul 23, 2026, 11:03:38 PM",SelfServiceRuntimeError,30803,hu.microsec.eszigno.mobile.SelfServiceRuntimeError,videoId,eSzigno.SelfServicePresenter.Status.finished,PROD Release,not_available,Facekom finished with state: finished,,,,,,,,,,,,,
https://console.firebase.google.com/project/webszigno-dev-1532086359290/crashlytics/app/ios:hu.microsec.eszigno.mobile/issues/1782c2128a0148281dace39bf8664159?time=90d&versions=3.8.0+%282811%29&types=error&sessionEventKey=ad1f08e7bb26498c8189c3966de1b7c3_2244277620825424844,1782c2128a0148281dace39bf8664159,ad1f08e7bb26498c8189c3966de1b7c3_2244277620825424844,,ad1f08e7bb26498c8189c3966de1b7c3,,2244277620825424844,608297ca-33af-492d-9718-5dfce3488628,,https://videoid-mobile.e-szigno.hu/identification/608297ca-33af-492d-9718-5dfce3488628,3.8.0 (2811),iOS 18.6.2,18,iPhone 12,"Jul 23, 2026, 11:03:22 PM",SelfServiceRuntimeError,30802,hu.microsec.eszigno.mobile.SelfServiceRuntimeError,videoId,eSzigno.SelfServicePresenter.Status.finished,PROD Release,not_available,"FaceKom session did enter background at step: 2-factor, isVideoStep: false.",,,,,,,,,,,,,
https://console.firebase.google.com/project/webszigno-dev-1532086359290/crashlytics/app/ios:hu.microsec.eszigno.mobile/issues/1782c2128a0148281dace39bf8664159?time=90d&versions=3.8.0+%282811%29&types=error&sessionEventKey=ad1f08e7bb26498c8189c3966de1b7c3_2244277105429349323,1782c2128a0148281dace39bf8664159,ad1f08e7bb26498c8189c3966de1b7c3_2244277105429349323,,ad1f08e7bb26498c8189c3966de1b7c3,,2244277105429349323,608297ca-33af-492d-9718-5dfce3488628,,https://videoid-mobile.e-szigno.hu/identification/608297ca-33af-492d-9718-5dfce3488628,3.8.0 (2811),iOS 18.6.2,18,iPhone 12,"Jul 23, 2026, 11:01:22 PM",SelfServiceRuntimeError,30802,hu.microsec.eszigno.mobile.SelfServiceRuntimeError,videoId,eSzigno.SelfServicePresenter.Status.finished,PROD Release,not_available,"FaceKom session did enter background at step: id-front, isVideoStep: false.",,,,,,,,,,,,,
https://console.firebase.google.com/project/webszigno-dev-1532086359290/crashlytics/app/ios:hu.microsec.eszigno.mobile/issues/1782c2128a0148281dace39bf8664159?time=90d&versions=3.8.0+%282811%29&types=error&sessionEventKey=eb94eae131124c5c962feb4b188938d8_2244243945432431286,1782c2128a0148281dace39bf8664159,eb94eae131124c5c962feb4b188938d8_2244243945432431286,,eb94eae131124c5c962feb4b188938d8,,2244243945432431286,318566c0-f20e-484d-88b3-cc7f14d63d65,,https://videoid-mobile.e-szigno.hu/identification/318566c0-f20e-484d-88b3-cc7f14d63d65,3.8.0 (2811),iOS 26.5.2,26,iPhone 13,"Jul 23, 2026, 8:52:42 PM",SelfServiceRuntimeError,30803,hu.microsec.eszigno.mobile.SelfServiceRuntimeError,videoId,eSzigno.SelfServicePresenter.Status.finished,PROD Release,downloaded,Facekom finished with state: finished,,,,,,,,,,,,,
https://console.firebase.google.com/project/webszigno-dev-1532086359290/crashlytics/app/ios:hu.microsec.eszigno.mobile/issues/1782c2128a0148281dace39bf8664159?time=90d&versions=3.8.0+%282811%29&types=error&sessionEventKey=eb94eae131124c5c962feb4b188938d8_2244243756453870261,1782c2128a0148281dace39bf8664159,eb94eae131124c5c962feb4b188938d8_2244243756453870261,,eb94eae131124c5c962feb4b188938d8,,2244243756453870261,318566c0-f20e-484d-88b3-cc7f14d63d65,,https://videoid-mobile.e-szigno.hu/identification/318566c0-f20e-484d-88b3-cc7f14d63d65,3.8.0 (2811),iOS 26.5.2,26,iPhone 13,"Jul 23, 2026, 8:51:58 PM",SelfServiceRuntimeError,30802,hu.microsec.eszigno.mobile.SelfServiceRuntimeError,videoId,eSzigno.SelfServicePresenter.Status.finished,PROD Release,downloaded,"FaceKom session did enter background at step: 2-factor, isVideoStep: false.",,,,,,,,,,,,,
https://console.firebase.google.com/project/webszigno-dev-1532086359290/crashlytics/app/ios:hu.microsec.eszigno.mobile/issues/1782c2128a0148281dace39bf8664159?time=90d&versions=3.8.0+%282811%29&types=error&sessionEventKey=365307a00c524a42a27a590637a05cfa_2244193694972477205,1782c2128a0148281dace39bf8664159,365307a00c524a42a27a590637a05cfa_2244193694972477205,,365307a00c524a42a27a590637a05cfa,,2244193694972477205,1308fc2c-3735-439a-b648-b8fc46be5f24,,https://videoid-mobile.e-szigno.hu/identification/1308fc2c-3735-439a-b648-b8fc46be5f24,3.8.0 (2811),iOS 26.5.2,26,iPhone 13,"Jul 23, 2026, 5:37:42 PM",SelfServiceRuntimeError,30803,hu.microsec.eszigno.mobile.SelfServiceRuntimeError,Logged out videoId,eSzigno.SelfServicePresenter.Status.finished,PROD Release,downloaded,Facekom finished with state: finished,,,,,,,,,,,,,
https://console.firebase.google.com/project/webszigno-dev-1532086359290/crashlytics/app/ios:hu.microsec.eszigno.mobile/issues/1782c2128a0148281dace39bf8664159?time=90d&versions=3.8.0+%282811%29&types=error&sessionEventKey=365307a00c524a42a27a590637a05cfa_2244193626253000468,1782c2128a0148281dace39bf8664159,365307a00c524a42a27a590637a05cfa_2244193626253000468,,365307a00c524a42a27a590637a05cfa,,2244193626253000468,1308fc2c-3735-439a-b648-b8fc46be5f24,,https://videoid-mobile.e-szigno.hu/identification/1308fc2c-3735-439a-b648-b8fc46be5f24,3.8.0 (2811),iOS 26.5.2,26,iPhone 13,"Jul 23, 2026, 5:37:26 PM",SelfServiceRuntimeError,30802,hu.microsec.eszigno.mobile.SelfServiceRuntimeError,Logged out videoId,eSzigno.SelfServicePresenter.Status.finished,PROD Release,downloaded,"FaceKom session did enter background at step: 2-factor, isVideoStep: false.",,,,,,,,,,,,,
https://console.firebase.google.com/project/webszigno-dev-1532086359290/crashlytics/app/ios:hu.microsec.eszigno.mobile/issues/1782c2128a0148281dace39bf8664159?time=90d&versions=3.8.0+%282811%29&types=error&sessionEventKey=973a613a17b9431985f76a9da234bc4e_2244164418709698269,1782c2128a0148281dace39bf8664159,973a613a17b9431985f76a9da234bc4e_2244164418709698269,,973a613a17b9431985f76a9da234bc4e,,2244164418709698269,76e8dcd1-6458-4d93-a71d-76b0acd0ba38,,https://videoid-mobile.e-szigno.hu/identification/76e8dcd1-6458-4d93-a71d-76b0acd0ba38,3.8.0 (2811),iOS 26.5.2,26,iPhone 15 Pro,"Jul 23, 2026, 3:44:06 PM",SelfServiceRuntimeError,30803,hu.microsec.eszigno.mobile.SelfServiceRuntimeError,videoId,eSzigno.SelfServicePresenter.Status.finished,PROD Release,downloaded,Facekom finished with state: finished,,,,,,,,,,,,,
https://console.firebase.google.com/project/webszigno-dev-1532086359290/crashlytics/app/ios:hu.microsec.eszigno.mobile/issues/1782c2128a0148281dace39bf8664159?time=90d&versions=3.8.0+%282811%29&types=error&sessionEventKey=cd5e6f66ba594c8db9d11f612b6a19ba_2244156693565270268,1782c2128a0148281dace39bf8664159,cd5e6f66ba594c8db9d11f612b6a19ba_2244156693565270268,,cd5e6f66ba594c8db9d11f612b6a19ba,,2244156693565270268,7991da18-4015-4140-8fab-05ecc2312efe,,https://videoid-mobile.e-szigno.hu/identification/7991da18-4015-4140-8fab-05ecc2312efe,3.8.0 (2811),iOS 26.5.2,26,iPhone 17,"Jul 23, 2026, 3:14:07 PM",SelfServiceRuntimeError,30803,hu.microsec.eszigno.mobile.SelfServiceRuntimeError,videoId,eSzigno.SelfServicePresenter.Status.finished,PROD Release,downloaded,Facekom finished with state: finished,,,,,,,,,,,,,
https://console.firebase.google.com/project/webszigno-dev-1532086359290/crashlytics/app/ios:hu.microsec.eszigno.mobile/issues/1782c2128a0148281dace39bf8664159?time=90d&versions=3.8.0+%282811%29&types=error&sessionEventKey=d094fda6b2f64629b85bf010671ba6ec_2244155696573685381,1782c2128a0148281dace39bf8664159,d094fda6b2f64629b85bf010671ba6ec_2244155696573685381,,d094fda6b2f64629b85bf010671ba6ec,,2244155696573685381,7991da18-4015-4140-8fab-05ecc2312efe,,https://videoid-mobile.e-szigno.hu/identification/7991da18-4015-4140-8fab-05ecc2312efe,3.8.0 (2811),iOS 26.5.2,26,iPhone 17,"Jul 23, 2026, 3:10:15 PM",SelfServiceRuntimeError,30803,hu.microsec.eszigno.mobile.SelfServiceRuntimeError,videoId,,PROD Release,downloaded,Facekom finished with state: aborted(message: nil),,,,,,,,,,,,,
https://console.firebase.google.com/project/webszigno-dev-1532086359290/crashlytics/app/ios:hu.microsec.eszigno.mobile/issues/1782c2128a0148281dace39bf8664159?time=90d&versions=3.8.0+%282811%29&types=error&sessionEventKey=2178407e5854489091ef1e2389485c4c_2244146233080934454,1782c2128a0148281dace39bf8664159,2178407e5854489091ef1e2389485c4c_2244146233080934454,,2178407e5854489091ef1e2389485c4c,,2244146233080934454,ec9ffd93-72e5-423f-9cf2-2821f400c747,,https://videoid-mobile.e-szigno.hu/identification/ec9ffd93-72e5-423f-9cf2-2821f400c747,3.8.0 (2811),iOS 26.5.2,26,iPhone 17,"Jul 23, 2026, 2:33:31 PM",SelfServiceRuntimeError,30803,hu.microsec.eszigno.mobile.SelfServiceRuntimeError,videoId,eSzigno.SelfServicePresenter.Status.finished,PROD Release,not_available,Facekom finished with state: finished,,,,,,,,,,,,,
https://console.firebase.google.com/project/webszigno-dev-1532086359290/crashlytics/app/ios:hu.microsec.eszigno.mobile/issues/1782c2128a0148281dace39bf8664159?time=90d&versions=3.8.0+%282811%29&types=error&sessionEventKey=2178407e5854489091ef1e2389485c4c_2244146099936948277,1782c2128a0148281dace39bf8664159,2178407e5854489091ef1e2389485c4c_2244146099936948277,,2178407e5854489091ef1e2389485c4c,,2244146099936948277,ec9ffd93-72e5-423f-9cf2-2821f400c747,,https://videoid-mobile.e-szigno.hu/identification/ec9ffd93-72e5-423f-9cf2-2821f400c747,3.8.0 (2811),iOS 26.5.2,26,iPhone 17,"Jul 23, 2026, 2:33:00 PM",SelfServiceRuntimeError,30802,hu.microsec.eszigno.mobile.SelfServiceRuntimeError,videoId,eSzigno.SelfServicePresenter.Status.finished,PROD Release,not_available,"FaceKom session did enter background at step: 2-factor, isVideoStep: false.",,,,,,,,,,,,,
https://console.firebase.google.com/project/webszigno-dev-1532086359290/crashlytics/app/ios:hu.microsec.eszigno.mobile/issues/1782c2128a0148281dace39bf8664159?time=90d&versions=3.8.0+%282811%29&types=error&sessionEventKey=141e0315da654c4d85c75d715a38860a_2244135027541035903,1782c2128a0148281dace39bf8664159,141e0315da654c4d85c75d715a38860a_2244135027541035903,,141e0315da654c4d85c75d715a38860a,,2244135027541035903,7dd41c9d-c3b3-4847-8b66-fe4167ba15a6,-1784801945,https://videoid-mobile.e-szigno.hu/identification/7dd41c9d-c3b3-4847-8b66-fe4167ba15a6-1784801945,3.8.0 (2811),iOS 26.5.2,26,iPhone 16 Pro,"Jul 23, 2026, 1:50:02 PM",SelfServiceRuntimeError,30803,hu.microsec.eszigno.mobile.SelfServiceRuntimeError,videoId,eSzigno.SelfServicePresenter.Status.finished,PROD Release,downloaded,Facekom finished with state: finished,,,,,,,,,,,,,
https://console.firebase.google.com/project/webszigno-dev-1532086359290/crashlytics/app/ios:hu.microsec.eszigno.mobile/issues/1782c2128a0148281dace39bf8664159?time=90d&versions=3.8.0+%282811%29&types=error&sessionEventKey=88446195537d40f8a317338fbe8380fd_2244127458655703269,1782c2128a0148281dace39bf8664159,88446195537d40f8a317338fbe8380fd_2244127458655703269,,88446195537d40f8a317338fbe8380fd,,2244127458655703269,9a222107-62a0-496e-a8db-f734591569e0,,https://videoid-mobile.e-szigno.hu/identification/9a222107-62a0-496e-a8db-f734591569e0,3.8.0 (2811),iOS 26.5.2,26,iPhone 17 Pro Max,"Jul 23, 2026, 1:20:40 PM",SelfServiceRuntimeError,30803,hu.microsec.eszigno.mobile.SelfServiceRuntimeError,videoId,eSzigno.SelfServicePresenter.Status.finished,PROD Release,downloaded,Facekom finished with state: finished,,,,,,,,,,,,,
https://console.firebase.google.com/project/webszigno-dev-1532086359290/crashlytics/app/ios:hu.microsec.eszigno.mobile/issues/1782c2128a0148281dace39bf8664159?time=90d&versions=3.8.0+%282811%29&types=error&sessionEventKey=03f5f2ff0a414451baad4ecb551bcb97_2244127400929622005,1782c2128a0148281dace39bf8664159,03f5f2ff0a414451baad4ecb551bcb97_2244127400929622005,,03f5f2ff0a414451baad4ecb551bcb97,,2244127400929622005,715dea93-7137-41a6-836a-aa4e8f072efd,,https://videoid-mobile.e-szigno.hu/identification/715dea93-7137-41a6-836a-aa4e8f072efd,3.8.0 (2811),iOS 26.5.0,26,iPhone 12 Mini,"Jul 23, 2026, 1:20:27 PM",SelfServiceRuntimeError,30803,hu.microsec.eszigno.mobile.SelfServiceRuntimeError,videoId,eSzigno.SelfServicePresenter.Status.finished,PROD Release,downloaded,Facekom finished with state: finished,,,,,,,,,,,,,
https://console.firebase.google.com/project/webszigno-dev-1532086359290/crashlytics/app/ios:hu.microsec.eszigno.mobile/issues/1782c2128a0148281dace39bf8664159?time=90d&versions=3.8.0+%282811%29&types=error&sessionEventKey=03f5f2ff0a414451baad4ecb551bcb97_2244127362274916340,1782c2128a0148281dace39bf8664159,03f5f2ff0a414451baad4ecb551bcb97_2244127362274916340,,03f5f2ff0a414451baad4ecb551bcb97,,2244127362274916340,715dea93-7137-41a6-836a-aa4e8f072efd,,https://videoid-mobile.e-szigno.hu/identification/715dea93-7137-41a6-836a-aa4e8f072efd,3.8.0 (2811),iOS 26.5.0,26,iPhone 12 Mini,"Jul 23, 2026, 1:20:18 PM",SelfServiceRuntimeError,30802,hu.microsec.eszigno.mobile.SelfServiceRuntimeError,videoId,eSzigno.SelfServicePresenter.Status.finished,PROD Release,downloaded,"FaceKom session did enter background at step: 2-factor, isVideoStep: false.",,,,,,,,,,,,,
https://console.firebase.google.com/project/webszigno-dev-1532086359290/crashlytics/app/ios:hu.microsec.eszigno.mobile/issues/1782c2128a0148281dace39bf8664159?time=90d&versions=3.8.0+%282811%29&types=error&sessionEventKey=88446195537d40f8a317338fbe8380fd_2244127304036880612,1782c2128a0148281dace39bf8664159,88446195537d40f8a317338fbe8380fd_2244127304036880612,,88446195537d40f8a317338fbe8380fd,,2244127304036880612,9a222107-62a0-496e-a8db-f734591569e0,,https://videoid-mobile.e-szigno.hu/identification/9a222107-62a0-496e-a8db-f734591569e0,3.8.0 (2811),iOS 26.5.2,26,iPhone 17 Pro Max,"Jul 23, 2026, 1:20:04 PM",SelfServiceRuntimeError,30802,hu.microsec.eszigno.mobile.SelfServiceRuntimeError,videoId,eSzigno.SelfServicePresenter.Status.finished,PROD Release,downloaded,"FaceKom session did enter background at step: 2-factor, isVideoStep: false.",,,,,,,,,,,,,
https://console.firebase.google.com/project/webszigno-dev-1532086359290/crashlytics/app/ios:hu.microsec.eszigno.mobile/issues/1782c2128a0148281dace39bf8664159?time=90d&versions=3.8.0+%282811%29&types=error&sessionEventKey=3862a3eb9db844beb9668dc4aae94780_2244126869731505099,1782c2128a0148281dace39bf8664159,3862a3eb9db844beb9668dc4aae94780_2244126869731505099,,3862a3eb9db844beb9668dc4aae94780,,2244126869731505099,407c0073-b899-41b3-a1b3-e5bfa306128d,,https://videoid-mobile.e-szigno.hu/identification/407c0073-b899-41b3-a1b3-e5bfa306128d,3.8.0 (2811),iOS 26.5.2,26,iPhone 13 Pro,"Jul 23, 2026, 1:18:23 PM",SelfServiceRuntimeError,30803,hu.microsec.eszigno.mobile.SelfServiceRuntimeError,videoId,eSzigno.SelfServicePresenter.Status.finished,PROD Release,downloaded,Facekom finished with state: finished,,,,,,,,,,,,,
https://console.firebase.google.com/project/webszigno-dev-1532086359290/crashlytics/app/ios:hu.microsec.eszigno.mobile/issues/1782c2128a0148281dace39bf8664159?time=90d&versions=3.8.0+%282811%29&types=error&sessionEventKey=3862a3eb9db844beb9668dc4aae94780_2244126796717061066,1782c2128a0148281dace39bf8664159,3862a3eb9db844beb9668dc4aae94780_2244126796717061066,,3862a3eb9db844beb9668dc4aae94780,,2244126796717061066,407c0073-b899-41b3-a1b3-e5bfa306128d,,https://videoid-mobile.e-szigno.hu/identification/407c0073-b899-41b3-a1b3-e5bfa306128d,3.8.0 (2811),iOS 26.5.2,26,iPhone 13 Pro,"Jul 23, 2026, 1:18:06 PM",SelfServiceRuntimeError,30802,hu.microsec.eszigno.mobile.SelfServiceRuntimeError,videoId,eSzigno.SelfServicePresenter.Status.finished,PROD Release,downloaded,"FaceKom session did enter background at step: 2-factor, isVideoStep: false.",,,,,,,,,,,,,
https://console.firebase.google.com/project/webszigno-dev-1532086359290/crashlytics/app/ios:hu.microsec.eszigno.mobile/issues/1782c2128a0148281dace39bf8664159?time=90d&versions=3.8.0+%282811%29&types=error&sessionEventKey=f43dd20b49cf41feabb2799ad82755d0_2244125972248031092,1782c2128a0148281dace39bf8664159,f43dd20b49cf41feabb2799ad82755d0_2244125972248031092,,f43dd20b49cf41feabb2799ad82755d0,,2244125972248031092,c0165baf-72ad-4c39-a331-58a644fdfb1f,,https://videoid-mobile.e-szigno.hu/identification/c0165baf-72ad-4c39-a331-58a644fdfb1f,3.8.0 (2811),iOS 26.5.0,26,iPhone 17 Pro,"Jul 23, 2026, 1:14:54 PM",SelfServiceRuntimeError,30803,hu.microsec.eszigno.mobile.SelfServiceRuntimeError,videoId,eSzigno.SelfServicePresenter.Status.finished,PROD Release,downloaded,Facekom finished with state: finished,,,,,,,,,,,,,
https://console.firebase.google.com/project/webszigno-dev-1532086359290/crashlytics/app/ios:hu.microsec.eszigno.mobile/issues/1782c2128a0148281dace39bf8664159?time=90d&versions=3.8.0+%282811%29&types=error&sessionEventKey=88446195537d40f8a317338fbe8380fd_2244124688401797347,1782c2128a0148281dace39bf8664159,88446195537d40f8a317338fbe8380fd_2244124688401797347,,88446195537d40f8a317338fbe8380fd,,2244124688401797347,9a222107-62a0-496e-a8db-f734591569e0,,https://videoid-mobile.e-szigno.hu/identification/9a222107-62a0-496e-a8db-f734591569e0,3.8.0 (2811),iOS 26.5.2,26,iPhone 17 Pro Max,"Jul 23, 2026, 1:09:55 PM",SelfServiceRuntimeError,30803,hu.microsec.eszigno.mobile.SelfServiceRuntimeError,videoId,eSzigno.SelfServicePresenter.Status.finished,PROD Release,downloaded,"Facekom finished with state: aborted(message: Optional(""Ismeretlen hiba történt!""))",,,,,,,,,,,,,
https://console.firebase.google.com/project/webszigno-dev-1532086359290/crashlytics/app/ios:hu.microsec.eszigno.mobile/issues/1782c2128a0148281dace39bf8664159?time=90d&versions=3.8.0+%282811%29&types=error&sessionEventKey=88446195537d40f8a317338fbe8380fd_2244124684106830049,1782c2128a0148281dace39bf8664159,88446195537d40f8a317338fbe8380fd_2244124684106830049,,88446195537d40f8a317338fbe8380fd,,2244124684106830049,9a222107-62a0-496e-a8db-f734591569e0,,https://videoid-mobile.e-szigno.hu/identification/9a222107-62a0-496e-a8db-f734591569e0,3.8.0 (2811),iOS 26.5.2,26,iPhone 17 Pro Max,"Jul 23, 2026, 1:09:54 PM",SelfServiceRuntimeError,30802,hu.microsec.eszigno.mobile.SelfServiceRuntimeError,videoId,eSzigno.SelfServicePresenter.Status.finished,PROD Release,downloaded,"FaceKom session did enter background at step: customer-portrait, isVideoStep: true.",,,,,,,,,,,,,
https://console.firebase.google.com/project/webszigno-dev-1532086359290/crashlytics/app/ios:hu.microsec.eszigno.mobile/issues/1782c2128a0148281dace39bf8664159?time=90d&versions=3.8.0+%282811%29&types=error&sessionEventKey=fdbec19706ed4a2abf39c9f9d207403a_2244123421161656005,1782c2128a0148281dace39bf8664159,fdbec19706ed4a2abf39c9f9d207403a_2244123421161656005,,fdbec19706ed4a2abf39c9f9d207403a,,2244123421161656005,c78e41e6-f957-4184-a092-8edb160e3ca0,,https://videoid-mobile.e-szigno.hu/identification/c78e41e6-f957-4184-a092-8edb160e3ca0,3.8.0 (2811),iOS 26.5.1,26,iPhone 17 Pro Max,"Jul 23, 2026, 1:05:00 PM",SelfServiceRuntimeError,30803,hu.microsec.eszigno.mobile.SelfServiceRuntimeError,videoId,eSzigno.SelfServicePresenter.Status.finished,PROD Release,downloaded,Facekom finished with state: finished,,,,,,,,,,,,,
https://console.firebase.google.com/project/webszigno-dev-1532086359290/crashlytics/app/ios:hu.microsec.eszigno.mobile/issues/1782c2128a0148281dace39bf8664159?time=90d&versions=3.8.0+%282811%29&types=error&sessionEventKey=fdbec19706ed4a2abf39c9f9d207403a_2244123365327081156,1782c2128a0148281dace39bf8664159,fdbec19706ed4a2abf39c9f9d207403a_2244123365327081156,,fdbec19706ed4a2abf39c9f9d207403a,,2244123365327081156,c78e41e6-f957-4184-a092-8edb160e3ca0,,https://videoid-mobile.e-szigno.hu/identification/c78e41e6-f957-4184-a092-8edb160e3ca0,3.8.0 (2811),iOS 26.5.1,26,iPhone 17 Pro Max,"Jul 23, 2026, 1:04:47 PM",SelfServiceRuntimeError,30802,hu.microsec.eszigno.mobile.SelfServiceRuntimeError,videoId,eSzigno.SelfServicePresenter.Status.finished,PROD Release,downloaded,"FaceKom session did enter background at step: 2-factor, isVideoStep: false.",,,,,,,,,,,,,
https://console.firebase.google.com/project/webszigno-dev-1532086359290/crashlytics/app/ios:hu.microsec.eszigno.mobile/issues/1782c2128a0148281dace39bf8664159?time=90d&versions=3.8.0+%282811%29&types=error&sessionEventKey=f945f94b165d4636ad2813c5247ef788_2244113394850370785,1782c2128a0148281dace39bf8664159,f945f94b165d4636ad2813c5247ef788_2244113394850370785,,f945f94b165d4636ad2813c5247ef788,,2244113394850370785,ba7e2274-d2d3-4d7d-90f4-45c6bbd78b59,-1784729770,https://videoid-mobile.e-szigno.hu/identification/ba7e2274-d2d3-4d7d-90f4-45c6bbd78b59-1784729770,3.8.0 (2811),iOS 26.5.2,26,iPhone 15 Pro,"Jul 23, 2026, 12:26:06 PM",SelfServiceRuntimeError,30803,hu.microsec.eszigno.mobile.SelfServiceRuntimeError,Logged out videoId,eSzigno.SelfServicePresenter.Status.finished,PROD Release,downloaded,Facekom finished with state: finished,,,,,,,,,,,,,
https://console.firebase.google.com/project/webszigno-dev-1532086359290/crashlytics/app/ios:hu.microsec.eszigno.mobile/issues/1782c2128a0148281dace39bf8664159?time=90d&versions=3.8.0+%282811%29&types=error&sessionEventKey=ce317444c48a4b98b14673d861aaa391_2244107579979799927,1782c2128a0148281dace39bf8664159,ce317444c48a4b98b14673d861aaa391_2244107579979799927,,ce317444c48a4b98b14673d861aaa391,,2244107579979799927,7dd41c9d-c3b3-4847-8b66-fe4167ba15a6,,https://videoid-mobile.e-szigno.hu/identification/7dd41c9d-c3b3-4847-8b66-fe4167ba15a6,3.8.0 (2811),iOS 26.5.2,26,iPhone 16 Pro,"Jul 23, 2026, 12:03:32 PM",SelfServiceRuntimeError,30803,hu.microsec.eszigno.mobile.SelfServiceRuntimeError,videoId,eSzigno.SelfServicePresenter.Status.finished,PROD Release,downloaded,Facekom finished with state: finished,,,,,,,,,,,,,
,1554cddf903511ee1651c3806c818d82,,,,,,,,not available,- - -,- - -,,- - -,- - -,FaceKomError,,,,,,not_available,,,,,,,,,,,,,,
,fc90ac57101d1258a32120e65642f194,,,,,,,,not available,- - -,- - -,,- - -,- - -,stopAndClear,,,,,,not_available,,,,,,,,,,,,,,
https://console.firebase.google.com/project/webszigno-dev-1532086359290/crashlytics/app/ios:hu.microsec.eszigno.mobile/issues/1554cddf903511ee1651c3806c818d82?time=90d&versions=3.8.0+%282811%29&types=error&sessionEventKey=8f6d86053d61428383e5239a18c0f93c_2245591264646569539,1554cddf903511ee1651c3806c818d82,8f6d86053d61428383e5239a18c0f93c_2245591264646569539,,8f6d86053d61428383e5239a18c0f93c,,2245591264646569539,,,not available,3.8.0 (2811),iOS 26.5.2,26,iPhone 17 Pro,"Jul 27, 2026, 12:00:59 PM",FaceKomError,46,FaceKomSDK.FaceKomError,Logged out videoId,eSzigno.SelfServicePresenter.Status.finished,PROD Release,downloaded,,,,,,,,,,,,,,
https://console.firebase.google.com/project/webszigno-dev-1532086359290/crashlytics/app/ios:hu.microsec.eszigno.mobile/issues/fc90ac57101d1258a32120e65642f194?time=90d&versions=3.8.0+%282811%29&types=error&sessionEventKey=42e2cb9c1cb2448abc5af726431e9dee_2245741935819794387,fc90ac57101d1258a32120e65642f194,42e2cb9c1cb2448abc5af726431e9dee_2245741935819794387,,42e2cb9c1cb2448abc5af726431e9dee,,2245741935819794387,,,not available,3.8.0 (2811),iOS 26.5.2,26,iPhone 17 Pro,"Jul 27, 2026, 9:45:40 PM",stopAndClear,0,FaceKom stopAndClear,videoId,eSzigno.SelfServicePresenter.Status.finished,PROD Release,downloaded,,,,,,,,,,,,,,
https://console.firebase.google.com/project/webszigno-dev-1532086359290/crashlytics/app/ios:hu.microsec.eszigno.mobile/issues/fc90ac57101d1258a32120e65642f194?time=90d&versions=3.8.0+%282811%29&types=error&sessionEventKey=d6ed04ee053c41768282853e7cf11186_2245659899069204951,fc90ac57101d1258a32120e65642f194,d6ed04ee053c41768282853e7cf11186_2245659899069204951,,d6ed04ee053c41768282853e7cf11186,,2245659899069204951,465683bb-5907-4491-b64f-f8c5a830a41c,-1784529273,https://videoid-mobile.e-szigno.hu/identification/465683bb-5907-4491-b64f-f8c5a830a41c-1784529273,3.8.0 (2811),iOS 26.5.2,26,iPhone 16e,"Jul 27, 2026, 4:27:19 PM",stopAndClear,0,FaceKom stopAndClear,videoId,eSzigno.SelfServicePresenter.Status.aborted,PROD Release,downloaded,,,,,,,,,,,,,,
https://console.firebase.google.com/project/webszigno-dev-1532086359290/crashlytics/app/ios:hu.microsec.eszigno.mobile/issues/fc90ac57101d1258a32120e65642f194?time=90d&versions=3.8.0+%282811%29&types=error&sessionEventKey=52470748376b4b659762e9373db3c5c5_2245558612138378485,fc90ac57101d1258a32120e65642f194,52470748376b4b659762e9373db3c5c5_2245558612138378485,,52470748376b4b659762e9373db3c5c5,,2245558612138378485,4f4cdd58-38d6-467e-b7e0-1569e16f7985,,https://videoid-mobile.e-szigno.hu/identification/4f4cdd58-38d6-467e-b7e0-1569e16f7985,3.8.0 (2811),iPadOS 17.7.11,17,"iPad Pro (12.9-inch, 2nd generation)","Jul 27, 2026, 9:54:17 AM",stopAndClear,0,FaceKom stopAndClear,videoId,eSzigno.SelfServicePresenter.Status.aborted,PROD Release,downloaded,,,,,,,,,,,,,,
https://console.firebase.google.com/project/webszigno-dev-1532086359290/crashlytics/app/ios:hu.microsec.eszigno.mobile/issues/fc90ac57101d1258a32120e65642f194?time=90d&versions=3.8.0+%282811%29&types=error&sessionEventKey=fac4a01c03ae4f2ca1ba1b35377dd78f_2244468842401162310,fc90ac57101d1258a32120e65642f194,fac4a01c03ae4f2ca1ba1b35377dd78f_2244468842401162310,,fac4a01c03ae4f2ca1ba1b35377dd78f,,2244468842401162310,90c09ea2-671d-4932-ac98-6789e24c6d7c,,https://videoid-mobile.e-szigno.hu/identification/90c09ea2-671d-4932-ac98-6789e24c6d7c,3.8.0 (2811),iOS 26.5.2,26,iPhone 17 Pro,"Jul 24, 2026, 11:25:25 AM",stopAndClear,0,FaceKom stopAndClear,videoId,eSzigno.SelfServicePresenter.Status.finished,PROD Release,downloaded,,,,,,,,,,,,,,
https://console.firebase.google.com/project/webszigno-dev-1532086359290/crashlytics/app/ios:hu.microsec.eszigno.mobile/issues/fc90ac57101d1258a32120e65642f194?time=90d&versions=3.8.0+%282811%29&types=error&sessionEventKey=88446195537d40f8a317338fbe8380fd_2244124688401797346,fc90ac57101d1258a32120e65642f194,88446195537d40f8a317338fbe8380fd_2244124688401797346,,88446195537d40f8a317338fbe8380fd,,2244124688401797346,9a222107-62a0-496e-a8db-f734591569e0,,https://videoid-mobile.e-szigno.hu/identification/9a222107-62a0-496e-a8db-f734591569e0,3.8.0 (2811),iOS 26.5.2,26,iPhone 17 Pro Max,"Jul 23, 2026, 1:09:55 PM",stopAndClear,0,FaceKom stopAndClear,videoId,eSzigno.SelfServicePresenter.Status.finished,PROD Release,downloaded,,,,,,,,,,,,,,
https://console.firebase.google.com/project/webszigno-dev-1532086359290/crashlytics/app/ios:hu.microsec.eszigno.mobile/issues/66ab9689c1addf4cdac8881ddf52eff2?time=90d&versions=3.8.0+%282811%29&types=error&sessionEventKey=dd3e5009c8b74895aa77adb5f96886c4_2245988490309932039,66ab9689c1addf4cdac8881ddf52eff2,dd3e5009c8b74895aa77adb5f96886c4_2245988490309932039,,dd3e5009c8b74895aa77adb5f96886c4,,2245988490309932039,23c6f0dc-97e4-464e-91cf-592971c4b673,-1784874342,https://videoid-mobile.e-szigno.hu/identification/23c6f0dc-97e4-464e-91cf-592971c4b673-1784874342,3.8.0 (2811),iOS 26.5.0,26,iPhone 15 Pro,"Jul 28, 2026, 1:42:25 PM",handleFlow,0,FaceKom handleFlow,Logged out videoId,eSzigno.SelfServicePresenter.Status.finished,PROD Release,downloaded,,,,,,,,,,,,,,
https://console.firebase.google.com/project/webszigno-dev-1532086359290/crashlytics/app/ios:hu.microsec.eszigno.mobile/issues/66ab9689c1addf4cdac8881ddf52eff2?time=90d&versions=3.8.0+%282811%29&types=error&sessionEventKey=4a07e9aa86ff4e9180d3674a52deb26d_2245963217165289049,66ab9689c1addf4cdac8881ddf52eff2,4a07e9aa86ff4e9180d3674a52deb26d_2245963217165289049,,4a07e9aa86ff4e9180d3674a52deb26d,,2245963217165289049,57d4cfc9-a731-413f-80f3-6f2806b029e4,,https://videoid-mobile.e-szigno.hu/identification/57d4cfc9-a731-413f-80f3-6f2806b029e4,3.8.0 (2811),iOS 26.5.2,26,iPhone 14,"Jul 28, 2026, 12:04:21 PM",handleFlow,0,FaceKom handleFlow,videoId,eSzigno.SelfServicePresenter.Status.finished,PROD Release,downloaded,,,,,,,,,,,,,,
https://console.firebase.google.com/project/webszigno-dev-1532086359290/crashlytics/app/ios:hu.microsec.eszigno.mobile/issues/66ab9689c1addf4cdac8881ddf52eff2?time=90d&versions=3.8.0+%282811%29&types=error&sessionEventKey=0c83e5490a3b402bb44ab6ae62f59fc4_2245960123420784612,66ab9689c1addf4cdac8881ddf52eff2,0c83e5490a3b402bb44ab6ae62f59fc4_2245960123420784612,,0c83e5490a3b402bb44ab6ae62f59fc4,,2245960123420784612,921097b5-4053-411b-ac63-334687bd183b,,https://videoid-mobile.e-szigno.hu/identification/921097b5-4053-411b-ac63-334687bd183b,3.8.0 (2811),iOS 26.5.2,26,iPhone 17 Pro,"Jul 28, 2026, 11:52:21 AM",handleFlow,0,FaceKom handleFlow,videoId,eSzigno.SelfServicePresenter.Status.finished,PROD Release,downloaded,,,,,,,,,,,,,,
https://console.firebase.google.com/project/webszigno-dev-1532086359290/crashlytics/app/ios:hu.microsec.eszigno.mobile/issues/66ab9689c1addf4cdac8881ddf52eff2?time=90d&versions=3.8.0+%282811%29&types=error&sessionEventKey=0c83e5490a3b402bb44ab6ae62f59fc4_2245959242952488930,66ab9689c1addf4cdac8881ddf52eff2,0c83e5490a3b402bb44ab6ae62f59fc4_2245959242952488930,,0c83e5490a3b402bb44ab6ae62f59fc4,,2245959242952488930,921097b5-4053-411b-ac63-334687bd183b,,https://videoid-mobile.e-szigno.hu/identification/921097b5-4053-411b-ac63-334687bd183b,3.8.0 (2811),iOS 26.5.2,26,iPhone 17 Pro,"Jul 28, 2026, 11:48:56 AM",handleFlow,0,FaceKom handleFlow,videoId,eSzigno.SelfServicePresenter.Status.finished,PROD Release,downloaded,,,,,,,,,,,,,,
https://console.firebase.google.com/project/webszigno-dev-1532086359290/crashlytics/app/ios:hu.microsec.eszigno.mobile/issues/66ab9689c1addf4cdac8881ddf52eff2?time=90d&versions=3.8.0+%282811%29&types=error&sessionEventKey=6875d11ba5874c459ade13beb471255c_2245958962155857223,66ab9689c1addf4cdac8881ddf52eff2,6875d11ba5874c459ade13beb471255c_2245958962155857223,,6875d11ba5874c459ade13beb471255c,,2245958962155857223,ab04b03f-604a-49c6-983d-764c73cd8290,-1785230734,https://videoid-mobile.e-szigno.hu/identification/ab04b03f-604a-49c6-983d-764c73cd8290-1785230734,3.8.0 (2811),iOS 26.5.2,26,iPhone 16 Pro Max,"Jul 28, 2026, 11:47:50 AM",handleFlow,0,FaceKom handleFlow,videoId,eSzigno.SelfServicePresenter.Status.finished,PROD Release,downloaded,,,,,,,,,,,,,,
https://console.firebase.google.com/project/webszigno-dev-1532086359290/crashlytics/app/ios:hu.microsec.eszigno.mobile/issues/66ab9689c1addf4cdac8881ddf52eff2?time=90d&versions=3.8.0+%282811%29&types=error&sessionEventKey=0c83e5490a3b402bb44ab6ae62f59fc4_2245956081856559072,66ab9689c1addf4cdac8881ddf52eff2,0c83e5490a3b402bb44ab6ae62f59fc4_2245956081856559072,,0c83e5490a3b402bb44ab6ae62f59fc4,,2245956081856559072,921097b5-4053-411b-ac63-334687bd183b,,https://videoid-mobile.e-szigno.hu/identification/921097b5-4053-411b-ac63-334687bd183b,3.8.0 (2811),iOS 26.5.2,26,iPhone 17 Pro,"Jul 28, 2026, 11:36:40 AM",handleFlow,0,FaceKom handleFlow,videoId,eSzigno.SelfServicePresenter.Status.finished,PROD Release,downloaded,,,,,,,,,,,,,,
https://console.firebase.google.com/project/webszigno-dev-1532086359290/crashlytics/app/ios:hu.microsec.eszigno.mobile/issues/66ab9689c1addf4cdac8881ddf52eff2?time=90d&versions=3.8.0+%282811%29&types=error&sessionEventKey=57bc91bab5954900a31c34be074122d9_2245950871111423729,66ab9689c1addf4cdac8881ddf52eff2,57bc91bab5954900a31c34be074122d9_2245950871111423729,,57bc91bab5954900a31c34be074122d9,,2245950871111423729,ab04b03f-604a-49c6-983d-764c73cd8290,,https://videoid-mobile.e-szigno.hu/identification/ab04b03f-604a-49c6-983d-764c73cd8290,3.8.0 (2811),iOS 26.5.2,26,iPhone 16 Pro Max,"Jul 28, 2026, 11:16:26 AM",handleFlow,0,FaceKom handleFlow,videoId,eSzigno.SelfServicePresenter.Status.finished,PROD Release,downloaded,,,,,,,,,,,,,,
https://console.firebase.google.com/project/webszigno-dev-1532086359290/crashlytics/app/ios:hu.microsec.eszigno.mobile/issues/66ab9689c1addf4cdac8881ddf52eff2?time=90d&versions=3.8.0+%282811%29&types=error&sessionEventKey=00648ef24ebf4a46b6b9d4fb722202db_2245937932432811434,66ab9689c1addf4cdac8881ddf52eff2,00648ef24ebf4a46b6b9d4fb722202db_2245937932432811434,,00648ef24ebf4a46b6b9d4fb722202db,,2245937932432811434,a4665ca8-5e59-47d1-b395-033ae4d916bf,,https://videoid-mobile.e-szigno.hu/identification/a4665ca8-5e59-47d1-b395-033ae4d916bf,3.8.0 (2811),iOS 26.5.2,26,iPhone 12 Mini,"Jul 28, 2026, 10:26:14 AM",handleFlow,0,FaceKom handleFlow,videoId,eSzigno.SelfServicePresenter.Status.finished,PROD Release,not_available,,,,,,,,,,,,,,
https://console.firebase.google.com/project/webszigno-dev-1532086359290/crashlytics/app/ios:hu.microsec.eszigno.mobile/issues/66ab9689c1addf4cdac8881ddf52eff2?time=90d&versions=3.8.0+%282811%29&types=error&sessionEventKey=210ae23c52fd4cfe9f5979a00df1394a_2245930311537920186,66ab9689c1addf4cdac8881ddf52eff2,210ae23c52fd4cfe9f5979a00df1394a_2245930311537920186,,210ae23c52fd4cfe9f5979a00df1394a,,2245930311537920186,16b76810-f2af-4862-8c1b-1cae915f99b0,,https://videoid-mobile.e-szigno.hu/identification/16b76810-f2af-4862-8c1b-1cae915f99b0,3.8.0 (2811),iOS 26.5.2,26,iPhone 13,"Jul 28, 2026, 9:56:40 AM",handleFlow,0,FaceKom handleFlow,videoId,eSzigno.SelfServicePresenter.Status.finished,PROD Release,downloaded,,,,,,,,,,,,,,
https://console.firebase.google.com/project/webszigno-dev-1532086359290/crashlytics/app/ios:hu.microsec.eszigno.mobile/issues/66ab9689c1addf4cdac8881ddf52eff2?time=90d&versions=3.8.0+%282811%29&types=error&sessionEventKey=1a5addabe4764094bc7569484083d7dd_2245904369084711761,66ab9689c1addf4cdac8881ddf52eff2,1a5addabe4764094bc7569484083d7dd_2245904369084711761,,1a5addabe4764094bc7569484083d7dd,,2245904369084711761,e5b5af94-a79e-482f-95a0-c5bbb4b68699,-1785144846,https://videoid-mobile.e-szigno.hu/identification/e5b5af94-a79e-482f-95a0-c5bbb4b68699-1785144846,3.8.0 (2811),iOS 26.5.2,26,iPhone 13,"Jul 28, 2026, 8:15:59 AM",handleFlow,0,FaceKom handleFlow,videoId,eSzigno.SelfServicePresenter.Status.finished,PROD Release,downloaded,,,,,,,,,,,,,,
https://console.firebase.google.com/project/webszigno-dev-1532086359290/crashlytics/app/ios:hu.microsec.eszigno.mobile/issues/66ab9689c1addf4cdac8881ddf52eff2?time=90d&versions=3.8.0+%282811%29&types=error&sessionEventKey=42e2cb9c1cb2448abc5af726431e9dee_2245742915072337879,66ab9689c1addf4cdac8881ddf52eff2,42e2cb9c1cb2448abc5af726431e9dee_2245742915072337879,,42e2cb9c1cb2448abc5af726431e9dee,,2245742915072337879,36fe1ca5-f562-4a56-96ba-ed50b3804e9b,,https://videoid-mobile.e-szigno.hu/identification/36fe1ca5-f562-4a56-96ba-ed50b3804e9b,3.8.0 (2811),iOS 26.5.2,26,iPhone 17 Pro,"Jul 27, 2026, 9:49:28 PM",handleFlow,0,FaceKom handleFlow,videoId,eSzigno.SelfServicePresenter.Status.finished,PROD Release,downloaded,,,,,,,,,,,,,,
https://console.firebase.google.com/project/webszigno-dev-1532086359290/crashlytics/app/ios:hu.microsec.eszigno.mobile/issues/66ab9689c1addf4cdac8881ddf52eff2?time=90d&versions=3.8.0+%282811%29&types=error&sessionEventKey=4636254e25db4fbc8223927eaba350d1_2245671034985931047,66ab9689c1addf4cdac8881ddf52eff2,4636254e25db4fbc8223927eaba350d1_2245671034985931047,,4636254e25db4fbc8223927eaba350d1,,2245671034985931047,1308fc2c-3735-439a-b648-b8fc46be5f24,-1785139941,https://videoid-mobile.e-szigno.hu/identification/1308fc2c-3735-439a-b648-b8fc46be5f24-1785139941,3.8.0 (2811),iOS 26.5.2,26,iPhone 13,"Jul 27, 2026, 5:10:32 PM",handleFlow,0,FaceKom handleFlow,videoId,eSzigno.SelfServicePresenter.Status.finished,PROD Release,downloaded,,,,,,,,,,,,,,
https://console.firebase.google.com/project/webszigno-dev-1532086359290/crashlytics/app/ios:hu.microsec.eszigno.mobile/issues/66ab9689c1addf4cdac8881ddf52eff2?time=90d&versions=3.8.0+%282811%29&types=error&sessionEventKey=f694e38953d74ec49391f9aac070854f_2245643456706946122,66ab9689c1addf4cdac8881ddf52eff2,f694e38953d74ec49391f9aac070854f_2245643456706946122,,f694e38953d74ec49391f9aac070854f,,2245643456706946122,f668f91c-5078-48c0-a95d-9f544e971a26,,https://videoid-mobile.e-szigno.hu/identification/f668f91c-5078-48c0-a95d-9f544e971a26,3.8.0 (2811),iOS 26.5.2,26,iPhone 12,"Jul 27, 2026, 3:23:31 PM",handleFlow,0,FaceKom handleFlow,videoId,eSzigno.SelfServicePresenter.Status.finished,PROD Release,downloaded,,,,,,,,,,,,,,
https://console.firebase.google.com/project/webszigno-dev-1532086359290/crashlytics/app/ios:hu.microsec.eszigno.mobile/issues/66ab9689c1addf4cdac8881ddf52eff2?time=90d&versions=3.8.0+%282811%29&types=error&sessionEventKey=15ab512326fc4967ad0ff1646c5ba62d_2245640151141108171,66ab9689c1addf4cdac8881ddf52eff2,15ab512326fc4967ad0ff1646c5ba62d_2245640151141108171,,15ab512326fc4967ad0ff1646c5ba62d,,2245640151141108171,d68afc5c-1630-46cf-b8f1-eb5b207827ca,,https://videoid-mobile.e-szigno.hu/identification/d68afc5c-1630-46cf-b8f1-eb5b207827ca,3.8.0 (2811),iOS 26.5.2,26,iPhone 17,"Jul 27, 2026, 3:10:41 PM",handleFlow,0,FaceKom handleFlow,videoId,eSzigno.SelfServicePresenter.Status.finished,PROD Release,downloaded,,,,,,,,,,,,,,
https://console.firebase.google.com/project/webszigno-dev-1532086359290/crashlytics/app/ios:hu.microsec.eszigno.mobile/issues/66ab9689c1addf4cdac8881ddf52eff2?time=90d&versions=3.8.0+%282811%29&types=error&sessionEventKey=3117ca45eb244643ac8df3af4c0b8504_2245633889386128803,66ab9689c1addf4cdac8881ddf52eff2,3117ca45eb244643ac8df3af4c0b8504_2245633889386128803,,3117ca45eb244643ac8df3af4c0b8504,,2245633889386128803,632ec310-e152-4fa8-b063-b9e06cead735,,https://videoid-mobile.e-szigno.hu/identification/632ec310-e152-4fa8-b063-b9e06cead735,3.8.0 (2811),iOS 26.5.2,26,iPhone 15,"Jul 27, 2026, 2:46:23 PM",handleFlow,0,FaceKom handleFlow,videoId,eSzigno.SelfServicePresenter.Status.finished,PROD Release,not_available,,,,,,,,,,,,,,
https://console.firebase.google.com/project/webszigno-dev-1532086359290/crashlytics/app/ios:hu.microsec.eszigno.mobile/issues/66ab9689c1addf4cdac8881ddf52eff2?time=90d&versions=3.8.0+%282811%29&types=error&sessionEventKey=3a899324f1e24ac1a396d1895bb56b05_2245633161288562015,66ab9689c1addf4cdac8881ddf52eff2,3a899324f1e24ac1a396d1895bb56b05_2245633161288562015,,3a899324f1e24ac1a396d1895bb56b05,,2245633161288562015,f0c67f60-5a25-4823-b07b-2ee79237dc3a,,https://videoid-mobile.e-szigno.hu/identification/f0c67f60-5a25-4823-b07b-2ee79237dc3a,3.8.0 (2811),iOS 26.5.1,26,iPhone 17 Pro Max,"Jul 27, 2026, 2:43:34 PM",handleFlow,0,FaceKom handleFlow,videoId,eSzigno.SelfServicePresenter.Status.aborted,PROD Release,downloaded,,,,,,,,,,,,,,
https://console.firebase.google.com/project/webszigno-dev-1532086359290/crashlytics/app/ios:hu.microsec.eszigno.mobile/issues/66ab9689c1addf4cdac8881ddf52eff2?time=90d&versions=3.8.0+%282811%29&types=error&sessionEventKey=3a899324f1e24ac1a396d1895bb56b05_2245632117611509081,66ab9689c1addf4cdac8881ddf52eff2,3a899324f1e24ac1a396d1895bb56b05_2245632117611509081,,3a899324f1e24ac1a396d1895bb56b05,,2245632117611509081,f0c67f60-5a25-4823-b07b-2ee79237dc3a,,https://videoid-mobile.e-szigno.hu/identification/f0c67f60-5a25-4823-b07b-2ee79237dc3a,3.8.0 (2811),iOS 26.5.1,26,iPhone 17 Pro Max,"Jul 27, 2026, 2:39:31 PM",handleFlow,0,FaceKom handleFlow,videoId,eSzigno.SelfServicePresenter.Status.aborted,PROD Release,downloaded,,,,,,,,,,,,,,
https://console.firebase.google.com/project/webszigno-dev-1532086359290/crashlytics/app/ios:hu.microsec.eszigno.mobile/issues/66ab9689c1addf4cdac8881ddf52eff2?time=90d&versions=3.8.0+%282811%29&types=error&sessionEventKey=f93e4bfff17d491d97827b36fa8a183b_2245629975201465307,66ab9689c1addf4cdac8881ddf52eff2,f93e4bfff17d491d97827b36fa8a183b_2245629975201465307,,f93e4bfff17d491d97827b36fa8a183b,,2245629975201465307,d2298768-4fbb-4f44-b060-e6490f964186,,https://videoid-mobile.e-szigno.hu/identification/d2298768-4fbb-4f44-b060-e6490f964186,3.8.0 (2811),iOS 26.5.2,26,iPhone 15 Pro,"Jul 27, 2026, 2:31:12 PM",handleFlow,0,FaceKom handleFlow,videoId,eSzigno.SelfServicePresenter.Status.finished,PROD Release,not_available,,,,,,,,,,,,,,
https://console.firebase.google.com/project/webszigno-dev-1532086359290/crashlytics/app/ios:hu.microsec.eszigno.mobile/issues/66ab9689c1addf4cdac8881ddf52eff2?time=90d&versions=3.8.0+%282811%29&types=error&sessionEventKey=3064c66bc8414bbba6128fa84872a325_2245629578428305493,66ab9689c1addf4cdac8881ddf52eff2,3064c66bc8414bbba6128fa84872a325_2245629578428305493,,3064c66bc8414bbba6128fa84872a325,,2245629578428305493,6d69772a-70dc-40bd-9194-b801e6e7469a,,https://videoid-mobile.e-szigno.hu/identification/6d69772a-70dc-40bd-9194-b801e6e7469a,3.8.0 (2811),iOS 27.0.0,27,iPhone 17 Pro,"Jul 27, 2026, 2:29:40 PM",handleFlow,0,FaceKom handleFlow,Logged out videoId,eSzigno.SelfServicePresenter.Status.finished,PROD Release,downloaded,,,,,,,,,,,,,,
https://console.firebase.google.com/project/webszigno-dev-1532086359290/crashlytics/app/ios:hu.microsec.eszigno.mobile/issues/66ab9689c1addf4cdac8881ddf52eff2?time=90d&versions=3.8.0+%282811%29&types=error&sessionEventKey=b60ed0a6690148b3b2b1d16a68420584_2245621389621545181,66ab9689c1addf4cdac8881ddf52eff2,b60ed0a6690148b3b2b1d16a68420584_2245621389621545181,,b60ed0a6690148b3b2b1d16a68420584,,2245621389621545181,5c2c571d-d79d-4743-aac6-46c32cede4f5,,https://videoid-mobile.e-szigno.hu/identification/5c2c571d-d79d-4743-aac6-46c32cede4f5,3.8.0 (2811),iOS 26.5.2,26,iPhone 16 Pro Max,"Jul 27, 2026, 1:57:53 PM",handleFlow,0,FaceKom handleFlow,Logged in videoId,eSzigno.SelfServicePresenter.Status.finished,PROD Release,downloaded,,,,,,,,,,,,,,
https://console.firebase.google.com/project/webszigno-dev-1532086359290/crashlytics/app/ios:hu.microsec.eszigno.mobile/issues/66ab9689c1addf4cdac8881ddf52eff2?time=90d&versions=3.8.0+%282811%29&types=error&sessionEventKey=8f6d86053d61428383e5239a18c0f93c_2245591797222514246,66ab9689c1addf4cdac8881ddf52eff2,8f6d86053d61428383e5239a18c0f93c_2245591797222514246,,8f6d86053d61428383e5239a18c0f93c,,2245591797222514246,ccf46af7-73bf-431a-bb99-fe4dff9d9399,,https://videoid-mobile.e-szigno.hu/identification/ccf46af7-73bf-431a-bb99-fe4dff9d9399,3.8.0 (2811),iOS 26.5.2,26,iPhone 17 Pro,"Jul 27, 2026, 12:03:03 PM",handleFlow,0,FaceKom handleFlow,Logged out videoId,eSzigno.SelfServicePresenter.Status.finished,PROD Release,downloaded,,,,,,,,,,,,,,
https://console.firebase.google.com/project/webszigno-dev-1532086359290/crashlytics/app/ios:hu.microsec.eszigno.mobile/issues/66ab9689c1addf4cdac8881ddf52eff2?time=90d&versions=3.8.0+%282811%29&types=error&sessionEventKey=8f6d86053d61428383e5239a18c0f93c_2245590276804091455,66ab9689c1addf4cdac8881ddf52eff2,8f6d86053d61428383e5239a18c0f93c_2245590276804091455,,8f6d86053d61428383e5239a18c0f93c,,2245590276804091455,ccf46af7-73bf-431a-bb99-fe4dff9d9399,,https://videoid-mobile.e-szigno.hu/identification/ccf46af7-73bf-431a-bb99-fe4dff9d9399,3.8.0 (2811),iOS 26.5.2,26,iPhone 17 Pro,"Jul 27, 2026, 11:57:09 AM",handleFlow,0,FaceKom handleFlow,Logged out videoId,eSzigno.SelfServicePresenter.Status.finished,PROD Release,downloaded,,,,,,,,,,,,,,
https://console.firebase.google.com/project/webszigno-dev-1532086359290/crashlytics/app/ios:hu.microsec.eszigno.mobile/issues/66ab9689c1addf4cdac8881ddf52eff2?time=90d&versions=3.8.0+%282811%29&types=error&sessionEventKey=07f840cf39484206af18fed8e134c2c9_2245545362893289230,66ab9689c1addf4cdac8881ddf52eff2,07f840cf39484206af18fed8e134c2c9_2245545362893289230,,07f840cf39484206af18fed8e134c2c9,,2245545362893289230,8553dec0-ea10-40ca-996f-885d612deb67,,https://videoid-mobile.e-szigno.hu/identification/8553dec0-ea10-40ca-996f-885d612deb67,3.8.0 (2811),iOS 26.5.0,26,iPhone 15,"Jul 27, 2026, 9:02:52 AM",handleFlow,0,FaceKom handleFlow,Logged out videoId,eSzigno.SelfServicePresenter.Status.finished,PROD Release,downloaded,,,,,,,,,,,,,,
https://console.firebase.google.com/project/webszigno-dev-1532086359290/crashlytics/app/ios:hu.microsec.eszigno.mobile/issues/66ab9689c1addf4cdac8881ddf52eff2?time=90d&versions=3.8.0+%282811%29&types=error&sessionEventKey=857874d7616640f2aafbd8ede28444af_2245527273046765336,66ab9689c1addf4cdac8881ddf52eff2,857874d7616640f2aafbd8ede28444af_2245527273046765336,,857874d7616640f2aafbd8ede28444af,,2245527273046765336,95f0b1a6-938e-41b2-8967-1e376ac5f069,,https://videoid-mobile.e-szigno.hu/identification/95f0b1a6-938e-41b2-8967-1e376ac5f069,3.8.0 (2811),iOS 26.5.2,26,iPhone 17 Pro Max,"Jul 27, 2026, 7:52:40 AM",handleFlow,0,FaceKom handleFlow,videoId,eSzigno.SelfServicePresenter.Status.finished,PROD Release,downloaded,,,,,,,,,,,,,,
https://console.firebase.google.com/project/webszigno-dev-1532086359290/crashlytics/app/ios:hu.microsec.eszigno.mobile/issues/66ab9689c1addf4cdac8881ddf52eff2?time=90d&versions=3.8.0+%282811%29&types=error&sessionEventKey=dfdba842d8254b99b7d97a1102eae685_2245518406011705105,66ab9689c1addf4cdac8881ddf52eff2,dfdba842d8254b99b7d97a1102eae685_2245518406011705105,,dfdba842d8254b99b7d97a1102eae685,,2245518406011705105,1308fc2c-3735-439a-b648-b8fc46be5f24,-1784876536,https://videoid-mobile.e-szigno.hu/identification/1308fc2c-3735-439a-b648-b8fc46be5f24-1784876536,3.8.0 (2811),iOS 26.5.2,26,iPhone 13,"Jul 27, 2026, 7:18:15 AM",handleFlow,0,FaceKom handleFlow,Logged out videoId,eSzigno.SelfServicePresenter.Status.finished,PROD Release,downloaded,,,,,,,,,,,,,,
https://console.firebase.google.com/project/webszigno-dev-1532086359290/crashlytics/app/ios:hu.microsec.eszigno.mobile/issues/66ab9689c1addf4cdac8881ddf52eff2?time=90d&versions=3.8.0+%282811%29&types=error&sessionEventKey=674f5e1c5640405890a252356de45dd3_2244632003495905540,66ab9689c1addf4cdac8881ddf52eff2,674f5e1c5640405890a252356de45dd3_2244632003495905540,,674f5e1c5640405890a252356de45dd3,,2244632003495905540,00f9b96e-7f8e-436e-9bab-a13a4433fd42,,https://videoid-mobile.e-szigno.hu/identification/00f9b96e-7f8e-436e-9bab-a13a4433fd42,3.8.0 (2811),iOS 26.5.2,26,iPhone 16 Pro,"Jul 24, 2026, 9:58:34 PM",handleFlow,0,FaceKom handleFlow,videoId,eSzigno.SelfServicePresenter.Status.finished,PROD Release,downloaded,,,,,,,,,,,,,,
https://console.firebase.google.com/project/webszigno-dev-1532086359290/crashlytics/app/ios:hu.microsec.eszigno.mobile/issues/66ab9689c1addf4cdac8881ddf52eff2?time=90d&versions=3.8.0+%282811%29&types=error&sessionEventKey=8b284ed8c0ae4d77a06990779d61d048_2244485078078494037,66ab9689c1addf4cdac8881ddf52eff2,8b284ed8c0ae4d77a06990779d61d048_2244485078078494037,,8b284ed8c0ae4d77a06990779d61d048,,2244485078078494037,75327745-06a0-4dc0-a3da-7e631608bf92,,https://videoid-mobile.e-szigno.hu/identification/75327745-06a0-4dc0-a3da-7e631608bf92,3.8.0 (2811),iOS 26.5.0,26,iPhone 16 Plus,"Jul 24, 2026, 12:28:25 PM",handleFlow,0,FaceKom handleFlow,Logged out videoId,eSzigno.SelfServicePresenter.Status.finished,PROD Release,not_available,,,,,,,,,,,,,,
https://console.firebase.google.com/project/webszigno-dev-1532086359290/crashlytics/app/ios:hu.microsec.eszigno.mobile/issues/66ab9689c1addf4cdac8881ddf52eff2?time=90d&versions=3.8.0+%282811%29&types=error&sessionEventKey=fac4a01c03ae4f2ca1ba1b35377dd78f_2244469628380177481,66ab9689c1addf4cdac8881ddf52eff2,fac4a01c03ae4f2ca1ba1b35377dd78f_2244469628380177481,,fac4a01c03ae4f2ca1ba1b35377dd78f,,2244469628380177481,90c09ea2-671d-4932-ac98-6789e24c6d7c,,https://videoid-mobile.e-szigno.hu/identification/90c09ea2-671d-4932-ac98-6789e24c6d7c,3.8.0 (2811),iOS 26.5.2,26,iPhone 17 Pro,"Jul 24, 2026, 11:28:28 AM",handleFlow,0,FaceKom handleFlow,videoId,eSzigno.SelfServicePresenter.Status.finished,PROD Release,downloaded,,,,,,,,,,,,,,
https://console.firebase.google.com/project/webszigno-dev-1532086359290/crashlytics/app/ios:hu.microsec.eszigno.mobile/issues/66ab9689c1addf4cdac8881ddf52eff2?time=90d&versions=3.8.0+%282811%29&types=error&sessionEventKey=88446195537d40f8a317338fbe8380fd_2244127493015441638,66ab9689c1addf4cdac8881ddf52eff2,88446195537d40f8a317338fbe8380fd_2244127493015441638,,88446195537d40f8a317338fbe8380fd,,2244127493015441638,9a222107-62a0-496e-a8db-f734591569e0,,https://videoid-mobile.e-szigno.hu/identification/9a222107-62a0-496e-a8db-f734591569e0,3.8.0 (2811),iOS 26.5.2,26,iPhone 17 Pro Max,"Jul 23, 2026, 1:20:48 PM",handleFlow,0,FaceKom handleFlow,videoId,eSzigno.SelfServicePresenter.Status.finished,PROD Release,downloaded,,,,,,,,,,,,,,
https://console.firebase.google.com/project/webszigno-dev-1532086359290/crashlytics/app/ios:hu.microsec.eszigno.mobile/issues/1782c2128a0148281dace39bf8664159?time=90d&versions=3.8.0+%282811%29&types=error&sessionEventKey=dd3e5009c8b74895aa77adb5f96886c4_2245988464540128262,1782c2128a0148281dace39bf8664159,dd3e5009c8b74895aa77adb5f96886c4_2245988464540128262,,dd3e5009c8b74895aa77adb5f96886c4,,2245988464540128262,,,not available,3.8.0 (2811),iOS 26.5.0,26,iPhone 15 Pro,"Jul 28, 2026, 1:42:19 PM",SelfServiceRuntimeError,30803,hu.microsec.eszigno.mobile.SelfServiceRuntimeError,Logged out videoId,eSzigno.SelfServicePresenter.Status.finished,PROD Release,downloaded,Facekom finished with state: finished,,,,,,,,,,,,,
https://console.firebase.google.com/project/webszigno-dev-1532086359290/crashlytics/app/ios:hu.microsec.eszigno.mobile/issues/1782c2128a0148281dace39bf8664159?time=90d&versions=3.8.0+%282811%29&types=error&sessionEventKey=dd3e5009c8b74895aa77adb5f96886c4_2245988408705553413,1782c2128a0148281dace39bf8664159,dd3e5009c8b74895aa77adb5f96886c4_2245988408705553413,,dd3e5009c8b74895aa77adb5f96886c4,,2245988408705553413,23c6f0dc-97e4-464e-91cf-592971c4b673,-1784874342,https://videoid-mobile.e-szigno.hu/identification/23c6f0dc-97e4-464e-91cf-592971c4b673-1784874342,3.8.0 (2811),iOS 26.5.0,26,iPhone 15 Pro,"Jul 28, 2026, 1:42:06 PM",SelfServiceRuntimeError,30802,hu.microsec.eszigno.mobile.SelfServiceRuntimeError,Logged out videoId,eSzigno.SelfServicePresenter.Status.finished,PROD Release,downloaded,"FaceKom session did enter background at step: 2-factor, isVideoStep: false.",,,,,,,,,,,,,
https://console.firebase.google.com/project/webszigno-dev-1532086359290/crashlytics/app/ios:hu.microsec.eszigno.mobile/issues/1782c2128a0148281dace39bf8664159?time=90d&versions=3.8.0+%282811%29&types=error&sessionEventKey=4a07e9aa86ff4e9180d3674a52deb26d_2245963182805550680,1782c2128a0148281dace39bf8664159,4a07e9aa86ff4e9180d3674a52deb26d_2245963182805550680,,4a07e9aa86ff4e9180d3674a52deb26d,,2245963182805550680,57d4cfc9-a731-413f-80f3-6f2806b029e4,,https://videoid-mobile.e-szigno.hu/identification/57d4cfc9-a731-413f-80f3-6f2806b029e4,3.8.0 (2811),iOS 26.5.2,26,iPhone 14,"Jul 28, 2026, 12:04:13 PM",SelfServiceRuntimeError,30803,hu.microsec.eszigno.mobile.SelfServiceRuntimeError,videoId,eSzigno.SelfServicePresenter.Status.finished,PROD Release,downloaded,Facekom finished with state: finished,,,,,,,,,,,,,
https://console.firebase.google.com/project/webszigno-dev-1532086359290/crashlytics/app/ios:hu.microsec.eszigno.mobile/issues/1782c2128a0148281dace39bf8664159?time=90d&versions=3.8.0+%282811%29&types=error&sessionEventKey=0c83e5490a3b402bb44ab6ae62f59fc4_2245960097650980835,1782c2128a0148281dace39bf8664159,0c83e5490a3b402bb44ab6ae62f59fc4_2245960097650980835,,0c83e5490a3b402bb44ab6ae62f59fc4,,2245960097650980835,921097b5-4053-411b-ac63-334687bd183b,,https://videoid-mobile.e-szigno.hu/identification/921097b5-4053-411b-ac63-334687bd183b,3.8.0 (2811),iOS 26.5.2,26,iPhone 17 Pro,"Jul 28, 2026, 11:52:15 AM",SelfServiceRuntimeError,30803,hu.microsec.eszigno.mobile.SelfServiceRuntimeError,videoId,eSzigno.SelfServicePresenter.Status.finished,PROD Release,downloaded,Facekom finished with state: finished,,,,,,,,,,,,,
https://console.firebase.google.com/project/webszigno-dev-1532086359290/crashlytics/app/ios:hu.microsec.eszigno.mobile/issues/1782c2128a0148281dace39bf8664159?time=90d&versions=3.8.0+%282811%29&types=error&sessionEventKey=0c83e5490a3b402bb44ab6ae62f59fc4_2245959225772619745,1782c2128a0148281dace39bf8664159,0c83e5490a3b402bb44ab6ae62f59fc4_2245959225772619745,,0c83e5490a3b402bb44ab6ae62f59fc4,,2245959225772619745,921097b5-4053-411b-ac63-334687bd183b,,https://videoid-mobile.e-szigno.hu/identification/921097b5-4053-411b-ac63-334687bd183b,3.8.0 (2811),iOS 26.5.2,26,iPhone 17 Pro,"Jul 28, 2026, 11:48:52 AM",SelfServiceRuntimeError,30803,hu.microsec.eszigno.mobile.SelfServiceRuntimeError,videoId,eSzigno.SelfServicePresenter.Status.finished,PROD Release,downloaded,"Facekom finished with state: failed(title: Optional(""Sikertelen ellenőrzés""), subtitle: Optional(""A képkészítésre rendelkezésreálló próbálkozások száma elérte a maximumot, a QR-kód leolvasásával indítsa újra a folyamatot!""), message: nil)",,,,,,,,,,,,,
https://console.firebase.google.com/project/webszigno-dev-1532086359290/crashlytics/app/ios:hu.microsec.eszigno.mobile/issues/1782c2128a0148281dace39bf8664159?time=90d&versions=3.8.0+%282811%29&types=error&sessionEventKey=6875d11ba5874c459ade13beb471255c_2245958949270955334,1782c2128a0148281dace39bf8664159,6875d11ba5874c459ade13beb471255c_2245958949270955334,,6875d11ba5874c459ade13beb471255c,,2245958949270955334,ab04b03f-604a-49c6-983d-764c73cd8290,-1785230734,https://videoid-mobile.e-szigno.hu/identification/ab04b03f-604a-49c6-983d-764c73cd8290-1785230734,3.8.0 (2811),iOS 26.5.2,26,iPhone 16 Pro Max,"Jul 28, 2026, 11:47:47 AM",SelfServiceRuntimeError,30803,hu.microsec.eszigno.mobile.SelfServiceRuntimeError,videoId,eSzigno.SelfServicePresenter.Status.finished,PROD Release,downloaded,Facekom finished with state: finished,,,,,,,,,,,,,
https://console.firebase.google.com/project/webszigno-dev-1532086359290/crashlytics/app/ios:hu.microsec.eszigno.mobile/issues/1782c2128a0148281dace39bf8664159?time=90d&versions=3.8.0+%282811%29&types=error&sessionEventKey=0c83e5490a3b402bb44ab6ae62f59fc4_2245956026021984223,1782c2128a0148281dace39bf8664159,0c83e5490a3b402bb44ab6ae62f59fc4_2245956026021984223,,0c83e5490a3b402bb44ab6ae62f59fc4,,2245956026021984223,921097b5-4053-411b-ac63-334687bd183b,,https://videoid-mobile.e-szigno.hu/identification/921097b5-4053-411b-ac63-334687bd183b,3.8.0 (2811),iOS 26.5.2,26,iPhone 17 Pro,"Jul 28, 2026, 11:36:27 AM",SelfServiceRuntimeError,30803,hu.microsec.eszigno.mobile.SelfServiceRuntimeError,videoId,eSzigno.SelfServicePresenter.Status.finished,PROD Release,downloaded,"Facekom finished with state: failed(title: Optional(""Sikertelen ellenőrzés""), subtitle: Optional(""A képkészítésre rendelkezésreálló próbálkozások száma elérte a maximumot, a QR-kód leolvasásával indítsa újra a folyamatot!""), message: nil)",,,,,,,,,,,,,
https://console.firebase.google.com/project/webszigno-dev-1532086359290/crashlytics/app/ios:hu.microsec.eszigno.mobile/issues/1782c2128a0148281dace39bf8664159?time=90d&versions=3.8.0+%282811%29&types=error&sessionEventKey=57bc91bab5954900a31c34be074122d9_2245950862521489136,1782c2128a0148281dace39bf8664159,57bc91bab5954900a31c34be074122d9_2245950862521489136,,57bc91bab5954900a31c34be074122d9,,2245950862521489136,ab04b03f-604a-49c6-983d-764c73cd8290,,https://videoid-mobile.e-szigno.hu/identification/ab04b03f-604a-49c6-983d-764c73cd8290,3.8.0 (2811),iOS 26.5.2,26,iPhone 16 Pro Max,"Jul 28, 2026, 11:16:24 AM",SelfServiceRuntimeError,30803,hu.microsec.eszigno.mobile.SelfServiceRuntimeError,videoId,eSzigno.SelfServicePresenter.Status.finished,PROD Release,downloaded,Facekom finished with state: finished,,,,,,,,,,,,,
https://console.firebase.google.com/project/webszigno-dev-1532086359290/crashlytics/app/ios:hu.microsec.eszigno.mobile/issues/1782c2128a0148281dace39bf8664159?time=90d&versions=3.8.0+%282811%29&types=error&sessionEventKey=00648ef24ebf4a46b6b9d4fb722202db_2245937923842876841,1782c2128a0148281dace39bf8664159,00648ef24ebf4a46b6b9d4fb722202db_2245937923842876841,,00648ef24ebf4a46b6b9d4fb722202db,,2245937923842876841,a4665ca8-5e59-47d1-b395-033ae4d916bf,,https://videoid-mobile.e-szigno.hu/identification/a4665ca8-5e59-47d1-b395-033ae4d916bf,3.8.0 (2811),iOS 26.5.2,26,iPhone 12 Mini,"Jul 28, 2026, 10:26:12 AM",SelfServiceRuntimeError,30803,hu.microsec.eszigno.mobile.SelfServiceRuntimeError,videoId,eSzigno.SelfServicePresenter.Status.finished,PROD Release,not_available,Facekom finished with state: finished,,,,,,,,,,,,,
https://console.firebase.google.com/project/webszigno-dev-1532086359290/crashlytics/app/ios:hu.microsec.eszigno.mobile/issues/1782c2128a0148281dace39bf8664159?time=90d&versions=3.8.0+%282811%29&types=error&sessionEventKey=210ae23c52fd4cfe9f5979a00df1394a_2245930302947985593,1782c2128a0148281dace39bf8664159,210ae23c52fd4cfe9f5979a00df1394a_2245930302947985593,,210ae23c52fd4cfe9f5979a00df1394a,,2245930302947985593,16b76810-f2af-4862-8c1b-1cae915f99b0,,https://videoid-mobile.e-szigno.hu/identification/16b76810-f2af-4862-8c1b-1cae915f99b0,3.8.0 (2811),iOS 26.5.2,26,iPhone 13,"Jul 28, 2026, 9:56:38 AM",SelfServiceRuntimeError,30803,hu.microsec.eszigno.mobile.SelfServiceRuntimeError,videoId,eSzigno.SelfServicePresenter.Status.finished,PROD Release,downloaded,Facekom finished with state: finished,,,,,,,,,,,,,
https://console.firebase.google.com/project/webszigno-dev-1532086359290/crashlytics/app/ios:hu.microsec.eszigno.mobile/issues/1782c2128a0148281dace39bf8664159?time=90d&versions=3.8.0+%282811%29&types=error&sessionEventKey=210ae23c52fd4cfe9f5979a00df1394a_2245930208458705080,1782c2128a0148281dace39bf8664159,210ae23c52fd4cfe9f5979a00df1394a_2245930208458705080,,210ae23c52fd4cfe9f5979a00df1394a,,2245930208458705080,16b76810-f2af-4862-8c1b-1cae915f99b0,,https://videoid-mobile.e-szigno.hu/identification/16b76810-f2af-4862-8c1b-1cae915f99b0,3.8.0 (2811),iOS 26.5.2,26,iPhone 13,"Jul 28, 2026, 9:56:16 AM",SelfServiceRuntimeError,30802,hu.microsec.eszigno.mobile.SelfServiceRuntimeError,videoId,eSzigno.SelfServicePresenter.Status.finished,PROD Release,downloaded,"FaceKom session did enter background at step: 2-factor, isVideoStep: false.",,,,,,,,,,,,,
https://console.firebase.google.com/project/webszigno-dev-1532086359290/crashlytics/app/ios:hu.microsec.eszigno.mobile/issues/1782c2128a0148281dace39bf8664159?time=90d&versions=3.8.0+%282811%29&types=error&sessionEventKey=1a5addabe4764094bc7569484083d7dd_2245904330430006096,1782c2128a0148281dace39bf8664159,1a5addabe4764094bc7569484083d7dd_2245904330430006096,,1a5addabe4764094bc7569484083d7dd,,2245904330430006096,e5b5af94-a79e-482f-95a0-c5bbb4b68699,-1785144846,https://videoid-mobile.e-szigno.hu/identification/e5b5af94-a79e-482f-95a0-c5bbb4b68699-1785144846,3.8.0 (2811),iOS 26.5.2,26,iPhone 13,"Jul 28, 2026, 8:15:50 AM",SelfServiceRuntimeError,30803,hu.microsec.eszigno.mobile.SelfServiceRuntimeError,videoId,eSzigno.SelfServicePresenter.Status.finished,PROD Release,downloaded,Facekom finished with state: finished,,,,,,,,,,,,,
https://console.firebase.google.com/project/webszigno-dev-1532086359290/crashlytics/app/ios:hu.microsec.eszigno.mobile/issues/1782c2128a0148281dace39bf8664159?time=90d&versions=3.8.0+%282811%29&types=error&sessionEventKey=1a5addabe4764094bc7569484083d7dd_2245904244530660175,1782c2128a0148281dace39bf8664159,1a5addabe4764094bc7569484083d7dd_2245904244530660175,,1a5addabe4764094bc7569484083d7dd,,2245904244530660175,e5b5af94-a79e-482f-95a0-c5bbb4b68699,-1785144846,https://videoid-mobile.e-szigno.hu/identification/e5b5af94-a79e-482f-95a0-c5bbb4b68699-1785144846,3.8.0 (2811),iOS 26.5.2,26,iPhone 13,"Jul 28, 2026, 8:15:30 AM",SelfServiceRuntimeError,30802,hu.microsec.eszigno.mobile.SelfServiceRuntimeError,videoId,eSzigno.SelfServicePresenter.Status.finished,PROD Release,downloaded,"FaceKom session did enter background at step: 2-factor, isVideoStep: false.",,,,,,,,,,,,,
https://console.firebase.google.com/project/webszigno-dev-1532086359290/crashlytics/app/ios:hu.microsec.eszigno.mobile/issues/1782c2128a0148281dace39bf8664159?time=90d&versions=3.8.0+%282811%29&types=error&sessionEventKey=1a5addabe4764094bc7569484083d7dd_2245904107091706702,1782c2128a0148281dace39bf8664159,1a5addabe4764094bc7569484083d7dd_2245904107091706702,,1a5addabe4764094bc7569484083d7dd,,2245904107091706702,e5b5af94-a79e-482f-95a0-c5bbb4b68699,-1785144846,https://videoid-mobile.e-szigno.hu/identification/e5b5af94-a79e-482f-95a0-c5bbb4b68699-1785144846,3.8.0 (2811),iOS 26.5.2,26,iPhone 13,"Jul 28, 2026, 8:14:58 AM",SelfServiceRuntimeError,30802,hu.microsec.eszigno.mobile.SelfServiceRuntimeError,videoId,eSzigno.SelfServicePresenter.Status.finished,PROD Release,downloaded,"FaceKom session did enter background at step: 2-factor, isVideoStep: false.",,,,,,,,,,,,,
https://console.firebase.google.com/project/webszigno-dev-1532086359290/crashlytics/app/ios:hu.microsec.eszigno.mobile/issues/1782c2128a0148281dace39bf8664159?time=90d&versions=3.8.0+%282811%29&types=error&sessionEventKey=1a5addabe4764094bc7569484083d7dd_2245903948177916749,1782c2128a0148281dace39bf8664159,1a5addabe4764094bc7569484083d7dd_2245903948177916749,,1a5addabe4764094bc7569484083d7dd,,2245903948177916749,e5b5af94-a79e-482f-95a0-c5bbb4b68699,-1785144846,https://videoid-mobile.e-szigno.hu/identification/e5b5af94-a79e-482f-95a0-c5bbb4b68699-1785144846,3.8.0 (2811),iOS 26.5.2,26,iPhone 13,"Jul 28, 2026, 8:14:21 AM",SelfServiceRuntimeError,30802,hu.microsec.eszigno.mobile.SelfServiceRuntimeError,videoId,eSzigno.SelfServicePresenter.Status.finished,PROD Release,downloaded,"FaceKom session did enter background at step: 2-factor, isVideoStep: false.",,,,,,,,,,,,,
https://console.firebase.google.com/project/webszigno-dev-1532086359290/crashlytics/app/ios:hu.microsec.eszigno.mobile/issues/1782c2128a0148281dace39bf8664159?time=90d&versions=3.8.0+%282811%29&types=error&sessionEventKey=42e2cb9c1cb2448abc5af726431e9dee_2245742829172991958,1782c2128a0148281dace39bf8664159,42e2cb9c1cb2448abc5af726431e9dee_2245742829172991958,,42e2cb9c1cb2448abc5af726431e9dee,,2245742829172991958,36fe1ca5-f562-4a56-96ba-ed50b3804e9b,,https://videoid-mobile.e-szigno.hu/identification/36fe1ca5-f562-4a56-96ba-ed50b3804e9b,3.8.0 (2811),iOS 26.5.2,26,iPhone 17 Pro,"Jul 27, 2026, 9:49:08 PM",SelfServiceRuntimeError,30803,hu.microsec.eszigno.mobile.SelfServiceRuntimeError,videoId,eSzigno.SelfServicePresenter.Status.finished,PROD Release,downloaded,Facekom finished with state: finished,,,,,,,,,,,,,
https://console.firebase.google.com/project/webszigno-dev-1532086359290/crashlytics/app/ios:hu.microsec.eszigno.mobile/issues/1782c2128a0148281dace39bf8664159?time=90d&versions=3.8.0+%282811%29&types=error&sessionEventKey=42e2cb9c1cb2448abc5af726431e9dee_2245742743273646037,1782c2128a0148281dace39bf8664159,42e2cb9c1cb2448abc5af726431e9dee_2245742743273646037,,42e2cb9c1cb2448abc5af726431e9dee,,2245742743273646037,36fe1ca5-f562-4a56-96ba-ed50b3804e9b,,https://videoid-mobile.e-szigno.hu/identification/36fe1ca5-f562-4a56-96ba-ed50b3804e9b,3.8.0 (2811),iOS 26.5.2,26,iPhone 17 Pro,"Jul 27, 2026, 9:48:48 PM",SelfServiceRuntimeError,30802,hu.microsec.eszigno.mobile.SelfServiceRuntimeError,videoId,eSzigno.SelfServicePresenter.Status.finished,PROD Release,downloaded,"FaceKom session did enter background at step: 2-factor, isVideoStep: false.",,,,,,,,,,,,,
https://console.firebase.google.com/project/webszigno-dev-1532086359290/crashlytics/app/ios:hu.microsec.eszigno.mobile/issues/1782c2128a0148281dace39bf8664159?time=90d&versions=3.8.0+%282811%29&types=error&sessionEventKey=42e2cb9c1cb2448abc5af726431e9dee_2245741935819794388,1782c2128a0148281dace39bf8664159,42e2cb9c1cb2448abc5af726431e9dee_2245741935819794388,,42e2cb9c1cb2448abc5af726431e9dee,,2245741935819794388,36fe1ca5-f562-4a56-96ba-ed50b3804e9b,,https://videoid-mobile.e-szigno.hu/identification/36fe1ca5-f562-4a56-96ba-ed50b3804e9b,3.8.0 (2811),iOS 26.5.2,26,iPhone 17 Pro,"Jul 27, 2026, 9:45:40 PM",SelfServiceRuntimeError,30803,hu.microsec.eszigno.mobile.SelfServiceRuntimeError,videoId,eSzigno.SelfServicePresenter.Status.finished,PROD Release,downloaded,"Facekom finished with state: aborted(message: Optional(""Ismeretlen hiba történt!""))",,,,,,,,,,,,,
https://console.firebase.google.com/project/webszigno-dev-1532086359290/crashlytics/app/ios:hu.microsec.eszigno.mobile/issues/1782c2128a0148281dace39bf8664159?time=90d&versions=3.8.0+%282811%29&types=error&sessionEventKey=42e2cb9c1cb2448abc5af726431e9dee_2245741931524827090,1782c2128a0148281dace39bf8664159,42e2cb9c1cb2448abc5af726431e9dee_2245741931524827090,,42e2cb9c1cb2448abc5af726431e9dee,,2245741931524827090,36fe1ca5-f562-4a56-96ba-ed50b3804e9b,,https://videoid-mobile.e-szigno.hu/identification/36fe1ca5-f562-4a56-96ba-ed50b3804e9b,3.8.0 (2811),iOS 26.5.2,26,iPhone 17 Pro,"Jul 27, 2026, 9:45:39 PM",SelfServiceRuntimeError,30802,hu.microsec.eszigno.mobile.SelfServiceRuntimeError,videoId,eSzigno.SelfServicePresenter.Status.finished,PROD Release,downloaded,"FaceKom session did enter background at step: id-back-video, isVideoStep: true.",,,,,,,,,,,,,
https://console.firebase.google.com/project/webszigno-dev-1532086359290/crashlytics/app/ios:hu.microsec.eszigno.mobile/issues/1782c2128a0148281dace39bf8664159?time=90d&versions=3.8.0+%282811%29&types=error&sessionEventKey=4636254e25db4fbc8223927eaba350d1_2245671009216127270,1782c2128a0148281dace39bf8664159,4636254e25db4fbc8223927eaba350d1_2245671009216127270,,4636254e25db4fbc8223927eaba350d1,,2245671009216127270,1308fc2c-3735-439a-b648-b8fc46be5f24,-1785139941,https://videoid-mobile.e-szigno.hu/identification/1308fc2c-3735-439a-b648-b8fc46be5f24-1785139941,3.8.0 (2811),iOS 26.5.2,26,iPhone 13,"Jul 27, 2026, 5:10:26 PM",SelfServiceRuntimeError,30803,hu.microsec.eszigno.mobile.SelfServiceRuntimeError,videoId,eSzigno.SelfServicePresenter.Status.finished,PROD Release,downloaded,Facekom finished with state: finished,,,,,,,,,,,,,
https://console.firebase.google.com/project/webszigno-dev-1532086359290/crashlytics/app/ios:hu.microsec.eszigno.mobile/issues/1782c2128a0148281dace39bf8664159?time=90d&versions=3.8.0+%282811%29&types=error&sessionEventKey=4636254e25db4fbc8223927eaba350d1_2245670940496650533,1782c2128a0148281dace39bf8664159,4636254e25db4fbc8223927eaba350d1_2245670940496650533,,4636254e25db4fbc8223927eaba350d1,,2245670940496650533,1308fc2c-3735-439a-b648-b8fc46be5f24,-1785139941,https://videoid-mobile.e-szigno.hu/identification/1308fc2c-3735-439a-b648-b8fc46be5f24-1785139941,3.8.0 (2811),iOS 26.5.2,26,iPhone 13,"Jul 27, 2026, 5:10:10 PM",SelfServiceRuntimeError,30802,hu.microsec.eszigno.mobile.SelfServiceRuntimeError,videoId,eSzigno.SelfServicePresenter.Status.finished,PROD Release,downloaded,"FaceKom session did enter background at step: 2-factor, isVideoStep: false.",,,,,,,,,,,,,
https://console.firebase.google.com/project/webszigno-dev-1532086359290/crashlytics/app/ios:hu.microsec.eszigno.mobile/issues/1782c2128a0148281dace39bf8664159?time=90d&versions=3.8.0+%282811%29&types=error&sessionEventKey=d6ed04ee053c41768282853e7cf11186_2245659899069204952,1782c2128a0148281dace39bf8664159,d6ed04ee053c41768282853e7cf11186_2245659899069204952,,d6ed04ee053c41768282853e7cf11186,,2245659899069204952,465683bb-5907-4491-b64f-f8c5a830a41c,-1784529273,https://videoid-mobile.e-szigno.hu/identification/465683bb-5907-4491-b64f-f8c5a830a41c-1784529273,3.8.0 (2811),iOS 26.5.2,26,iPhone 16e,"Jul 27, 2026, 4:27:19 PM",SelfServiceRuntimeError,30803,hu.microsec.eszigno.mobile.SelfServiceRuntimeError,videoId,eSzigno.SelfServicePresenter.Status.aborted,PROD Release,downloaded,"Facekom finished with state: aborted(message: Optional(""Ismeretlen hiba történt!""))",,,,,,,,,,,,,
https://console.firebase.google.com/project/webszigno-dev-1532086359290/crashlytics/app/ios:hu.microsec.eszigno.mobile/issues/1782c2128a0148281dace39bf8664159?time=90d&versions=3.8.0+%282811%29&types=error&sessionEventKey=d6ed04ee053c41768282853e7cf11186_2245659899069204950,1782c2128a0148281dace39bf8664159,d6ed04ee053c41768282853e7cf11186_2245659899069204950,,d6ed04ee053c41768282853e7cf11186,,2245659899069204950,465683bb-5907-4491-b64f-f8c5a830a41c,-1784529273,https://videoid-mobile.e-szigno.hu/identification/465683bb-5907-4491-b64f-f8c5a830a41c-1784529273,3.8.0 (2811),iOS 26.5.2,26,iPhone 16e,"Jul 27, 2026, 4:27:19 PM",SelfServiceRuntimeError,30802,hu.microsec.eszigno.mobile.SelfServiceRuntimeError,videoId,eSzigno.SelfServicePresenter.Status.aborted,PROD Release,downloaded,"FaceKom session did enter background at step: voice-liveness-check, isVideoStep: true.",,,,,,,,,,,,,
https://console.firebase.google.com/project/webszigno-dev-1532086359290/crashlytics/app/ios:hu.microsec.eszigno.mobile/issues/1782c2128a0148281dace39bf8664159?time=90d&versions=3.8.0+%282811%29&types=error&sessionEventKey=d6ed04ee053c41768282853e7cf11186_2245659559766788565,1782c2128a0148281dace39bf8664159,d6ed04ee053c41768282853e7cf11186_2245659559766788565,,d6ed04ee053c41768282853e7cf11186,,2245659559766788565,465683bb-5907-4491-b64f-f8c5a830a41c,-1784529273,https://videoid-mobile.e-szigno.hu/identification/465683bb-5907-4491-b64f-f8c5a830a41c-1784529273,3.8.0 (2811),iOS 26.5.2,26,iPhone 16e,"Jul 27, 2026, 4:26:00 PM",SelfServiceRuntimeError,30804,hu.microsec.eszigno.mobile.SelfServiceRuntimeError,videoId,eSzigno.SelfServicePresenter.Status.aborted,PROD Release,downloaded,"FaceKom session disconnected: consent timer expired, user waited for more than 60 seconds for detection",,,,,,,,,,,,,
https://console.firebase.google.com/project/webszigno-dev-1532086359290/crashlytics/app/ios:hu.microsec.eszigno.mobile/issues/1782c2128a0148281dace39bf8664159?time=90d&versions=3.8.0+%282811%29&types=error&sessionEventKey=f694e38953d74ec49391f9aac070854f_2245643443822044233,1782c2128a0148281dace39bf8664159,f694e38953d74ec49391f9aac070854f_2245643443822044233,,f694e38953d74ec49391f9aac070854f,,2245643443822044233,f668f91c-5078-48c0-a95d-9f544e971a26,,https://videoid-mobile.e-szigno.hu/identification/f668f91c-5078-48c0-a95d-9f544e971a26,3.8.0 (2811),iOS 26.5.2,26,iPhone 12,"Jul 27, 2026, 3:23:28 PM",SelfServiceRuntimeError,30803,hu.microsec.eszigno.mobile.SelfServiceRuntimeError,videoId,eSzigno.SelfServicePresenter.Status.finished,PROD Release,downloaded,Facekom finished with state: finished,,,,,,,,,,,,,
https://console.firebase.google.com/project/webszigno-dev-1532086359290/crashlytics/app/ios:hu.microsec.eszigno.mobile/issues/1782c2128a0148281dace39bf8664159?time=90d&versions=3.8.0+%282811%29&types=error&sessionEventKey=f694e38953d74ec49391f9aac070854f_2245643383692502088,1782c2128a0148281dace39bf8664159,f694e38953d74ec49391f9aac070854f_2245643383692502088,,f694e38953d74ec49391f9aac070854f,,2245643383692502088,f668f91c-5078-48c0-a95d-9f544e971a26,,https://videoid-mobile.e-szigno.hu/identification/f668f91c-5078-48c0-a95d-9f544e971a26,3.8.0 (2811),iOS 26.5.2,26,iPhone 12,"Jul 27, 2026, 3:23:14 PM",SelfServiceRuntimeError,30802,hu.microsec.eszigno.mobile.SelfServiceRuntimeError,videoId,eSzigno.SelfServicePresenter.Status.finished,PROD Release,downloaded,"FaceKom session did enter background at step: 2-factor, isVideoStep: false.",,,,,,,,,,,,,
https://console.firebase.google.com/project/webszigno-dev-1532086359290/crashlytics/app/ios:hu.microsec.eszigno.mobile/issues/1782c2128a0148281dace39bf8664159?time=90d&versions=3.8.0+%282811%29&types=error&sessionEventKey=15ab512326fc4967ad0ff1646c5ba62d_2245640133961238986,1782c2128a0148281dace39bf8664159,15ab512326fc4967ad0ff1646c5ba62d_2245640133961238986,,15ab512326fc4967ad0ff1646c5ba62d,,2245640133961238986,d68afc5c-1630-46cf-b8f1-eb5b207827ca,,https://videoid-mobile.e-szigno.hu/identification/d68afc5c-1630-46cf-b8f1-eb5b207827ca,3.8.0 (2811),iOS 26.5.2,26,iPhone 17,"Jul 27, 2026, 3:10:37 PM",SelfServiceRuntimeError,30803,hu.microsec.eszigno.mobile.SelfServiceRuntimeError,videoId,eSzigno.SelfServicePresenter.Status.finished,PROD Release,downloaded,Facekom finished with state: finished,,,,,,,,,,,,,
https://console.firebase.google.com/project/webszigno-dev-1532086359290/crashlytics/app/ios:hu.microsec.eszigno.mobile/issues/1782c2128a0148281dace39bf8664159?time=90d&versions=3.8.0+%282811%29&types=error&sessionEventKey=15ab512326fc4967ad0ff1646c5ba62d_2245640000817252809,1782c2128a0148281dace39bf8664159,15ab512326fc4967ad0ff1646c5ba62d_2245640000817252809,,15ab512326fc4967ad0ff1646c5ba62d,,2245640000817252809,d68afc5c-1630-46cf-b8f1-eb5b207827ca,,https://videoid-mobile.e-szigno.hu/identification/d68afc5c-1630-46cf-b8f1-eb5b207827ca,3.8.0 (2811),iOS 26.5.2,26,iPhone 17,"Jul 27, 2026, 3:10:06 PM",SelfServiceRuntimeError,30802,hu.microsec.eszigno.mobile.SelfServiceRuntimeError,videoId,eSzigno.SelfServicePresenter.Status.finished,PROD Release,downloaded,"FaceKom session did enter background at step: 2-factor, isVideoStep: false.",,,,,,,,,,,,,
https://console.firebase.google.com/project/webszigno-dev-1532086359290/crashlytics/app/ios:hu.microsec.eszigno.mobile/issues/1782c2128a0148281dace39bf8664159?time=90d&versions=3.8.0+%282811%29&types=error&sessionEventKey=3117ca45eb244643ac8df3af4c0b8504_2245633863616325026,1782c2128a0148281dace39bf8664159,3117ca45eb244643ac8df3af4c0b8504_2245633863616325026,,3117ca45eb244643ac8df3af4c0b8504,,2245633863616325026,632ec310-e152-4fa8-b063-b9e06cead735,,https://videoid-mobile.e-szigno.hu/identification/632ec310-e152-4fa8-b063-b9e06cead735,3.8.0 (2811),iOS 26.5.2,26,iPhone 15,"Jul 27, 2026, 2:46:17 PM",SelfServiceRuntimeError,30803,hu.microsec.eszigno.mobile.SelfServiceRuntimeError,videoId,eSzigno.SelfServicePresenter.Status.finished,PROD Release,not_available,Facekom finished with state: finished,,,,,,,,,,,,,
https://console.firebase.google.com/project/webszigno-dev-1532086359290/crashlytics/app/ios:hu.microsec.eszigno.mobile/issues/1782c2128a0148281dace39bf8664159?time=90d&versions=3.8.0+%282811%29&types=error&sessionEventKey=3a899324f1e24ac1a396d1895bb56b05_2245633161288562014,1782c2128a0148281dace39bf8664159,3a899324f1e24ac1a396d1895bb56b05_2245633161288562014,,3a899324f1e24ac1a396d1895bb56b05,,2245633161288562014,f0c67f60-5a25-4823-b07b-2ee79237dc3a,,https://videoid-mobile.e-szigno.hu/identification/f0c67f60-5a25-4823-b07b-2ee79237dc3a,3.8.0 (2811),iOS 26.5.1,26,iPhone 17 Pro Max,"Jul 27, 2026, 2:43:34 PM",SelfServiceRuntimeError,30802,hu.microsec.eszigno.mobile.SelfServiceRuntimeError,videoId,eSzigno.SelfServicePresenter.Status.aborted,PROD Release,downloaded,"FaceKom session did enter background at step: customer-portrait, isVideoStep: true.",,,,,,,,,,,,,
https://console.firebase.google.com/project/webszigno-dev-1532086359290/crashlytics/app/ios:hu.microsec.eszigno.mobile/issues/1782c2128a0148281dace39bf8664159?time=90d&versions=3.8.0+%282811%29&types=error&sessionEventKey=3a899324f1e24ac1a396d1895bb56b05_2245632375309546844,1782c2128a0148281dace39bf8664159,3a899324f1e24ac1a396d1895bb56b05_2245632375309546844,,3a899324f1e24ac1a396d1895bb56b05,,2245632375309546844,f0c67f60-5a25-4823-b07b-2ee79237dc3a,,https://videoid-mobile.e-szigno.hu/identification/f0c67f60-5a25-4823-b07b-2ee79237dc3a,3.8.0 (2811),iOS 26.5.1,26,iPhone 17 Pro Max,"Jul 27, 2026, 2:40:31 PM",SelfServiceRuntimeError,30804,hu.microsec.eszigno.mobile.SelfServiceRuntimeError,videoId,eSzigno.SelfServicePresenter.Status.aborted,PROD Release,downloaded,FaceKom session disconnected: close while not in video step,,,,,,,,,,,,,
https://console.firebase.google.com/project/webszigno-dev-1532086359290/crashlytics/app/ios:hu.microsec.eszigno.mobile/issues/1782c2128a0148281dace39bf8664159?time=90d&versions=3.8.0+%282811%29&types=error&sessionEventKey=3a899324f1e24ac1a396d1895bb56b05_2245632371014579547,1782c2128a0148281dace39bf8664159,3a899324f1e24ac1a396d1895bb56b05_2245632371014579547,,3a899324f1e24ac1a396d1895bb56b05,,2245632371014579547,f0c67f60-5a25-4823-b07b-2ee79237dc3a,,https://videoid-mobile.e-szigno.hu/identification/f0c67f60-5a25-4823-b07b-2ee79237dc3a,3.8.0 (2811),iOS 26.5.1,26,iPhone 17 Pro Max,"Jul 27, 2026, 2:40:30 PM",SelfServiceRuntimeError,30803,hu.microsec.eszigno.mobile.SelfServiceRuntimeError,videoId,eSzigno.SelfServicePresenter.Status.aborted,PROD Release,downloaded,"Facekom finished with state: aborted(message: Optional(""Ismeretlen hiba történt!""))",,,,,,,,,,,,,
https://console.firebase.google.com/project/webszigno-dev-1532086359290/crashlytics/app/ios:hu.microsec.eszigno.mobile/issues/1782c2128a0148281dace39bf8664159?time=90d&versions=3.8.0+%282811%29&types=error&sessionEventKey=3a899324f1e24ac1a396d1895bb56b05_2245632349539743066,1782c2128a0148281dace39bf8664159,3a899324f1e24ac1a396d1895bb56b05_2245632349539743066,,3a899324f1e24ac1a396d1895bb56b05,,2245632349539743066,f0c67f60-5a25-4823-b07b-2ee79237dc3a,,https://videoid-mobile.e-szigno.hu/identification/f0c67f60-5a25-4823-b07b-2ee79237dc3a,3.8.0 (2811),iOS 26.5.1,26,iPhone 17 Pro Max,"Jul 27, 2026, 2:40:25 PM",SelfServiceRuntimeError,30803,hu.microsec.eszigno.mobile.SelfServiceRuntimeError,videoId,eSzigno.SelfServicePresenter.Status.aborted,PROD Release,downloaded,"Facekom finished with state: aborted(message: Optional(""Ismeretlen hiba történt!""))",,,,,,,,,,,,,
https://console.firebase.google.com/project/webszigno-dev-1532086359290/crashlytics/app/ios:hu.microsec.eszigno.mobile/issues/1782c2128a0148281dace39bf8664159?time=90d&versions=3.8.0+%282811%29&types=error&sessionEventKey=f93e4bfff17d491d97827b36fa8a183b_2245629962316563418,1782c2128a0148281dace39bf8664159,f93e4bfff17d491d97827b36fa8a183b_2245629962316563418,,f93e4bfff17d491d97827b36fa8a183b,,2245629962316563418,d2298768-4fbb-4f44-b060-e6490f964186,,https://videoid-mobile.e-szigno.hu/identification/d2298768-4fbb-4f44-b060-e6490f964186,3.8.0 (2811),iOS 26.5.2,26,iPhone 15 Pro,"Jul 27, 2026, 2:31:09 PM",SelfServiceRuntimeError,30803,hu.microsec.eszigno.mobile.SelfServiceRuntimeError,videoId,eSzigno.SelfServicePresenter.Status.finished,PROD Release,not_available,Facekom finished with state: finished,,,,,,,,,,,,,
https://console.firebase.google.com/project/webszigno-dev-1532086359290/crashlytics/app/ios:hu.microsec.eszigno.mobile/issues/1782c2128a0148281dace39bf8664159?time=90d&versions=3.8.0+%282811%29&types=error&sessionEventKey=3064c66bc8414bbba6128fa84872a325_2245629548363534420,1782c2128a0148281dace39bf8664159,3064c66bc8414bbba6128fa84872a325_2245629548363534420,,3064c66bc8414bbba6128fa84872a325,,2245629548363534420,6d69772a-70dc-40bd-9194-b801e6e7469a,,https://videoid-mobile.e-szigno.hu/identification/6d69772a-70dc-40bd-9194-b801e6e7469a,3.8.0 (2811),iOS 27.0.0,27,iPhone 17 Pro,"Jul 27, 2026, 2:29:33 PM",SelfServiceRuntimeError,30803,hu.microsec.eszigno.mobile.SelfServiceRuntimeError,Logged out videoId,eSzigno.SelfServicePresenter.Status.finished,PROD Release,downloaded,Facekom finished with state: finished,,,,,,,,,,,,,
https://console.firebase.google.com/project/webszigno-dev-1532086359290/crashlytics/app/ios:hu.microsec.eszigno.mobile/issues/1782c2128a0148281dace39bf8664159?time=90d&versions=3.8.0+%282811%29&types=error&sessionEventKey=b60ed0a6690148b3b2b1d16a68420584_2245621372441675996,1782c2128a0148281dace39bf8664159,b60ed0a6690148b3b2b1d16a68420584_2245621372441675996,,b60ed0a6690148b3b2b1d16a68420584,,2245621372441675996,5c2c571d-d79d-4743-aac6-46c32cede4f5,,https://videoid-mobile.e-szigno.hu/identification/5c2c571d-d79d-4743-aac6-46c32cede4f5,3.8.0 (2811),iOS 26.5.2,26,iPhone 16 Pro Max,"Jul 27, 2026, 1:57:49 PM",SelfServiceRuntimeError,30803,hu.microsec.eszigno.mobile.SelfServiceRuntimeError,Logged in videoId,eSzigno.SelfServicePresenter.Status.finished,PROD Release,downloaded,Facekom finished with state: finished,,,,,,,,,,,,,
https://console.firebase.google.com/project/webszigno-dev-1532086359290/crashlytics/app/ios:hu.microsec.eszigno.mobile/issues/1782c2128a0148281dace39bf8664159?time=90d&versions=3.8.0+%282811%29&types=error&sessionEventKey=8f6d86053d61428383e5239a18c0f93c_2245591788632579653,1782c2128a0148281dace39bf8664159,8f6d86053d61428383e5239a18c0f93c_2245591788632579653,,8f6d86053d61428383e5239a18c0f93c,,2245591788632579653,ccf46af7-73bf-431a-bb99-fe4dff9d9399,,https://videoid-mobile.e-szigno.hu/identification/ccf46af7-73bf-431a-bb99-fe4dff9d9399,3.8.0 (2811),iOS 26.5.2,26,iPhone 17 Pro,"Jul 27, 2026, 12:03:01 PM",SelfServiceRuntimeError,30803,hu.microsec.eszigno.mobile.SelfServiceRuntimeError,Logged out videoId,eSzigno.SelfServicePresenter.Status.finished,PROD Release,downloaded,Facekom finished with state: finished,,,,,,,,,,,,,
https://console.firebase.google.com/project/webszigno-dev-1532086359290/crashlytics/app/ios:hu.microsec.eszigno.mobile/issues/1782c2128a0148281dace39bf8664159?time=90d&versions=3.8.0+%282811%29&types=error&sessionEventKey=8f6d86053d61428383e5239a18c0f93c_2245591741387939396,1782c2128a0148281dace39bf8664159,8f6d86053d61428383e5239a18c0f93c_2245591741387939396,,8f6d86053d61428383e5239a18c0f93c,,2245591741387939396,ccf46af7-73bf-431a-bb99-fe4dff9d9399,,https://videoid-mobile.e-szigno.hu/identification/ccf46af7-73bf-431a-bb99-fe4dff9d9399,3.8.0 (2811),iOS 26.5.2,26,iPhone 17 Pro,"Jul 27, 2026, 12:02:50 PM",SelfServiceRuntimeError,30802,hu.microsec.eszigno.mobile.SelfServiceRuntimeError,Logged out videoId,eSzigno.SelfServicePresenter.Status.finished,PROD Release,downloaded,"FaceKom session did enter background at step: 2-factor, isVideoStep: false.",,,,,,,,,,,,,
https://console.firebase.google.com/project/webszigno-dev-1532086359290/crashlytics/app/ios:hu.microsec.eszigno.mobile/issues/1782c2128a0148281dace39bf8664159?time=90d&versions=3.8.0+%282811%29&types=error&sessionEventKey=8f6d86053d61428383e5239a18c0f93c_2245590753545461314,1782c2128a0148281dace39bf8664159,8f6d86053d61428383e5239a18c0f93c_2245590753545461314,,8f6d86053d61428383e5239a18c0f93c,,2245590753545461314,ccf46af7-73bf-431a-bb99-fe4dff9d9399,,https://videoid-mobile.e-szigno.hu/identification/ccf46af7-73bf-431a-bb99-fe4dff9d9399,3.8.0 (2811),iOS 26.5.2,26,iPhone 17 Pro,"Jul 27, 2026, 11:59:00 AM",SelfServiceRuntimeError,30804,hu.microsec.eszigno.mobile.SelfServiceRuntimeError,Logged out videoId,eSzigno.SelfServicePresenter.Status.finished,PROD Release,downloaded,FaceKom session disconnected: close while not in video step,,,,,,,,,,,,,
https://console.firebase.google.com/project/webszigno-dev-1532086359290/crashlytics/app/ios:hu.microsec.eszigno.mobile/issues/1782c2128a0148281dace39bf8664159?time=90d&versions=3.8.0+%282811%29&types=error&sessionEventKey=8f6d86053d61428383e5239a18c0f93c_2245590749250494017,1782c2128a0148281dace39bf8664159,8f6d86053d61428383e5239a18c0f93c_2245590749250494017,,8f6d86053d61428383e5239a18c0f93c,,2245590749250494017,ccf46af7-73bf-431a-bb99-fe4dff9d9399,,https://videoid-mobile.e-szigno.hu/identification/ccf46af7-73bf-431a-bb99-fe4dff9d9399,3.8.0 (2811),iOS 26.5.2,26,iPhone 17 Pro,"Jul 27, 2026, 11:58:59 AM",SelfServiceRuntimeError,30803,hu.microsec.eszigno.mobile.SelfServiceRuntimeError,Logged out videoId,eSzigno.SelfServicePresenter.Status.finished,PROD Release,downloaded,"Facekom finished with state: aborted(message: Optional(""Ismeretlen hiba történt!""))",,,,,,,,,,,,,
https://console.firebase.google.com/project/webszigno-dev-1532086359290/crashlytics/app/ios:hu.microsec.eszigno.mobile/issues/1782c2128a0148281dace39bf8664159?time=90d&versions=3.8.0+%282811%29&types=error&sessionEventKey=8f6d86053d61428383e5239a18c0f93c_2245590736365592128,1782c2128a0148281dace39bf8664159,8f6d86053d61428383e5239a18c0f93c_2245590736365592128,,8f6d86053d61428383e5239a18c0f93c,,2245590736365592128,ccf46af7-73bf-431a-bb99-fe4dff9d9399,,https://videoid-mobile.e-szigno.hu/identification/ccf46af7-73bf-431a-bb99-fe4dff9d9399,3.8.0 (2811),iOS 26.5.2,26,iPhone 17 Pro,"Jul 27, 2026, 11:58:56 AM",SelfServiceRuntimeError,30803,hu.microsec.eszigno.mobile.SelfServiceRuntimeError,Logged out videoId,eSzigno.SelfServicePresenter.Status.finished,PROD Release,downloaded,"Facekom finished with state: aborted(message: Optional(""Ismeretlen hiba történt!""))",,,,,,,,,,,,,
https://console.firebase.google.com/project/webszigno-dev-1532086359290/crashlytics/app/ios:hu.microsec.eszigno.mobile/issues/1782c2128a0148281dace39bf8664159?time=90d&versions=3.8.0+%282811%29&types=error&sessionEventKey=52470748376b4b659762e9373db3c5c5_2245558612138378486,1782c2128a0148281dace39bf8664159,52470748376b4b659762e9373db3c5c5_2245558612138378486,,52470748376b4b659762e9373db3c5c5,,2245558612138378486,4f4cdd58-38d6-467e-b7e0-1569e16f7985,,https://videoid-mobile.e-szigno.hu/identification/4f4cdd58-38d6-467e-b7e0-1569e16f7985,3.8.0 (2811),iPadOS 17.7.11,17,"iPad Pro (12.9-inch, 2nd generation)","Jul 27, 2026, 9:54:17 AM",SelfServiceRuntimeError,30803,hu.microsec.eszigno.mobile.SelfServiceRuntimeError,videoId,eSzigno.SelfServicePresenter.Status.aborted,PROD Release,downloaded,"Facekom finished with state: aborted(message: Optional(""Ismeretlen hiba történt!""))",,,,,,,,,,,,,
https://console.firebase.google.com/project/webszigno-dev-1532086359290/crashlytics/app/ios:hu.microsec.eszigno.mobile/issues/1782c2128a0148281dace39bf8664159?time=90d&versions=3.8.0+%282811%29&types=error&sessionEventKey=07f840cf39484206af18fed8e134c2c9_2245545341418452749,1782c2128a0148281dace39bf8664159,07f840cf39484206af18fed8e134c2c9_2245545341418452749,,07f840cf39484206af18fed8e134c2c9,,2245545341418452749,8553dec0-ea10-40ca-996f-885d612deb67,,https://videoid-mobile.e-szigno.hu/identification/8553dec0-ea10-40ca-996f-885d612deb67,3.8.0 (2811),iOS 26.5.0,26,iPhone 15,"Jul 27, 2026, 9:02:47 AM",SelfServiceRuntimeError,30803,hu.microsec.eszigno.mobile.SelfServiceRuntimeError,Logged out videoId,eSzigno.SelfServicePresenter.Status.finished,PROD Release,downloaded,Facekom finished with state: finished,,,,,,,,,,,,,
https://console.firebase.google.com/project/webszigno-dev-1532086359290/crashlytics/app/ios:hu.microsec.eszigno.mobile/issues/1782c2128a0148281dace39bf8664159?time=90d&versions=3.8.0+%282811%29&types=error&sessionEventKey=857874d7616640f2aafbd8ede28444af_2245527264456830743,1782c2128a0148281dace39bf8664159,857874d7616640f2aafbd8ede28444af_2245527264456830743,,857874d7616640f2aafbd8ede28444af,,2245527264456830743,95f0b1a6-938e-41b2-8967-1e376ac5f069,,https://videoid-mobile.e-szigno.hu/identification/95f0b1a6-938e-41b2-8967-1e376ac5f069,3.8.0 (2811),iOS 26.5.2,26,iPhone 17 Pro Max,"Jul 27, 2026, 7:52:38 AM",SelfServiceRuntimeError,30803,hu.microsec.eszigno.mobile.SelfServiceRuntimeError,videoId,eSzigno.SelfServicePresenter.Status.finished,PROD Release,downloaded,Facekom finished with state: finished,,,,,,,,,,,,,
https://console.firebase.google.com/project/webszigno-dev-1532086359290/crashlytics/app/ios:hu.microsec.eszigno.mobile/issues/1782c2128a0148281dace39bf8664159?time=90d&versions=3.8.0+%282811%29&types=error&sessionEventKey=857874d7616640f2aafbd8ede28444af_2245527212917223190,1782c2128a0148281dace39bf8664159,857874d7616640f2aafbd8ede28444af_2245527212917223190,,857874d7616640f2aafbd8ede28444af,,2245527212917223190,95f0b1a6-938e-41b2-8967-1e376ac5f069,,https://videoid-mobile.e-szigno.hu/identification/95f0b1a6-938e-41b2-8967-1e376ac5f069,3.8.0 (2811),iOS 26.5.2,26,iPhone 17 Pro Max,"Jul 27, 2026, 7:52:26 AM",SelfServiceRuntimeError,30802,hu.microsec.eszigno.mobile.SelfServiceRuntimeError,videoId,eSzigno.SelfServicePresenter.Status.finished,PROD Release,downloaded,"FaceKom session did enter background at step: 2-factor, isVideoStep: false.",,,,,,,,,,,,,
https://console.firebase.google.com/project/webszigno-dev-1532086359290/crashlytics/app/ios:hu.microsec.eszigno.mobile/issues/1782c2128a0148281dace39bf8664159?time=90d&versions=3.8.0+%282811%29&types=error&sessionEventKey=dfdba842d8254b99b7d97a1102eae685_2245518363062032144,1782c2128a0148281dace39bf8664159,dfdba842d8254b99b7d97a1102eae685_2245518363062032144,,dfdba842d8254b99b7d97a1102eae685,,2245518363062032144,1308fc2c-3735-439a-b648-b8fc46be5f24,-1784876536,https://videoid-mobile.e-szigno.hu/identification/1308fc2c-3735-439a-b648-b8fc46be5f24-1784876536,3.8.0 (2811),iOS 26.5.2,26,iPhone 13,"Jul 27, 2026, 7:18:05 AM",SelfServiceRuntimeError,30803,hu.microsec.eszigno.mobile.SelfServiceRuntimeError,Logged out videoId,eSzigno.SelfServicePresenter.Status.finished,PROD Release,downloaded,Facekom finished with state: finished,,,,,,,,,,,,,
https://console.firebase.google.com/project/webszigno-dev-1532086359290/crashlytics/app/ios:hu.microsec.eszigno.mobile/issues/1782c2128a0148281dace39bf8664159?time=90d&versions=3.8.0+%282811%29&types=error&sessionEventKey=dfdba842d8254b99b7d97a1102eae685_2245518225623078671,1782c2128a0148281dace39bf8664159,dfdba842d8254b99b7d97a1102eae685_2245518225623078671,,dfdba842d8254b99b7d97a1102eae685,,2245518225623078671,1308fc2c-3735-439a-b648-b8fc46be5f24,-1784876536,https://videoid-mobile.e-szigno.hu/identification/1308fc2c-3735-439a-b648-b8fc46be5f24-1784876536,3.8.0 (2811),iOS 26.5.2,26,iPhone 13,"Jul 27, 2026, 7:17:33 AM",SelfServiceRuntimeError,30802,hu.microsec.eszigno.mobile.SelfServiceRuntimeError,Logged out videoId,eSzigno.SelfServicePresenter.Status.finished,PROD Release,downloaded,"FaceKom session did enter background at step: 2-factor, isVideoStep: false.",,,,,,,,,,,,,
https://console.firebase.google.com/project/webszigno-dev-1532086359290/crashlytics/app/ios:hu.microsec.eszigno.mobile/issues/1782c2128a0148281dace39bf8664159?time=90d&versions=3.8.0+%282811%29&types=error&sessionEventKey=674f5e1c5640405890a252356de45dd3_2244631986316036355,1782c2128a0148281dace39bf8664159,674f5e1c5640405890a252356de45dd3_2244631986316036355,,674f5e1c5640405890a252356de45dd3,,2244631986316036355,00f9b96e-7f8e-436e-9bab-a13a4433fd42,,https://videoid-mobile.e-szigno.hu/identification/00f9b96e-7f8e-436e-9bab-a13a4433fd42,3.8.0 (2811),iOS 26.5.2,26,iPhone 16 Pro,"Jul 24, 2026, 9:58:30 PM",SelfServiceRuntimeError,30803,hu.microsec.eszigno.mobile.SelfServiceRuntimeError,videoId,eSzigno.SelfServicePresenter.Status.finished,PROD Release,downloaded,Facekom finished with state: finished,,,,,,,,,,,,,
https://console.firebase.google.com/project/webszigno-dev-1532086359290/crashlytics/app/ios:hu.microsec.eszigno.mobile/issues/1782c2128a0148281dace39bf8664159?time=90d&versions=3.8.0+%282811%29&types=error&sessionEventKey=8b284ed8c0ae4d77a06990779d61d048_2244485065193592148,1782c2128a0148281dace39bf8664159,8b284ed8c0ae4d77a06990779d61d048_2244485065193592148,,8b284ed8c0ae4d77a06990779d61d048,,2244485065193592148,75327745-06a0-4dc0-a3da-7e631608bf92,,https://videoid-mobile.e-szigno.hu/identification/75327745-06a0-4dc0-a3da-7e631608bf92,3.8.0 (2811),iOS 26.5.0,26,iPhone 16 Plus,"Jul 24, 2026, 12:28:22 PM",SelfServiceRuntimeError,30803,hu.microsec.eszigno.mobile.SelfServiceRuntimeError,Logged out videoId,eSzigno.SelfServicePresenter.Status.finished,PROD Release,not_available,Facekom finished with state: finished,,,,,,,,,,,,,
https://console.firebase.google.com/project/webszigno-dev-1532086359290/crashlytics/app/ios:hu.microsec.eszigno.mobile/issues/1782c2128a0148281dace39bf8664159?time=90d&versions=3.8.0+%282811%29&types=error&sessionEventKey=fac4a01c03ae4f2ca1ba1b35377dd78f_2244469619790242888,1782c2128a0148281dace39bf8664159,fac4a01c03ae4f2ca1ba1b35377dd78f_2244469619790242888,,fac4a01c03ae4f2ca1ba1b35377dd78f,,2244469619790242888,90c09ea2-671d-4932-ac98-6789e24c6d7c,,https://videoid-mobile.e-szigno.hu/identification/90c09ea2-671d-4932-ac98-6789e24c6d7c,3.8.0 (2811),iOS 26.5.2,26,iPhone 17 Pro,"Jul 24, 2026, 11:28:26 AM",SelfServiceRuntimeError,30803,hu.microsec.eszigno.mobile.SelfServiceRuntimeError,videoId,eSzigno.SelfServicePresenter.Status.finished,PROD Release,downloaded,Facekom finished with state: finished,,,,,,,,,,,,,
https://console.firebase.google.com/project/webszigno-dev-1532086359290/crashlytics/app/ios:hu.microsec.eszigno.mobile/issues/1782c2128a0148281dace39bf8664159?time=90d&versions=3.8.0+%282811%29&types=error&sessionEventKey=fac4a01c03ae4f2ca1ba1b35377dd78f_2244468842401162311,1782c2128a0148281dace39bf8664159,fac4a01c03ae4f2ca1ba1b35377dd78f_2244468842401162311,,fac4a01c03ae4f2ca1ba1b35377dd78f,,2244468842401162311,90c09ea2-671d-4932-ac98-6789e24c6d7c,,https://videoid-mobile.e-szigno.hu/identification/90c09ea2-671d-4932-ac98-6789e24c6d7c,3.8.0 (2811),iOS 26.5.2,26,iPhone 17 Pro,"Jul 24, 2026, 11:25:25 AM",SelfServiceRuntimeError,30803,hu.microsec.eszigno.mobile.SelfServiceRuntimeError,videoId,eSzigno.SelfServicePresenter.Status.finished,PROD Release,downloaded,"Facekom finished with state: aborted(message: Optional(""Ismeretlen hiba történt!""))",,,,,,,,,,,,,
