session_id,filename,display_version,outcome,reason,last_step,steps_count,total_duration_s,dur_start__voice_liveness_check,dur_voice_liveness_check__deepfake_detection,dur_deepfake_detection__customerPortrait,dur_customerPortrait__idFront,dur_idFront__idBack,dur_idBack__hologram,dur_hologram__id_back_video,dur_id_back_video__twoFactor,dur_twoFactor__end
ac896a3c8873413f82d5f3f783f9d44f_DNE_0_v2,0087be59-0972-4fa2-8b14-a9646f887dfe_Feb_23__2026__3_26_35_PM.log,3.6.1,reject,no-more-photo-candidate-allowed,end,5,69,20,23,26,,,,,,
55de54e16dfe419c9927a7d808f3e075_DNE_0_v2,0087be59-0972-4fa2-8b14-a9646f887dfe_Feb_24__2026__1_17_05_PM.log,3.6.1,reject,no-more-photo-candidate-allowed,end,6,105,33,19,14,39,,,,,
21d9405042a144cebc80ecc2a1bab4ea_DNE_0_v2,0087be59-0972-4fa2-8b14-a9646f887dfe_Feb_26__2026__4_30_30_PM.log,3.6.1,approve,,end,10,200,39,17,8,26,16,13,46,13,22
9133d90065914e17aead05e8f86ed40f_DNE_0_v2,00a3c71f-bfa4-44d0-9013-b6112997ca29_Feb_12__2026__3_22_42_PM.log,3.6.1,aborted,,end,9,188,25,23,27,28,24,13,48,,
9133d90065914e17aead05e8f86ed40f_DNE_1_v2,00a3c71f-bfa4-44d0-9013-b6112997ca29_Feb_12__2026__3_26_45_PM.log,3.6.1,approve,,end,10,349,25,23,27,28,24,13,48,161,
4002fdc08e4c409db82687ad6f5e5d75_DNE_0_v2,00b1af6d-5b93-4373-9ba4-204432cff16d_Feb_17__2026__5_40_43_PM.log,3.6.1,unknown,,voice-liveness-check,2,57,57,,,,,,,,
4002fdc08e4c409db82687ad6f5e5d75_DNE_1_v2,00b1af6d-5b93-4373-9ba4-204432cff16d_Feb_17__2026__5_42_38_PM.log,3.6.1,aborted,,end,3,57,57,,,,,,,,
ad8b347764f84c4ca5c1ef33d78858f3_DNE_0_v2,00c4e603-246c-4712-af94-cd6c5881861f_Feb_17__2026__11_53_10_AM.log,3.6.1,approve,,end,10,258,28,18,11,19,39,61,52,14,16
3d53aa4d1bfd47bfac6c7e7560bb2165_DNE_0_v2,00c703e1-7e3f-4c39-8987-c1ee5fb943c8-1771922654_Feb_24__2026__10_00_26_AM.log,3.6.1,aborted,,end,3,24,24,,,,,,,,
f7e38c4bb6a641488046c3aeca2301d6_DNE_0_v2,00c703e1-7e3f-4c39-8987-c1ee5fb943c8-1771934962_Feb_24__2026__12_10_55_PM.log,3.6.1,aborted,,end,3,6,6,,,,,,,,
f7e38c4bb6a641488046c3aeca2301d6_DNE_1_v2,00c703e1-7e3f-4c39-8987-c1ee5fb943c8-1771934962_Feb_24__2026__12_23_19_PM.log,3.6.1,reject,no-more-photo-candidate-allowed,end,6,704,6,599,73,26,,,,,
f7e38c4bb6a641488046c3aeca2301d6_DNE_2_v2,00c703e1-7e3f-4c39-8987-c1ee5fb943c8-1771934962_Feb_24__2026__12_28_51_PM.log,3.6.1,approve,no-more-photo-candidate-allowed,end,10,1091,6,599,73,26,296,16,61,14,
f7e38c4bb6a641488046c3aeca2301d6_DNE_3_v2,00c703e1-7e3f-4c39-8987-c1ee5fb943c8-1771934962_Feb_24__2026__1_19_18_PM.log,3.6.1,approve,no-more-photo-candidate-allowed,end,10,1091,6,599,73,26,296,16,61,14,
95387a8642434fd59becc366e5ea5971_DNE_0_v2,00c703e1-7e3f-4c39-8987-c1ee5fb943c8_Feb_21__2026__11_30_13_PM.log,3.6.1,approve,,end,10,592,19,292,82,30,34,13,47,14,61
95387a8642434fd59becc366e5ea5971_DNE_2_v2,00c703e1-7e3f-4c39-8987-c1ee5fb943c8_Feb_21__2026__11_40_45_PM.log,3.6.1,approve,,end,10,592,19,292,82,30,34,13,47,14,61
4025553274294af886e34c8d3df13f9c_DNE_0_v2,01363f7e-5511-429f-b4db-3e40dc42e979_Mar_3__2026__7_54_40_AM.log,3.6.1,approve,,end,10,278,21,67,22,24,26,20,56,14,28
a8e67f0447be4bb5bbe41af507ca4415_DNE_0_v2,0169c797-1fdf-401d-b337-f0201f515093_Feb_23__2026__6_04_25_PM.log,3.6.1,aborted,,end,9,270,16,12,99,37,40,19,47,,
4a0429ffeafe44afb55137b993ef9c54_DNE_0_v2,01e8f6b6-2659-43f0-8ab3-11c45d75b208_Feb_23__2026__9_45_18_AM.log,3.6.1,reject,incomplete-hologram-video,end,9,688,9,24,82,336,39,84,114,,
959804ed0d1a4d6399698cddeb8c9dde_DNE_0_v2,01e8f6b6-2659-43f0-8ab3-11c45d75b208_Feb_25__2026__11_23_22_AM.log,3.6.1,approve,,end,10,227,23,11,13,12,17,15,55,14,67
875a6366d2c44dda9ecb8056adb00ac1_DNE_0_v2,01fc7896-edbc-4ecb-9336-9887476ae9e8_Feb_5__2026__4_45_50_PM.log,3.6.1,approve,,end,10,263,34,16,68,21,23,16,56,14,15
de5111caba0049f4b9e98bb43ea631e2_DNE_0_v2,021fbe71-da03-4938-a4f1-6757a2f771b0_Feb_24__2026__1_13_09_PM.log,3.6.1,approve,,end,10,203,12,23,11,23,25,22,44,14,29
250be25da2f947658a6854187cb74990_DNE_0_v2,033fbbbe-d3d0-4c9a-a995-7c88f3aa7ec3_Feb_18__2026__4_59_26_PM.log,3.6.1,approve,,end,10,321,31,22,113,21,36,17,45,14,22
5ab26518cde040bbaf8a8ba3fee39a41_DNE_0_v2,03670030-7f1b-4d1e-b1f6-7eb9ece83d1c-1771240892_Feb_16__2026__6_30_19_PM.log,3.6.1,approve,,end,10,476,27,23,11,226,33,28,60,40,28
da63756bce024d4e8420444904b9af33_DNE_0_v2,03670030-7f1b-4d1e-b1f6-7eb9ece83d1c_Feb_16__2026__10_47_12_AM.log,3.6.1,approve,,end,8,508,,,22,272,47,31,60,13,63
482a46ddc0f64335b4c4d66fda5a4ae9_DNE_0_v2,0421557c-afd8-4d49-8b15-6b140c037cf6-1771577192_Feb_20__2026__10_45_02_AM.log,3.6.1,approve,,end,10,262,9,13,68,15,35,47,40,13,22
930a3719a22f4a66aab9be62e3ab38da_DNE_0_v2,0421557c-afd8-4d49-8b15-6b140c037cf6_Feb_18__2026__12_13_08_PM.log,3.6.1,approve,,end,10,203,27,16,8,19,39,17,46,14,17
f17718f390724c43af459c9d8fc14d88_DNE_0_v2,049e4b5a-ebaf-4ae2-b5f9-46f57ab17ce0-1771418925_Feb_19__2026__12_34_30_PM.log,3.6.1,reject,no-more-photo-candidate-allowed,end,6,68,20,26,8,14,,,,,
f17718f390724c43af459c9d8fc14d88_DNE_1_v2,049e4b5a-ebaf-4ae2-b5f9-46f57ab17ce0-1771418925_Feb_19__2026__12_38_48_PM.log,3.6.1,approve,no-more-photo-candidate-allowed,end,10,437,20,26,8,14,280,17,58,14,
0e0c8530c68a4da8a73c0937b7b01d59_DNE_0_v2,049e4b5a-ebaf-4ae2-b5f9-46f57ab17ce0-1771588495_Feb_23__2026__12_25_45_PM.log,3.6.1,approve,,end,9,152,21,13,17,17,35,19,,,30
d2b948859ac243c790aa34ba730d3531_DNE_0_v2,04a8ca28-a8fb-4996-a1fc-5eb7440a2067_Feb_11__2026__1_20_39_PM.log,3.6.1,aborted,,end,3,45,45,,,,,,,,
b76bab172fb84f92a6a4ed2089663e90_DNE_1_v2,050cb29f-014e-4dfe-926f-1e77ceea6af7_Mar_2__2026__10_03_50_AM.log,3.6.1,aborted,,end,9,462,138,15,118,31,34,45,81,,
b76bab172fb84f92a6a4ed2089663e90_DNE_2_v2,050cb29f-014e-4dfe-926f-1e77ceea6af7_Mar_2__2026__10_26_34_AM.log,3.6.1,approve,,end,10,1808,138,15,118,31,34,45,81,1346,
b76bab172fb84f92a6a4ed2089663e90_DNE_0_v2,050cb29f-014e-4dfe-926f-1e77ceea6af7_Mar_2__2026__9_59_05_AM.log,3.6.1,aborted,,end,4,153,138,15,,,,,,,
1b17bb4e52c5462da6bbefaf37df5bca_DNE_0_v2,052926f8-5490-478b-9960-d086e3e2a76a_Feb_23__2026__1_29_15_PM.log,3.6.1,approve,,end,10,168,13,32,15,16,18,19,33,14,8
dad8e118ee9148c09ede92e4c83a673f_DNE_0_v2,053237ea-79df-4afe-bb08-b11389ed08d4-1771582155_Feb_20__2026__11_28_48_AM.log,3.6.1,approve,,end,10,201,14,9,27,46,18,9,56,13,9
1a13a4c712574cf9ac60d2de909e5103_DNE_0_v2,053237ea-79df-4afe-bb08-b11389ed08d4_Feb_19__2026__12_55_31_PM.log,3.6.1,approve,,end,10,416,31,23,76,118,50,16,56,14,32
22433ab91aac41a194a57d609bee3ab0_DNE_0_v2,05b950f0-0b18-403f-a311-62c5494a5054_Mar_1__2026__9_28_13_PM.log,3.6.1,aborted,,end,9,215,24,68,11,24,34,17,37,,
22433ab91aac41a194a57d609bee3ab0_DNE_1_v2,05b950f0-0b18-403f-a311-62c5494a5054_Mar_1__2026__9_30_59_PM.log,3.6.1,approve,,end,10,361,24,68,11,24,34,17,37,146,
1f2b5903761942ea8846436b6fb09b78_DNE_0_v2,05cc1c5e-c33d-4a1a-a0a2-9e96203d21e7_Feb_19__2026__6_52_56_PM.log,3.6.1,approve,,end,10,174,26,27,9,20,19,15,41,13,4
c240990da9e34849a4f075df159b32cb_DNE_0_v2,06714c44-b742-4a62-adc2-3b69dc2bb8ed-1771943782_Feb_24__2026__3_52_28_PM.log,3.6.1,aborted,,end,9,155,26,24,11,16,18,14,46,,
c240990da9e34849a4f075df159b32cb_DNE_1_v2,06714c44-b742-4a62-adc2-3b69dc2bb8ed-1771943782_Feb_24__2026__3_55_05_PM.log,3.6.1,approve,,end,10,307,26,24,11,16,18,14,46,152,
1899ea07b29b43009bef5c26d80a5f9b_DNE_0_v2,0697f1e9-8357-433e-b9a9-74276486c2b1_Feb_12__2026__5_29_03_PM.log,3.6.1,unknown,,voice-liveness-check,2,13,13,,,,,,,,
1899ea07b29b43009bef5c26d80a5f9b_DNE_1_v2,0697f1e9-8357-433e-b9a9-74276486c2b1_Feb_12__2026__5_30_42_PM.log,3.6.1,aborted,,end,3,13,13,,,,,,,,
54fb96341cbb4f35baa9f23fc0a7b326_DNE_0_v2,0697f1e9-8357-433e-b9a9-74276486c2b1_Feb_12__2026__5_34_22_PM.log,3.6.1,approve,,end,10,182,9,6,19,20,20,17,56,13,22
68e08a66a62a43ce958243abd1635400_DNE_0_v2,06a23bec-7bc5-43d8-9667-118d372e3b4f_Feb_6__2026__4_34_14_PM.log,3.6.1,approve,,end,10,339,109,52,22,14,18,9,56,13,46
a122564fc1a540afb35e6683600d4bdf_DNE_0_v2,0709acc9-7485-4e64-b7cd-cd0a3773bd5b_Feb_20__2026__6_21_28_PM.log,3.6.1,approve,,end,10,346,99,25,27,70,16,20,50,13,26
75459b068a97437e858902ab5bdade90_DNE_0_v2,071f7b54-5a81-4085-9c23-d9da2be5810f_Feb_23__2026__12_38_44_PM.log,3.6.1,approve,,end,10,191,18,13,34,16,17,14,46,14,19
90f7cfdf67ca43ecb778d12a21716b6b_DNE_0_v2,07d89dd1-17d9-477e-8808-2d3a3573c2de_Mar_5__2026__7_24_26_AM.log,3.6.1,aborted,,end,2,0,,,,,,,,,
5b41325c4db84e9cb9a8fb2e1bb78ac6_DNE_0_v2,082fd9be-a9e5-4057-86e9-56e651236b1e_Feb_13__2026__1_39_21_PM.log,3.6.1,approve,,end,10,189,36,19,16,18,19,16,41,14,10
ddba45b05a5e48558e61b37c01c51418_DNE_0_v2,08682bc7-23b3-43a7-a5b5-b6878fcb2f1b_Feb_11__2026__3_59_59_PM.log,3.6.1,aborted,,end,4,41,26,15,,,,,,,
b918ce1c36d9400bb1acebc002ff37d7_DNE_0_v2,0871db9d-12dd-4909-85f3-e44f30d1f9a4-1770297704_Feb_5__2026__3_01_24_PM.log,3.6.1,aborted,,end,4,33,20,13,,,,,,,
b918ce1c36d9400bb1acebc002ff37d7_DNE_1_v2,0871db9d-12dd-4909-85f3-e44f30d1f9a4-1770297704_Feb_5__2026__3_02_13_PM.log,3.6.1,aborted,,end,4,33,20,13,,,,,,,
d4b7922b32ed4671912f8dfde5090cdf_DNE_0_v2,0871db9d-12dd-4909-85f3-e44f30d1f9a4-1770297704_Feb_6__2026__3_27_47_PM.log,3.6.1,approve,,end,10,179,5,7,10,25,23,14,44,13,38
2eb00f9534524219979825eac0030c0d_DNE_0_v2,087a305a-c432-4d79-80db-509bc984f209_Feb_15__2026__9_10_44_PM.log,3.6.1,aborted,,end,3,20,20,,,,,,,,
2eb00f9534524219979825eac0030c0d_DNE_1_v2,087a305a-c432-4d79-80db-509bc984f209_Feb_15__2026__9_13_24_PM.log,3.6.1,approve,,end,10,245,20,108,8,23,14,18,40,14,
5d5aae9b854845b293d2b5d0ab93dd87_DNE_0_v2,0981bb22-1a30-4488-96b6-50463d507b71-1771495169_Feb_19__2026__11_23_30_AM.log,3.6.1,approve,,end,10,212,21,10,12,17,57,15,42,14,24
3b2084a17c77463da7d96ace53c0505b_DNE_0_v2,0981bb22-1a30-4488-96b6-50463d507b71_Feb_18__2026__10_07_44_PM.log,3.6.1,reject,no-more-photo-candidate-allowed,end,6,442,387,24,10,21,,,,,
3b2084a17c77463da7d96ace53c0505b_DNE_1_v2,0981bb22-1a30-4488-96b6-50463d507b71_Feb_18__2026__10_11_26_PM.log,3.6.1,aborted,no-more-photo-candidate-allowed,end,8,723,387,24,10,21,265,16,,,
3b2084a17c77463da7d96ace53c0505b_DNE_2_v2,0981bb22-1a30-4488-96b6-50463d507b71_Feb_18__2026__10_14_32_PM.log,3.6.1,approve,no-more-photo-candidate-allowed,end,10,939,387,24,10,21,265,16,202,14,
2f908f6e06834828a6cb1d32cfbafb8d_DNE_0_v2,09c425cd-1d36-49ed-b0c4-1f16c4906a1c_Feb_17__2026__4_26_51_PM.log,3.6.1,aborted,,end,4,101,84,17,,,,,,,
af78d2bcce654db99b33fb16f9c233cc_DNE_0_v2,09c425cd-1d36-49ed-b0c4-1f16c4906a1c_Feb_18__2026__3_26_11_PM.log,3.6.1,approve,,end,10,274,20,16,17,46,40,30,52,14,39
ba8c525bcd5a41cab935bc159d78f536_DNE_0_v2,0ab83db3-7305-4113-ba9b-79990fc98d02-1771412201_Feb_19__2026__12_58_51_PM.log,3.6.1,aborted,,end,5,103,79,15,9,,,,,,
7650fc9fb81b412eaba1446b883f17d8_DNE_0_v2,0ac3fa99-4d0b-46ee-b220-5f15bb9a215a_Mar_2__2026__4_13_44_PM.log,3.6.1,aborted,,end,4,34,17,17,,,,,,,
7650fc9fb81b412eaba1446b883f17d8_DNE_1_v2,0ac3fa99-4d0b-46ee-b220-5f15bb9a215a_Mar_2__2026__4_15_07_PM.log,3.6.1,aborted,,end,4,34,17,17,,,,,,,
7650fc9fb81b412eaba1446b883f17d8_DNE_2_v2,0ac3fa99-4d0b-46ee-b220-5f15bb9a215a_Mar_2__2026__4_17_19_PM.log,3.6.1,aborted,,end,4,34,17,17,,,,,,,
b497c1b1c21541ecadecc2c469097a76_DNE_0_v2,0ac3fa99-4d0b-46ee-b220-5f15bb9a215a_Mar_2__2026__4_19_30_PM.log,3.6.1,aborted,,end,4,35,27,8,,,,,,,
b497c1b1c21541ecadecc2c469097a76_DNE_1_v2,0ac3fa99-4d0b-46ee-b220-5f15bb9a215a_Mar_2__2026__4_20_35_PM.log,3.6.1,aborted,,end,5,147,27,8,112,,,,,,
b497c1b1c21541ecadecc2c469097a76_DNE_2_v2,0ac3fa99-4d0b-46ee-b220-5f15bb9a215a_Mar_2__2026__4_21_01_PM.log,3.6.1,aborted,,end,5,147,27,8,112,,,,,,
b988abc2e62c4928b6a7c109a2aea02c_DNE_0_v2,0ae29265-ae29-4e42-92b1-eead291f6e94-1771575664_Feb_20__2026__10_04_20_AM.log,3.6.1,approve,,end,10,218,14,12,20,22,42,19,46,14,29
712e964ad0b24dec863366e9bb5f0161_DNE_0_v2,0b1ed663-f99c-4016-a0b9-a1a018898d02-1771488696_Feb_19__2026__4_52_23_PM.log,3.6.1,aborted,,end,3,20,20,,,,,,,,
712e964ad0b24dec863366e9bb5f0161_DNE_1_v2,0b1ed663-f99c-4016-a0b9-a1a018898d02-1771488696_Feb_19__2026__4_57_05_PM.log,3.6.1,approve,,end,10,303,20,41,13,89,59,19,48,14,
dba9cf180b744ae0b81ab82afed2321f_DNE_0_v2,0b1ed663-f99c-4016-a0b9-a1a018898d02_Feb_18__2026__5_03_33_PM.log,3.6.1,approve,,end,10,182,14,35,6,22,17,15,46,14,13
5128c2b1c5604ac9870704ec8ae14d44_DNE_0_v2,0b5c0676-87f5-403e-866f-c1a213e214c9_Mar_4__2026__2_14_12_PM.log,3.6.1,approve,,end,10,437,39,73,89,26,33,24,59,14,80
46d0d7186c414d50a76e32f4b83d2820_DNE_0_v2,0c23c010-b45e-4011-a0d5-321b02148c39-1768483382_Feb_5__2026__1_51_08_PM.log,3.6.1,aborted,,end,4,90,62,28,,,,,,,
46d0d7186c414d50a76e32f4b83d2820_DNE_1_v2,0c23c010-b45e-4011-a0d5-321b02148c39-1768483382_Feb_5__2026__1_56_11_PM.log,3.6.1,approve,,end,10,388,62,28,156,32,39,16,42,13,
fdb53a066f71490f868c08b77acf9004_DNE_0_v2,0c61cb33-ce21-4480-9763-01eefffe6382_Feb_12__2026__10_12_34_AM.log,3.6.1,approve,,end,10,435,74,78,22,71,56,45,51,14,24
03227dd76bbf4cc0ad802e1ce74714cf_DNE_0_v2,0c9aec64-866a-4ef7-9337-adfd4d50133b_Feb_13__2026__11_47_45_AM.log,3.6.1,approve,,end,10,394,166,19,11,30,50,20,57,13,28
fb4fc9725a0d48ca91dc167aa42e85a6_DNE_0_v2,0cf58577-53d7-4567-ae27-2d92246438fe-1771317094_Feb_17__2026__2_49_13_PM.log,3.6.1,aborted,,end,4,38,22,16,,,,,,,
fb4fc9725a0d48ca91dc167aa42e85a6_DNE_1_v2,0cf58577-53d7-4567-ae27-2d92246438fe-1771317094_Feb_17__2026__2_54_08_PM.log,3.6.1,aborted,,end,4,38,22,16,,,,,,,
fc99fda7b063491885785464c21e7c1c_DNE_0_v2,0d9bd5ae-5353-4368-908c-89189b21d261-1771845800_Feb_24__2026__7_52_35_AM.log,3.6.1,approve,,end,10,256,33,20,14,19,30,66,36,14,24
7da01bc7fde149f0bbb1c78427c8320e_DNE_0_v2,0e39b799-ed5d-48f8-82bd-d14bff424c7a_Feb_9__2026__3_02_42_PM.log,3.6.1,aborted,,end,4,61,34,27,,,,,,,
558cee4142e44db8a46535e3347934b4_DNE_0_v2,0f18a68f-12d1-46c3-abe5-8f35036c4dc1_Feb_13__2026__2_39_34_PM.log,3.6.1,approve,,end,10,195,43,12,9,25,23,12,50,14,7
20294362ba1e4f18838f78d32b86ca11_DNE_0_v2,0f71d03f-d93a-44bd-92c6-419c6b2a6b8a-1771845884_Feb_23__2026__12_34_59_PM.log,3.6.1,approve,,end,10,199,20,18,6,19,32,17,56,14,17
a02f547c32e14425b3802a6534df1417_DNE_0_v2,0f71d03f-d93a-44bd-92c6-419c6b2a6b8a_Feb_20__2026__12_00_01_PM.log,3.6.1,approve,,end,10,264,15,24,70,24,33,17,56,14,11
8b98a963624a4c5592a3c3342c5bb7b5_DNE_0_v2,0fe9ae1a-4610-4f4e-ac6c-13c1837d45c3_Mar_3__2026__12_56_06_PM.log,3.6.1,approve,,end,10,281,19,91,17,36,22,14,57,14,11
1f5ca712de734a92bbb3ca0eb7aa1245_DNE_0_v2,1066c090-d6b2-49ef-8205-d41cdd298748-1771932448_Feb_24__2026__12_39_21_PM.log,3.6.1,approve,,end,10,189,10,8,8,29,28,29,55,14,8
83d4f866723245869c718e3214e5bee3_DNE_0_v2,1066c090-d6b2-49ef-8205-d41cdd298748_Feb_24__2026__12_14_47_PM.log,3.6.1,approve,,end,10,237,22,16,14,19,63,13,57,13,20
556a03286a8f475eb0c04a1535cc40e3_DNE_0_v2,10881ce1-5f81-4d22-a866-fcd9fa9073a5-1771576575_Feb_22__2026__8_46_17_AM.log,3.6.1,approve,,end,10,286,23,74,20,49,25,20,43,13,19
86c58c82488c44228e8da1f6f43905b4_DNE_0_v2,10881ce1-5f81-4d22-a866-fcd9fa9073a5_Feb_13__2026__7_35_48_PM.log,3.6.1,aborted,,end,3,5,5,,,,,,,,
86c58c82488c44228e8da1f6f43905b4_DNE_1_v2,10881ce1-5f81-4d22-a866-fcd9fa9073a5_Feb_13__2026__7_40_05_PM.log,3.6.1,approve,,end,10,275,5,102,38,21,18,16,62,13,
edb271758dd6410984725d505520ed6a_DNE_0_v2,10d9c40a-ee48-497c-b78a-c2d411e791aa_Feb_17__2026__3_00_30_PM.log,3.6.1,approve,,end,10,258,22,19,25,18,51,40,46,14,23
180e5413501c448eb50cb9390ebb8b04_DNE_0_v2,11122175-b5f6-43b6-a6dd-12c9739ddc99-1768403112_Feb_12__2026__2_24_22_PM.log,3.6.1,approve,,end,10,311,39,41,39,24,73,16,46,14,19
d8f05f0cae2e41bd8b290c9c0166e8bc_DNE_0_v2,112adb12-23e7-4372-a6cf-5525a3792cbe_Feb_25__2026__11_33_22_AM.log,3.6.1,approve,,end,10,313,32,26,82,46,24,18,59,14,12
131828a595674e7c8f09cbe212e04014_DNE_0_v2,1146feea-94dc-402e-ad06-29da8863f9a4_Feb_15__2026__11_51_23_AM.log,3.6.1,approve,,end,10,280,80,21,14,18,18,19,35,14,61
83422d04599d491195fab25b61d26bc3_DNE_0_v2,11bf6913-7780-4d17-9deb-49945b5c0eca_Feb_17__2026__7_44_56_PM.log,3.6.1,approve,,end,10,316,22,37,70,18,36,23,59,14,37
bf9b433d35d9476e935b167b3b3800cc_DNE_0_v2,1246498b-9ceb-467f-8050-74f7d5cfab1e-1772191051_Feb_27__2026__12_50_52_PM.log,3.6.1,aborted,,end,3,17,17,,,,,,,,
bf9b433d35d9476e935b167b3b3800cc_DNE_1_v2,1246498b-9ceb-467f-8050-74f7d5cfab1e-1772191051_Feb_27__2026__12_56_53_PM.log,3.6.1,approve,,end,10,453,17,165,23,29,123,25,57,14,
9826deee76cc4baa97b415dc7e068247_DNE_0_v2,128bcaf7-d38e-4df5-8c4c-fbc73ba592d4_Feb_11__2026__10_49_56_AM.log,3.6.1,unknown,,voice-liveness-check,2,37,37,,,,,,,,
fc7dbda348a24a1896f0f541931ae290_DNE_0_v2,128bcaf7-d38e-4df5-8c4c-fbc73ba592d4_Feb_11__2026__10_56_05_AM.log,3.6.1,unknown,,voice-liveness-check,2,18,18,,,,,,,,
aaac164e43f041c289cb609ea8d2320e_DNE_0_v2,135a6861-e1be-49f0-8ca1-66a0c135ae75-1771946966_Feb_25__2026__10_06_17_AM.log,3.6.1,aborted,,end,5,126,54,28,44,,,,,,
c82b9a5af0de4f50879f53943c901080_DNE_0_v2,135a6861-e1be-49f0-8ca1-66a0c135ae75-1771946966_Feb_25__2026__10_12_08_AM.log,3.6.1,approve,,end,10,279,20,23,67,20,36,17,53,13,30
cf92aa20233b4453b82e7b525897b7fe_DNE_0_v2,135a6861-e1be-49f0-8ca1-66a0c135ae75_Feb_24__2026__9_18_14_AM.log,3.6.1,approve,,end,10,405,112,39,41,23,62,19,58,13,38
4bedb111b39547e98145f41ac0420462_DNE_0_v2,1378fe79-d256-4040-a5a8-655a0b9a0d20_Feb_21__2026__9_42_29_AM.log,3.6.1,unknown,,twoFactor,9,244,71,45,29,14,14,12,45,14,
afa3bb278da6489d9942a83f292c7670_DNE_0_v2,1378fe79-d256-4040-a5a8-655a0b9a0d20_Feb_22__2026__7_01_58_PM.log,3.6.1,aborted,,end,2,0,,,,,,,,,
2c31bea55f354dfebb8e0121792e1eb8_DNE_0_v2,1378fe79-d256-4040-a5a8-655a0b9a0d20_Feb_23__2026__12_34_48_PM.log,3.6.1,approve,,end,10,241,31,24,39,26,22,16,47,14,22
c01d92dafbb049668de12432ce8a1e35_DNE_0_v2,139b75a3-4fe3-4fda-bf52-a3de4230758c_Feb_18__2026__2_09_18_PM.log,3.6.1,approve,,end,10,297,27,14,70,40,28,26,55,13,24
4824fad966b3430994e3889f67f0d81b_DNE_0_v2,13a08b9b-8ac9-4139-9c9d-82f2d5d2f7ab-1770377918_Feb_18__2026__10_49_45_AM.log,3.6.1,approve,,end,10,231,17,13,12,21,21,17,56,13,61
bd35e4d5560c469ca0348dd307f54c78_DNE_0_v2,13e7db60-b5ff-4c0e-8806-2aae3728618b_Mar_4__2026__2_16_34_PM.log,3.6.1,approve,,end,10,242,29,11,7,42,32,21,47,13,40
df2e4f74c23a4fbbb1f47bda19907d4d_DNE_0_v2,1425c8b3-d29d-424a-86aa-5b06e4c98da2_Feb_17__2026__3_55_36_PM.log,3.6.1,aborted,,end,3,14,14,,,,,,,,
df2e4f74c23a4fbbb1f47bda19907d4d_DNE_1_v2,1425c8b3-d29d-424a-86aa-5b06e4c98da2_Feb_17__2026__4_04_41_PM.log,3.6.1,approve,,end,10,551,14,385,13,28,39,20,38,14,
b0a923eb62174ff78bff522e53c642ad_DNE_0_v2,14488c00-409d-4d18-95fd-0d88668f40c1_Feb_19__2026__7_28_47_PM.log,3.6.1,approve,,end,10,343,20,22,83,31,27,72,60,14,14
f6215d0db7534afeb194c10a1a537956_DNE_1_v2,1452dc0f-f541-40b1-9966-c2f3a8a0b8eb_Feb_25__2026__3_22_27_PM.log,3.6.1,approve,,end,1,0,,,,,,,,,
a8dc551b91334adcb6c88312c7c19b3f_DNE_0_v2,1476b45d-a1b9-4fe0-845b-836a4ff46341_Feb_25__2026__8_22_41_AM.log,3.6.1,approve,,end,10,264,31,20,71,22,26,16,59,13,6
d797450b6a364eecbe2bac66b82fb464_DNE_0_v2,14fe5cdb-e079-43ab-a172-ae5b801e0cc2_Feb_27__2026__3_30_29_PM.log,3.6.1,approve,,end,10,239,37,27,12,17,21,27,55,34,9
a912d960dc974254a5da13b257cf94d7_DNE_0_v2,150a7cf6-1210-452a-b96a-48fbb77a134f_Feb_23__2026__5_42_59_PM.log,3.6.1,aborted,,end,5,371,58,103,210,,,,,,
c1ae1a7ee240409b85bc17ccdb77c825_DNE_0_v2,150a7cf6-1210-452a-b96a-48fbb77a134f_Feb_24__2026__5_11_09_PM.log,3.6.1,aborted,,end,5,174,61,85,28,,,,,,
c1ae1a7ee240409b85bc17ccdb77c825_DNE_1_v2,150a7cf6-1210-452a-b96a-48fbb77a134f_Feb_24__2026__5_24_24_PM.log,3.6.1,aborted,,end,6,1203,61,85,28,1029,,,,,
c1ae1a7ee240409b85bc17ccdb77c825_DNE_2_v2,150a7cf6-1210-452a-b96a-48fbb77a134f_Feb_24__2026__5_34_09_PM.log,3.6.1,approve,,end,10,1842,61,85,28,1029,488,34,72,45,
a23405075793463c8c5de6d1072d4ea2_DNE_0_v2,1538ba83-32c7-4e0f-8288-bffa627d6423-1771577682_Feb_23__2026__10_43_41_AM.log,3.6.1,reject,no-more-photo-candidate-allowed,end,6,141,13,30,69,29,,,,,
a23405075793463c8c5de6d1072d4ea2_DNE_1_v2,1538ba83-32c7-4e0f-8288-bffa627d6423-1771577682_Feb_23__2026__10_46_38_AM.log,3.6.1,reject,no-more-photo-candidate-allowed,end,6,141,13,30,69,29,,,,,
a23405075793463c8c5de6d1072d4ea2_DNE_2_v2,1538ba83-32c7-4e0f-8288-bffa627d6423-1771577682_Feb_23__2026__10_50_57_AM.log,3.6.1,approve,no-more-photo-candidate-allowed,end,10,704,13,30,69,29,472,24,53,14,
699942ceec61494fa4f77f439be58955_DNE_0_v2,1565844a-8782-4884-a8ec-3cf899d91107_Feb_6__2026__3_04_47_PM.log,3.6.1,approve,,end,10,263,74,15,21,25,20,15,55,14,24
1c20112f5aba41a39952b1c6516eca97_DNE_0_v2,15860bf9-6a5d-49ae-a5ff-dbd0aa205598-1770808590_Feb_11__2026__2_25_29_PM.log,3.6.1,aborted,,end,4,54,18,36,,,,,,,
9a28dee3a0c74db993598b1ac6663a69_DNE_0_v2,15860bf9-6a5d-49ae-a5ff-dbd0aa205598-1770818215_Feb_11__2026__3_59_07_PM.log,3.6.1,aborted,,end,4,18,11,7,,,,,,,
3c4e9376793c48d2bf65409331760ef9_DNE_0_v2,1591c86e-1b56-448c-9ba5-82ee2b97ed05_Feb_23__2026__2_04_22_PM.log,3.6.1,approve,,end,10,293,33,13,71,55,22,21,51,14,13
b74cd4b1eade488ba409615bbd7101b2_DNE_0_v2,162aa975-b587-4bc7-9c20-d1b5549c5073_Feb_28__2026__9_53_46_AM.log,3.6.1,approve,,end,10,246,6,19,14,23,39,21,56,14,54
91a13d7093dd45bf8f666c2d37625956_DNE_0_v2,167b4d86-91df-4b52-91c4-eff7e5c709fe_Feb_18__2026__6_34_01_PM.log,3.6.1,approve,,end,10,373,89,20,26,58,67,20,49,14,30
e5fc77bf8f3f43b69d4ce6dc13d22a4e_DNE_0_v2,16c8aeef-cbd9-42f7-86bf-5d1f14c3588a_Feb_12__2026__9_07_34_PM.log,3.6.1,approve,,end,10,267,28,34,23,45,22,13,52,14,36
d1299bb64d3841348df753f9ddef7531_DNE_0_v2,170fe827-0ed8-436c-8915-94cc9403cf5a_Feb_11__2026__1_31_22_PM.log,3.6.1,aborted,,end,4,130,100,30,,,,,,,
3da3bed6e195401b9d4ac7f56bf30197_DNE_0_v2,1719de65-dde9-40bb-97c2-1eadc9a8a662_Feb_12__2026__1_59_40_PM.log,3.6.1,approve,,end,10,173,30,10,6,17,19,12,40,13,26
c6e5846273934886b1c52a1a2e062951_DNE_0_v2,171d0657-cd88-4179-9427-4ee78f046c02-1770972599_Feb_13__2026__10_47_38_AM.log,3.6.1,approve,,end,10,379,82,29,15,43,16,18,55,37,84
5ffba2d02b5b484fab379090d98f4271_DNE_0_v2,1723ec01-f42a-4ac6-86b4-7f4f02c0d470_Mar_6__2026__11_35_00_AM.log,3.6.1,aborted,,end,3,17,17,,,,,,,,
5025b42eaf8145b396548ef9f8affa68_DNE_0_v2,1723ec01-f42a-4ac6-86b4-7f4f02c0d470_Mar_6__2026__11_38_15_AM.log,3.6.1,aborted,,end,4,33,13,20,,,,,,,
93723bd4b2114c8fa91986e4cdc77b3b_DNE_0_v2,174e47b6-a570-4bd2-836d-6052d89231b2_Feb_17__2026__2_57_04_PM.log,3.6.1,approve,,end,10,186,17,17,10,25,20,17,46,14,20
b5c96e81f8ca43b49d8f5bb3f9013a33_DNE_0_v2,181b117d-c18d-4e65-8b3e-e45cdad9b85c_Mar_3__2026__4_25_30_PM.log,3.6.1,approve,,end,10,357,38,37,68,79,41,20,46,13,15
e663fb4250204a719825fd365cec5a85_DNE_0_v2,185cd003-9951-48e0-a84e-788e2f8fece8_Feb_26__2026__12_28_44_PM.log,3.6.1,approve,,end,10,223,23,19,10,23,36,16,59,14,23
72001dbd3c8e4065bb9a969cbd99960f_DNE_0_v2,19111ffe-0c68-43f2-8b65-68aadc280ee4-1771922295_Feb_24__2026__11_41_04_AM.log,3.6.1,aborted,,end,5,92,62,12,18,,,,,,
72001dbd3c8e4065bb9a969cbd99960f_DNE_1_v2,19111ffe-0c68-43f2-8b65-68aadc280ee4-1771922295_Feb_24__2026__11_43_55_AM.log,3.6.1,approve,,end,9,228,62,12,18,85,26,25,,,
cd7cb41218844727a86c326d84e26756_DNE_0_v2,19111ffe-0c68-43f2-8b65-68aadc280ee4_Feb_20__2026__3_25_33_PM.log,3.6.1,reject,no-more-photo-candidate-allowed,end,6,104,32,28,18,26,,,,,
cd7cb41218844727a86c326d84e26756_DNE_1_v2,19111ffe-0c68-43f2-8b65-68aadc280ee4_Feb_20__2026__3_38_49_PM.log,3.6.1,approve,no-more-photo-candidate-allowed,end,10,976,32,28,18,26,788,21,49,14,
5ff7aaed937448ffa24a1b6a3ddd6339_DNE_2_v2,196b1650-9797-49d7-9224-118665ef0c75_Feb_17__2026__4_59_15_PM.log,3.6.1,approve,,end,10,243,35,16,14,19,28,19,56,14,42
7afc94b3e4af48758bb03fbfdc708179_DNE_0_v2,1a16f155-eb9c-4c94-bb7f-790beaf9485c-1771342459_Feb_19__2026__9_58_23_AM.log,3.6.1,approve,,end,10,188,24,24,16,13,22,16,42,13,18
ded7c3503ed345dfa0e409f2c64a60d0_DNE_1_v2,1a7f62a3-4e31-4d2e-85d3-b58ae4c510f9-1770887001_Feb_16__2026__9_49_44_AM.log,3.6.1,approve,,end,10,431,39,26,133,22,32,22,54,14,89
7a9ff7843172479bb62db56adff13923_DNE_0_v2,1a7f62a3-4e31-4d2e-85d3-b58ae4c510f9_Feb_11__2026__3_44_17_PM.log,3.6.1,aborted,,end,3,29,29,,,,,,,,
7a9ff7843172479bb62db56adff13923_DNE_1_v2,1a7f62a3-4e31-4d2e-85d3-b58ae4c510f9_Feb_11__2026__3_46_18_PM.log,3.6.1,aborted,,end,4,191,29,162,,,,,,,
8711e97d0a70445396463c8207ba4144_DNE_0_v2,1a826c1c-8dcd-4a14-b1d8-0ed4844866c8_Feb_19__2026__11_10_33_AM.log,3.6.1,approve,,end,10,271,24,18,32,34,36,15,61,14,37
5521957788e247d89ec1555d36c42c4e_DNE_0_v2,1a86f439-479a-43e6-9d48-b5c844c6e7ac-1771942277_Feb_24__2026__3_17_06_PM.log,3.6.1,approve,,end,10,227,10,23,13,18,46,17,61,13,26
64d4ef203b3a42988f2db249a2150530_DNE_0_v2,1af2c673-e5ea-446f-8c2d-6aca29b5b8e1-1772551571_Mar_3__2026__4_48_10_PM.log,3.6.1,approve,,end,10,389,84,52,31,51,50,33,47,14,27
6a600d74f37a4f99b93be8ae16bc85a0_DNE_0_v2,1af2c673-e5ea-446f-8c2d-6aca29b5b8e1-1772610640_Mar_4__2026__3_45_48_PM.log,3.6.1,reject,no-more-photo-candidate-allowed,end,5,70,27,28,15,,,,,,
6a600d74f37a4f99b93be8ae16bc85a0_DNE_1_v2,1af2c673-e5ea-446f-8c2d-6aca29b5b8e1-1772610640_Mar_4__2026__3_51_48_PM.log,3.6.1,aborted,no-more-photo-candidate-allowed,end,5,70,27,28,15,,,,,,
5730194d7974417a822cc2ed158086e6_DNE_0_v2,1af2c673-e5ea-446f-8c2d-6aca29b5b8e1_Mar_3__2026__3_26_40_PM.log,3.6.1,approve,,end,10,318,44,32,36,26,63,38,47,14,18
28a7b54a07e54f2db0b5b4e2e881c7fd_DNE_0_v2,1bb306f1-9901-4480-becb-875d0e70be98_Mar_4__2026__9_34_28_AM.log,3.6.1,approve,,end,10,247,20,25,21,24,20,22,83,14,18
161894e6834a4c35a5b3d05185d12eec_DNE_0_v2,1bc2b9d5-3519-45a1-8bcb-70fab0672a03_Feb_18__2026__2_11_04_PM.log,3.6.1,approve,,end,10,188,32,19,12,16,12,13,37,13,34
ddc608a095b64d65a3f9862e421fea0d_DNE_0_v2,1bf8a417-d000-4f01-9682-279c642c1b96-1772443051_Mar_2__2026__10_51_41_AM.log,3.6.1,approve,,end,10,253,18,18,12,57,19,16,46,13,54
b4b2b9963e954484afd37343bea886b0_DNE_2_v2,1bf8a417-d000-4f01-9682-279c642c1b96-1772449600_Mar_2__2026__12_25_37_PM.log,3.6.1,approve,,end,10,162,7,32,11,24,19,10,36,13,10
8d8b5f197f61471688d8ac30569a7f67_DNE_0_v2,1bf8a417-d000-4f01-9682-279c642c1b96_Feb_28__2026__9_02_36_PM.log,3.6.1,approve,,end,10,184,15,14,15,19,29,14,47,14,17
7b2d5603b6a643498cb8b4079449195e_DNE_0_v2,1c01c3ec-6551-49ed-aef2-eabff75f2dd7_Feb_25__2026__8_02_02_AM.log,3.6.1,approve,,end,8,260,,,19,58,38,47,57,14,27
d042e5c892f54f2db06fe3a8cc5e02a1_DNE_0_v2,1c571763-f94d-4d1b-9e15-8205b4c60e8c-1771582931_Feb_20__2026__12_00_48_PM.log,3.6.1,approve,,end,10,182,12,18,11,23,28,23,41,13,13
0d106349a12f474d8efd5006d17c067e_DNE_0_v2,1ca126ee-0fd7-4710-b14f-73d39dcab39f_Feb_25__2026__11_28_00_AM.log,3.6.1,approve,,end,10,212,27,12,15,18,16,11,60,13,40
979f36c1ef934432b1f609087be53c90_DNE_0_v2,1ca2608e-7958-4aa2-97a1-85e6eda3c938_Feb_19__2026__4_58_28_PM.log,3.6.1,approve,,end,10,194,24,14,12,19,27,14,41,14,29
fc1de639e83449f3bd5454c95815cbc4_DNE_0_v2,1cb90a75-bd2c-4f2f-a4e7-a03a4c70b74f_Feb_20__2026__11_03_25_AM.log,3.6.1,aborted,,end,4,60,27,33,,,,,,,
6e98dd1ad6c448deb74300e0bc50edb8_DNE_0_v2,1ccdc6f8-ae7e-4362-94c1-abdf2daa3060_Feb_23__2026__12_13_24_PM.log,3.6.1,approve,,end,10,275,19,12,9,18,40,86,51,14,26
94159c2300da486abfee556a7fd73e57_DNE_0_v2,1d1b1e03-be69-400a-bd2f-1e1db8537217_Feb_18__2026__8_17_33_AM.log,3.6.1,approve,,end,10,264,23,16,37,47,26,15,56,13,31
bc56cb1750ef4a2d9c404ecea180ffb0_DNE_0_v2,1d1d7776-5658-464d-91d7-2574930de3ab_Feb_10__2026__3_17_03_PM.log,3.6.1,aborted,,end,9,309,78,12,52,35,45,32,55,,
6788c63e0bb14077b8440416cec42c01_DNE_0_v2,1d2e3d0a-b8f6-4154-8954-220b0ddc11ee_Feb_25__2026__1_10_20_PM.log,3.6.1,aborted,,end,3,27,27,,,,,,,,
6788c63e0bb14077b8440416cec42c01_DNE_1_v2,1d2e3d0a-b8f6-4154-8954-220b0ddc11ee_Feb_25__2026__1_15_24_PM.log,3.6.1,approve,,end,10,354,27,159,25,21,39,13,56,14,
2ce9827e7a2a49a5908c5ec5bd7a14eb_DNE_0_v2,1d33eef9-5dfa-4c45-b143-b17e04b9550c_Feb_6__2026__9_01_17_AM.log,3.6.1,approve,,end,10,169,16,13,10,21,19,14,53,13,10
40d2a277bdef4851b844ca65366851eb_DNE_0_v2,1da53a16-5979-4fd6-acbf-a9fa61f71894_Mar_3__2026__2_25_14_PM.log,3.6.1,approve,,end,10,238,37,17,44,31,19,12,42,14,22
9ba294f2f86c4e1eb4b4297302e8cb17_DNE_0_v2,1dbc001f-0c95-413f-9ff9-8f35095c1daf_Mar_3__2026__6_38_32_PM.log,3.6.1,approve,,end,10,193,28,15,17,19,22,16,47,14,15
7b1cc42362da43edb63936d4df5abfbc_DNE_0_v2,1e228982-6a11-46f0-98ff-707dd0c80eb7_Feb_17__2026__1_05_53_PM.log,3.6.1,aborted,,end,3,8,8,,,,,,,,
904466b71eb94ca6805503a97512f79f_DNE_2_v2,1e37a8cb-150c-4ec1-b6ac-10e9c1475b49-1770882847_Feb_12__2026__11_00_35_AM.log,3.6.1,aborted,,end,1,0,,,,,,,,,
904466b71eb94ca6805503a97512f79f_DNE_3_v2,1e37a8cb-150c-4ec1-b6ac-10e9c1475b49-1770882847_Feb_12__2026__11_01_50_AM.log,3.6.1,aborted,,end,4,32,19,13,,,,,,,
fe10e651189c4fa69d385d04858859e4_DNE_0_v2,1e37a8cb-150c-4ec1-b6ac-10e9c1475b49-1770882847_Feb_13__2026__10_24_56_AM.log,3.6.1,aborted,,end,4,32,21,11,,,,,,,
fe10e651189c4fa69d385d04858859e4_DNE_1_v2,1e37a8cb-150c-4ec1-b6ac-10e9c1475b49-1770882847_Feb_13__2026__10_28_02_AM.log,3.6.1,reject,face_mismatch,end,6,210,21,11,149,29,,,,,
b0fc7e20d6844c38bfa7cf2d09357c9a_DNE_0_v2,1e37a8cb-150c-4ec1-b6ac-10e9c1475b49-1770976976_Feb_13__2026__3_08_22_PM.log,3.6.1,approve,,end,10,260,18,17,12,36,53,24,56,13,31
31e7b93f1bc847029cff21356ab277c6_DNE_0_v2,1e37a8cb-150c-4ec1-b6ac-10e9c1475b49-1770994680_Feb_16__2026__10_24_32_AM.log,3.6.1,approve,,end,10,195,19,19,16,26,23,10,60,14,8
64c8cbbe20be42c6b6382ec0aaf3775d_DNE_0_v2,1e37a8cb-150c-4ec1-b6ac-10e9c1475b49_Feb_12__2026__7_10_15_AM.log,3.6.1,aborted,,end,3,30,30,,,,,,,,
64c8cbbe20be42c6b6382ec0aaf3775d_DNE_1_v2,1e37a8cb-150c-4ec1-b6ac-10e9c1475b49_Feb_12__2026__7_11_28_AM.log,3.6.1,aborted,,end,3,30,30,,,,,,,,
40966cc8e764415da2527095ebca3847_DNE_0_v2,1e778ae5-fb80-4bdf-a4f1-fa734af23a54_Mar_4__2026__7_47_41_PM.log,3.6.1,approve,,end,10,271,43,23,70,28,20,13,41,13,20
aca26ba416a748f4afc63330d2daa3fd_DNE_0_v2,1ec34103-7c6f-48e3-bbbe-12953c4180b5_Feb_16__2026__1_46_31_PM.log,3.6.1,aborted,,end,3,22,22,,,,,,,,
aca26ba416a748f4afc63330d2daa3fd_DNE_1_v2,1ec34103-7c6f-48e3-bbbe-12953c4180b5_Feb_16__2026__1_50_12_PM.log,3.6.1,approve,,end,10,238,22,77,9,21,20,19,56,14,
73119cdbb78a4bcb91e1863b1a83b0a1_DNE_0_v2,1f462011-8a33-4854-bb8f-078302899e96_Mar_2__2026__1_26_48_PM.log,3.6.1,unknown,,idFront,5,59,17,13,15,14,,,,,
73119cdbb78a4bcb91e1863b1a83b0a1_DNE_1_v2,1f462011-8a33-4854-bb8f-078302899e96_Mar_2__2026__1_28_35_PM.log,3.6.1,approve,,end,10,182,17,13,15,14,48,10,44,13,8
9da4cf370d0b4cf09368838f8ddd683f_DNE_0_v2,1f65bd6b-ecca-4e72-a706-6a8bdcdf7d45_Feb_20__2026__10_32_30_AM.log,3.6.1,approve,,end,10,309,11,20,67,37,24,19,56,14,61
bd163eb8039e461892f71f010e9d9d07_DNE_0_v2,1f9134ff-f63d-4b9c-935f-0f69408b8939_Feb_19__2026__4_19_31_PM.log,3.6.1,approve,,end,10,358,37,40,117,25,18,15,52,14,40
8e521bf59258416c930d0795ecc4652b_DNE_0_v2,1fa7ce50-e340-47bd-a696-ffa9069c4381_Feb_18__2026__11_53_24_AM.log,3.6.1,aborted,,end,4,62,42,20,,,,,,,
8e521bf59258416c930d0795ecc4652b_DNE_1_v2,1fa7ce50-e340-47bd-a696-ffa9069c4381_Feb_18__2026__11_57_15_AM.log,3.6.1,approve,,end,10,344,42,20,152,20,28,15,53,14,
4f74b813e5e346b0a42617eb53c5ece6_DNE_0_v2,2043fce1-d228-405b-b1f7-08c872622f64_Feb_18__2026__2_35_09_PM.log,3.6.1,approve,,end,10,511,111,95,57,48,72,45,57,14,12
91461cd04f4144699a716b85cdf8b58a_DNE_0_v2,20bb1720-24a1-42f5-ada3-ec51137e83b2-1772525555_Mar_3__2026__9_17_58_AM.log,3.6.1,approve,,end,10,192,12,19,15,31,16,17,63,14,5
8e611318e38d45e3bf3324cd6202401f_DNE_0_v2,20bb1720-24a1-42f5-ada3-ec51137e83b2-1772609991_Mar_4__2026__6_50_09_PM.log,3.6.1,approve,,end,9,115,15,8,14,30,20,14,,,14
4f21f68be3f4468c8d43502ca0f13bf6_DNE_0_v2,20bb1720-24a1-42f5-ada3-ec51137e83b2_Mar_2__2026__3_36_54_PM.log,3.6.1,approve,,end,10,199,12,17,14,29,40,16,49,14,8
288cd54cc1034b5ca119dbbeed3c6bbd_DNE_0_v2,211da6ef-8bff-4b61-9b02-cecfa7e09890_Feb_19__2026__1_09_24_PM.log,3.6.1,approve,,end,10,276,47,26,14,57,28,28,47,14,15
ed1570d478564b5c971f29c669f404f6_DNE_0_v2,2136596b-6c74-4847-ae85-77c7ceb03df1_Feb_16__2026__4_00_26_PM.log,3.6.1,aborted,,end,9,172,12,19,11,32,24,18,56,,
ed1570d478564b5c971f29c669f404f6_DNE_1_v2,2136596b-6c74-4847-ae85-77c7ceb03df1_Feb_16__2026__4_05_33_PM.log,3.6.1,approve,,end,10,471,12,19,11,32,24,18,56,299,
ab3066e8fb25445582c2e84729ef968f_DNE_0_v2,21712550-5421-40d5-9fd7-7a78da8320d3_Mar_3__2026__10_22_26_AM.log,3.6.1,aborted,,end,5,92,32,32,28,,,,,,
9abbdfee28814708ad7e97f6de2330b8_DNE_0_v2,21712550-5421-40d5-9fd7-7a78da8320d3_Mar_3__2026__12_06_50_PM.log,3.6.1,aborted,,end,5,64,22,16,26,,,,,,
d99c8b93537c4d0e859666dc9ccc30b1_DNE_0_v2,21712550-5421-40d5-9fd7-7a78da8320d3_Mar_3__2026__12_15_06_PM.log,3.6.1,approve,,end,10,271,8,9,68,30,53,22,46,13,22
191d3e21871a4f72aecd85316b01d171_DNE_0_v2,21a3b08c-8d4f-40a7-8eec-19a8cdd7951d-1772011850_Feb_25__2026__2_29_58_PM.log,3.6.1,unknown,,idBack,6,92,11,12,11,33,25,,,,
191d3e21871a4f72aecd85316b01d171_DNE_1_v2,21a3b08c-8d4f-40a7-8eec-19a8cdd7951d-1772011850_Feb_25__2026__2_32_35_PM.log,3.6.1,approve,,end,10,281,11,12,11,33,25,103,55,15,16
94b1c426b0a34bbf8ced2009e25c3fe5_DNE_0_v2,21a3b08c-8d4f-40a7-8eec-19a8cdd7951d_Feb_24__2026__12_13_37_PM.log,3.6.1,approve,,end,10,208,30,15,10,30,15,23,55,14,16
9ca1469f22f648fdb06c0632ec4e1dea_DNE_0_v2,21bbd8eb-0dc2-4abc-be9d-35266ab57941-1771405216_Feb_25__2026__2_35_40_PM.log,3.6.1,approve,,end,10,220,36,16,12,23,23,19,54,14,23
3bb08e9a2d5145d682cf7fe3dc964958_DNE_1_v2,21c282e9-ced3-4102-a769-e01f07389db0_Feb_13__2026__4_08_11_PM.log,3.6.1,aborted,,end,3,27,27,,,,,,,,
3bb08e9a2d5145d682cf7fe3dc964958_DNE_2_v2,21c282e9-ced3-4102-a769-e01f07389db0_Feb_13__2026__4_12_41_PM.log,3.6.1,approve,,end,10,297,27,128,14,20,33,13,49,13,
db1a126d12b544119d9de5a631e9876e_DNE_0_v2,21c2aaf5-2e83-48ea-a73d-c12f2a19e1ed-1769686766_Feb_24__2026__12_56_41_PM.log,3.6.1,approve,,end,10,248,26,29,67,19,18,18,43,14,14
20411398d87c43acbd517036098553f2_DNE_0_v2,21f761e0-42da-4281-a5ca-7d3cabdf27c2-1771229965_Feb_18__2026__1_03_39_PM.log,3.6.1,aborted,,end,3,37,37,,,,,,,,
20411398d87c43acbd517036098553f2_DNE_1_v2,21f761e0-42da-4281-a5ca-7d3cabdf27c2-1771229965_Feb_18__2026__1_11_29_PM.log,3.6.1,aborted,,end,10,290,37,60,67,22,18,12,59,15,
20411398d87c43acbd517036098553f2_DNE_2_v2,21f761e0-42da-4281-a5ca-7d3cabdf27c2-1771229965_Feb_18__2026__1_12_24_PM.log,3.6.1,approve,,end,10,290,37,60,67,22,18,12,59,15,
eb0e36c85c8346ceae2c6279a97f4254_DNE_0_v2,21f761e0-42da-4281-a5ca-7d3cabdf27c2_Feb_13__2026__9_54_19_AM.log,3.6.1,approve,,end,10,295,29,26,13,19,23,67,57,14,47
73285f8e18604545b31e8b14684fe848_DNE_0_v2,2249d0e9-4d4f-48e6-9049-60cc6ac81ad6-1771341807_Feb_20__2026__1_31_54_PM.log,3.6.1,approve,,end,10,447,29,24,31,32,50,33,51,13,184
27e19a4b3b454839809d219fc56f98ac_DNE_0_v2,2249d0e9-4d4f-48e6-9049-60cc6ac81ad6_Feb_17__2026__10_05_04_AM.log,3.6.1,approve,,end,10,557,51,50,203,71,60,24,59,14,25
1b9e808d3ae449eebcfc57a62b3702ca_DNE_0_v2,22518250-c14a-41b1-971e-8bd3c219a83a_Feb_18__2026__4_08_03_PM.log,3.6.1,reject,no-more-photo-candidate-allowed,end,6,71,14,21,12,24,,,,,
1b9e808d3ae449eebcfc57a62b3702ca_DNE_1_v2,22518250-c14a-41b1-971e-8bd3c219a83a_Feb_18__2026__4_11_48_PM.log,3.6.1,reject,no-more-photo-candidate-allowed,end,6,71,14,21,12,24,,,,,
1b9e808d3ae449eebcfc57a62b3702ca_DNE_2_v2,22518250-c14a-41b1-971e-8bd3c219a83a_Feb_18__2026__4_14_36_PM.log,3.6.1,approve,no-more-photo-candidate-allowed,end,10,541,14,21,12,24,391,23,43,13,
f8547c02fcbb4a7b8f405be4a0238337_DNE_0_v2,22a5c8d3-25a2-4a21-9d6f-a7596c8dcef1-1770734508_Feb_18__2026__8_46_33_AM.log,3.6.1,aborted,,end,3,41,41,,,,,,,,
f8547c02fcbb4a7b8f405be4a0238337_DNE_1_v2,22a5c8d3-25a2-4a21-9d6f-a7596c8dcef1-1770734508_Feb_18__2026__8_51_00_AM.log,3.6.1,aborted,,end,4,253,41,212,,,,,,,
53c8243b95774448a898b69f64320234_DNE_0_v2,22a73406-75f9-4684-86e3-87f1ccbdfcb1_Feb_27__2026__12_35_05_PM.log,3.6.1,approve,,end,10,263,50,28,21,23,34,21,57,14,15
7e505aebb33348239348c12886996461_DNE_0_v2,22f634a3-ab12-4e64-8dbc-6545ce440e75_Feb_6__2026__3_44_15_PM.log,3.6.1,aborted,,end,4,1807,1789,18,,,,,,,
7e505aebb33348239348c12886996461_DNE_1_v2,22f634a3-ab12-4e64-8dbc-6545ce440e75_Feb_6__2026__3_48_36_PM.log,3.6.1,approve,,end,10,2096,1789,18,166,33,19,10,47,14,
cfe5a7c932934d78a05c532fbab7aa7d_DNE_0_v2,2368f9fe-1607-492f-b798-cae18361ac9f-1771231224_Feb_16__2026__2_32_16_PM.log,3.6.1,approve,,end,10,298,22,67,18,41,22,34,60,13,21
0720a1dfa823425a9f16748047a7e7a9_DNE_0_v2,2368f9fe-1607-492f-b798-cae18361ac9f_Feb_12__2026__5_56_57_PM.log,3.6.1,aborted,,end,3,79,79,,,,,,,,
0720a1dfa823425a9f16748047a7e7a9_DNE_1_v2,2368f9fe-1607-492f-b798-cae18361ac9f_Feb_12__2026__6_02_54_PM.log,3.6.1,approve,,end,10,461,79,159,71,34,26,19,59,14,
0f16a9984f31474c891c2146d294e737_DNE_0_v2,23ceea6e-0436-4ecd-9044-24e9064ea878_Feb_17__2026__12_50_43_PM.log,3.6.1,approve,,end,10,269,31,25,12,28,22,26,53,14,58
cf3a5957d2a6477d98c4bbf366c4395b_DNE_0_v2,247b5001-b3a3-4e9b-9da1-4908322c7433_Feb_23__2026__6_13_33_PM.log,3.6.1,approve,,end,10,241,17,12,53,22,23,24,46,14,30
dc692f8131a946e0bdee1e7beb6749df_DNE_0_v2,24c025fd-7396-43c4-89ed-fdecfef9a1b6_Mar_3__2026__10_39_34_AM.log,3.6.1,approve,,end,10,480,40,72,99,28,37,21,60,14,109
f0d32a5a5a314896ad88ceed603c9c00_DNE_0_v2,24d43f17-f7f9-4986-9396-acf9250a5c72_Feb_13__2026__10_46_47_AM.log,3.6.1,approve,,end,10,315,39,61,25,24,29,31,69,13,24
28cc575657004df4833dbdb16b61ca17_DNE_0_v2,253c722b-b015-464d-8dd1-ba8d414dc13b_Feb_27__2026__2_58_52_PM.log,3.6.1,aborted,,end,8,129,13,35,18,26,19,18,,,
5f32466abf314a5c906b2decc1d6d1f3_DNE_1_v2,253c722b-b015-464d-8dd1-ba8d414dc13b_Mar_2__2026__12_52_12_PM.log,3.6.1,approve,,end,10,162,24,6,6,18,15,27,44,14,8
e8800e484e43443393751d79c6ddd1b5_DNE_0_v2,256e4a99-4f75-4afc-85bd-48305f627b0b_Mar_3__2026__10_15_30_AM.log,3.6.1,approve,,end,10,300,10,22,72,28,35,15,48,52,18
bd346a5a13434168aa0d00296feb4725_DNE_0_v2,25859f37-eedd-4816-b24a-5e31feb53815_Feb_18__2026__11_25_28_AM.log,3.6.1,approve,,end,10,264,30,41,35,25,25,30,42,14,22
1c0bb145b4a1445d8f6dc3d61a5bc32c_DNE_0_v2,259313c7-5feb-4a12-a8b8-3c8ce3367a13_Feb_5__2026__11_34_51_AM.log,3.6.1,approve,,end,10,385,53,30,44,36,56,21,56,14,75
264a8188c0c240c892417fdd135209f6_DNE_0_v2,25b15932-75d6-403a-9132-d4d2a5b8100b_Feb_24__2026__9_59_26_AM.log,3.6.1,approve,,end,10,290,37,27,12,30,41,28,68,14,33
50f3f1695b064c2aacd22d592f3ab3df_DNE_0_v2,26d66dfc-3e41-4d26-bdf1-2e8ca5fc9422_Feb_21__2026__6_12_39_PM.log,3.6.1,approve,,end,10,232,29,11,17,21,62,15,44,14,19
138ce1c2e26645bc9a308d22d0d69d0e_DNE_0_v2,27353222-45f3-477d-893f-0a25444349ad_Feb_26__2026__12_11_59_PM.log,3.6.1,approve,,end,10,195,17,11,25,25,21,15,47,13,21
e462da6350d7430794c9df80b64075a2_DNE_0_v2,277bbf53-ba44-4627-8b4d-44ac783dda95-1771313075_Feb_17__2026__10_53_15_AM.log,3.6.1,approve,,end,9,158,9,9,71,16,34,12,,,7
af8b97d6b70d4e0b8fffd8c2cb966267_DNE_0_v2,277bbf53-ba44-4627-8b4d-44ac783dda95_Feb_12__2026__11_08_51_AM.log,3.6.1,approve,,end,10,175,10,20,6,15,19,25,48,13,19
3cdd08e7671c4d6691a6cc743bb351ae_DNE_0_v2,28171994-6fee-46e8-b7c8-c4755bc50313_Feb_12__2026__4_16_45_PM.log,3.6.1,approve,,end,10,305,34,18,73,31,35,17,48,14,35
af6248abffe844a589de8559f8cdbc6d_DNE_0_v2,283dcfcd-978f-49b3-8055-36dd0e143a80_Mar_4__2026__1_16_55_PM.log,3.6.1,approve,,end,10,233,38,27,17,18,34,13,56,13,17
9e665b0accb14db9870f6030b62c90ff_DNE_0_v2,2844e19d-c04b-47c2-8111-6536e7cc172a_Feb_20__2026__12_25_40_PM.log,3.6.1,approve,,end,10,466,37,125,74,66,39,21,58,14,32
4741dc50eb2e471b9f757fd0a73b772f_DNE_0_v2,28efc75a-16c4-4813-b334-495f4da0f1c7-1771231679_Feb_17__2026__10_54_53_AM.log,3.6.1,approve,,end,10,152,6,10,11,25,21,10,42,13,14
a63bc1d0f4b74cb0ad39f7de9c41b9b3_DNE_0_v2,28efc75a-16c4-4813-b334-495f4da0f1c7_Feb_12__2026__9_35_09_PM.log,3.6.1,approve,,end,10,1238,1017,33,21,23,46,20,51,14,13
46b68d625370401aa50b9ca8a49483ea_DNE_0_v2,2965c4d4-8e0b-4f1f-9a3a-22c48a1d4301-1771231824_Feb_16__2026__3_19_14_PM.log,3.6.1,approve,,end,10,215,16,13,67,20,21,18,35,14,11
7410c54228a34e64b04d2d2f6e393c6a_DNE_0_v2,2965c4d4-8e0b-4f1f-9a3a-22c48a1d4301_Feb_13__2026__7_24_22_PM.log,3.6.1,approve,,end,10,197,10,13,10,33,38,14,46,14,19
7f53677e8cc14a50b545c28dfc8ee7f9_DNE_0_v2,296ac472-72b4-4a3b-94e2-e9da28aee757_Feb_25__2026__11_45_09_AM.log,3.6.1,approve,,end,10,254,22,37,18,22,24,22,59,14,36
0c989061ab614e8fbadc4dacf4ec541d_DNE_0_v2,29b0e290-b414-4120-b86f-25eb280d1253-1770815677_Feb_11__2026__2_48_48_PM.log,3.6.1,aborted,,end,4,235,201,34,,,,,,,
0c989061ab614e8fbadc4dacf4ec541d_DNE_2_v2,29b0e290-b414-4120-b86f-25eb280d1253-1770815677_Feb_11__2026__2_54_50_PM.log,3.6.1,approve,,end,10,540,201,34,130,36,71,28,27,13,
b7e4011cc37f49da85b33246b9110df8_DNE_0_v2,29b0e290-b414-4120-b86f-25eb280d1253-1770820343_Feb_12__2026__9_47_16_AM.log,3.6.1,approve,,end,10,305,37,16,54,30,46,36,27,14,45
89c0c411eddd454c9f65047f2f8763da_DNE_0_v2,29d7ab47-f1d2-405d-8564-569a03f836e1_Feb_13__2026__10_29_20_AM.log,3.6.1,approve,,end,10,267,24,42,34,17,30,21,64,14,21
06a42c14b2ab43bab7c723e0d355c927_DNE_0_v2,2a1059bd-8536-468d-addd-99db0564ddc6_Feb_13__2026__4_18_02_AM.log,3.6.1,approve,,end,10,292,67,36,29,36,24,14,41,14,31
404997948cde42f9b57a6031b717e066_DNE_0_v2,2a934182-d310-44e9-8b98-5e35e5e0a89f_Feb_26__2026__1_31_07_PM.log,3.6.1,approve,,end,10,278,17,24,84,11,16,15,55,14,42
329b9842476641768ba1260c0bcf811f_DNE_0_v2,2adfbe66-d944-41ef-827a-ba2185641157_Mar_4__2026__4_39_14_PM.log,3.6.1,approve,,end,10,241,29,25,24,30,28,21,47,14,23
25c30b24b4474873b8bcded59ec27030_DNE_0_v2,2b00faca-7d82-4b53-ba33-b202ed5bbe16-1772014204_Feb_25__2026__11_01_36_AM.log,3.6.1,approve,,end,10,315,44,33,49,22,49,22,50,14,32
25c30b24b4474873b8bcded59ec27030_DNE_1_v2,2b00faca-7d82-4b53-ba33-b202ed5bbe16-1772014204_Feb_25__2026__11_36_45_AM.log,3.6.1,approve,,end,10,315,44,33,49,22,49,22,50,14,32
e6816dd9b48743e2957952ff76996ca8_DNE_1_v2,2b4899cc-a188-42b2-bda7-8222d5b1dbba-1771145564_Feb_16__2026__8_14_14_AM.log,3.6.1,approve,,end,9,236,86,16,27,23,60,24,,,
61efa173aeaf4962bbc6abc1139e5226_DNE_0_v2,2b4899cc-a188-42b2-bda7-8222d5b1dbba-1771251209_Feb_17__2026__8_44_25_AM.log,3.6.1,approve,,end,9,171,29,22,18,28,32,19,,,23
3ec858fa5fdf48e5bd243f36ad0ae932_DNE_0_v2,2b815d9b-f631-4687-bbbb-dbc0ca22e595-1772177776_Mar_4__2026__6_07_01_PM.log,3.6.1,approve,,end,10,277,6,16,70,35,20,29,56,19,26
8caceeedad5440399dc36e05fd155aef_DNE_0_v2,2bd21109-e48b-4aaa-b59d-d6a0ffed0a74_Feb_10__2026__1_09_41_PM.log,3.6.1,aborted,,end,9,212,18,36,30,21,28,22,57,,
8caceeedad5440399dc36e05fd155aef_DNE_1_v2,2bd21109-e48b-4aaa-b59d-d6a0ffed0a74_Feb_10__2026__1_14_19_PM.log,3.6.1,aborted,,end,9,212,18,36,30,21,28,22,57,,
4dc5377a959d4611a99c9f97d51cf42d_DNE_0_v2,2bdc7b10-342e-4941-a6c9-57cf9f82737d_Mar_4__2026__4_42_06_PM.log,3.6.1,approve,,end,10,342,31,19,68,35,49,20,51,14,55
dd21dd78f10a442297b1f59263c30414_DNE_0_v2,2c0daaa1-0ce2-4cd3-b837-215c8f6b8c3e_Feb_17__2026__6_15_57_PM.log,3.6.1,approve,,end,10,413,115,45,35,53,26,24,55,14,46
c244726e1d7f4c90b77b743656903343_DNE_0_v2,2c5efe9f-ca87-4e6e-b96f-29b2f1acf870_Feb_12__2026__5_14_23_PM.log,3.6.1,approve,,end,10,223,18,25,25,20,25,20,46,14,30
86e76fc48c984972b75fa0d867f9e2cf_DNE_0_v2,2cbcdc3b-411d-485f-9ec3-1aba8a137fe6_Feb_12__2026__10_57_50_AM.log,3.6.1,unknown,,voice-liveness-check,2,48,48,,,,,,,,
86e76fc48c984972b75fa0d867f9e2cf_DNE_1_v2,2cbcdc3b-411d-485f-9ec3-1aba8a137fe6_Feb_12__2026__10_59_25_AM.log,3.6.1,unknown,,voice-liveness-check,2,48,48,,,,,,,,
86e76fc48c984972b75fa0d867f9e2cf_DNE_2_v2,2cbcdc3b-411d-485f-9ec3-1aba8a137fe6_Feb_12__2026__11_01_58_AM.log,3.6.1,aborted,,end,3,48,48,,,,,,,,
86e76fc48c984972b75fa0d867f9e2cf_DNE_3_v2,2cbcdc3b-411d-485f-9ec3-1aba8a137fe6_Feb_12__2026__11_10_39_AM.log,3.6.1,approve,,end,10,866,48,618,67,28,25,15,52,13,
0207c6bc90344b41a0a20a865abe589f_DNE_0_v2,2cc1aa0e-3dc1-4657-93af-a5e29b56b328_Mar_2__2026__4_25_17_PM.log,3.6.1,aborted,,end,5,101,34,47,20,,,,,,
1c81ceb732db44d0b96ae9a65abf63d2_DNE_0_v2,2d16f853-b06b-40e9-9b85-0f33e1918654-1770799567_Feb_11__2026__10_59_14_AM.log,3.6.1,aborted,,end,4,58,30,28,,,,,,,
eaf03cab987d4e04a699cde5450da2f2_DNE_0_v2,2dfc1775-5726-4954-a89e-e15dbc242516_Feb_20__2026__1_49_27_PM.log,3.6.1,approve,,end,10,203,16,52,19,23,23,14,37,13,6
f3d815c1740447f381bc93a129994d47_DNE_0_v2,2e63c8d4-7a94-4d25-a3ea-90fb57ad7258_Feb_19__2026__1_08_13_PM.log,3.6.1,approve,,end,9,206,,16,15,30,32,39,47,13,14
3a75452e923e49fd84b659cd6ddf73c1_DNE_0_v2,2e7d1f4a-3c3f-47bc-bf1d-ba15cd99af19_Feb_18__2026__6_53_01_PM.log,3.6.1,approve,,end,10,388,20,22,114,38,40,69,50,14,21
56d933c0b2f14f70ba6e605160d3199d_DNE_0_v2,2eb1e16d-a900-43d4-b6ae-7aa2b669640f_Feb_24__2026__7_50_27_AM.log,3.6.1,approve,,end,10,207,12,27,11,25,20,11,48,14,39
a3052838ebee4e579df7045dc47f09ee_DNE_0_v2,2f022f32-a1d6-4c18-a76b-6acd371f543b-1770811592_Feb_12__2026__8_58_39_AM.log,3.6.1,approve,,end,10,177,21,10,16,23,14,19,36,13,25
e49b0deedcfa46919f5cde77f810da30_DNE_0_v2,2f813f7a-d089-4ab9-b671-30776784a5ab_Feb_24__2026__10_31_48_AM.log,3.6.1,approve,,end,10,208,14,17,9,20,34,20,55,14,25
8cf998ac31b54bc283e6f1ede9d213a6_DNE_0_v2,2fc70e25-b760-4bab-b019-54f0f297409e_Feb_25__2026__3_01_22_PM.log,3.6.1,approve,,end,10,230,32,24,20,25,27,20,48,14,20
e3bc489ed3fd40f4a059c9b559cc2c31_DNE_0_v2,308f11bc-4836-4583-9196-cb3c7cbc52d0_Feb_24__2026__10_18_30_PM.log,3.6.1,approve,,end,10,329,52,19,68,24,52,30,40,13,31
12ff1936170648ad86af6a65a8e80026_DNE_0_v2,30c71073-6768-428d-8380-a888a3f39263_Feb_17__2026__2_43_40_PM.log,3.6.1,aborted,,end,5,62,26,21,15,,,,,,
12ff1936170648ad86af6a65a8e80026_DNE_1_v2,30c71073-6768-428d-8380-a888a3f39263_Feb_17__2026__2_47_58_PM.log,3.6.1,approve,,end,10,300,26,21,15,118,26,28,52,14,
b78d14ae057444c89781a89257788e94_DNE_0_v2,313832e9-00aa-46c5-93b7-10de720e0daa_Feb_20__2026__6_27_15_PM.log,3.6.1,approve,,end,10,283,19,27,69,31,29,19,57,13,19
b78d14ae057444c89781a89257788e94_DNE_1_v2,313832e9-00aa-46c5-93b7-10de720e0daa_Feb_20__2026__6_27_41_PM.log,3.6.1,approve,,end,10,283,19,27,69,31,29,19,57,13,19
0a37f07d99e84b88a9c693e67bb74e34_DNE_0_v2,315f44cd-53cb-4f58-98e4-22d00ef533ca_Feb_13__2026__1_24_38_PM.log,3.6.1,approve,,end,10,265,70,21,12,22,40,21,55,14,10
ceeb28d545a7478d9d589e05ac7ff341_DNE_0_v2,31805e09-46a9-4464-b388-321f4036a0b0_Feb_13__2026__2_04_33_AM.log,3.6.1,approve,,end,10,291,31,28,18,39,40,20,51,14,50
c2b872a7a4a6427eaf85faebfeeecc18_DNE_0_v2,319bca01-a6f1-4c3d-860e-221b56c7fa2d-1770373758_Feb_6__2026__11_35_22_AM.log,3.6.1,aborted,,end,9,206,29,43,24,24,20,13,53,,
77fa934d286e4ed294c16661baf0fbea_DNE_0_v2,319bca01-a6f1-4c3d-860e-221b56c7fa2d-1770373758_Feb_6__2026__2_07_39_PM.log,3.6.1,unknown,,twoFactor,9,251,74,22,26,36,20,14,45,14,
ff378f5773764be7be660e55460791dc_DNE_0_v2,319bca01-a6f1-4c3d-860e-221b56c7fa2d-1770373758_Feb_6__2026__2_25_56_PM.log,3.6.1,approve,,end,3,35,,,,,,,,,35
005d5f6b394941a2aa92d4d509d4c24c_DNE_4_v2,319bca01-a6f1-4c3d-860e-221b56c7fa2d_Feb_6__2026__10_59_32_AM.log,3.6.1,approve,,end,10,382,34,80,35,28,35,25,61,14,70
1e6c1910a52f4d008702e85fde6bca1d_DNE_0_v2,31c848c2-3996-4dee-becb-ed0683c09d11_Feb_6__2026__2_47_01_PM.log,3.6.1,approve,,end,10,217,37,13,11,29,23,17,47,14,26
e52fcb88c34f48a0895a756238bd6705_DNE_0_v2,31d5d999-3f1e-4860-b8c1-34993fc3e2c7-1772436952_Mar_5__2026__4_26_04_PM.log,3.6.1,aborted,,end,3,0,,,,,,,,,
4d5e590414c84cb0a6b8545cd6f51735_DNE_0_v2,31d5d999-3f1e-4860-b8c1-34993fc3e2c7_Feb_28__2026__11_11_45_AM.log,3.6.1,aborted,,end,4,70,34,36,,,,,,,
5c6da5e1e7674c60bb0352debbaa084d_DNE_0_v2,31d5d999-3f1e-4860-b8c1-34993fc3e2c7_Feb_28__2026__11_17_28_AM.log,3.6.1,aborted,,end,3,0,,,,,,,,,
5c6da5e1e7674c60bb0352debbaa084d_DNE_1_v2,31d5d999-3f1e-4860-b8c1-34993fc3e2c7_Feb_28__2026__11_24_07_AM.log,3.6.1,aborted,,end,5,60,46,14,,,,,,,
5c6da5e1e7674c60bb0352debbaa084d_DNE_2_v2,31d5d999-3f1e-4860-b8c1-34993fc3e2c7_Feb_28__2026__11_27_33_AM.log,3.6.1,aborted,,end,5,60,46,14,,,,,,,
273ce16487534320a6fa30e04421b353_DNE_0_v2,32d3883f-be08-4c28-84e0-34f232179804-1772189215_Feb_27__2026__12_01_59_PM.log,3.6.1,approve,,end,10,317,62,23,21,40,27,28,58,13,45
93a51706e3fd4e92b85fea84eaaf372e_DNE_0_v2,32d3883f-be08-4c28-84e0-34f232179804_Feb_24__2026__3_52_11_PM.log,3.6.1,approve,,end,10,292,52,19,18,41,29,26,73,13,21
cb248adc113c4f67b271ebb7d6357e31_DNE_0_v2,32f09e52-0bcc-4445-b6a8-8d4e61a1d3bd-1769672216_Feb_27__2026__1_24_03_PM.log,3.6.1,approve,,end,10,237,33,20,11,17,14,19,72,13,38
3eb503a523d045f8bd92a72c0e59e040_DNE_0_v2,33499253-3004-49b8-89f5-afce1bf83de1_Mar_4__2026__8_34_41_PM.log,3.6.1,approve,,end,10,221,19,24,13,52,15,13,56,13,16
29dc150f66f74654855610d8b3734ede_DNE_0_v2,3355ad01-bee2-48c8-8ec7-0d57ca74482c-1770801950_Feb_13__2026__10_39_09_AM.log,3.6.1,aborted,,end,4,17,7,10,,,,,,,
29dc150f66f74654855610d8b3734ede_DNE_1_v2,3355ad01-bee2-48c8-8ec7-0d57ca74482c-1770801950_Feb_13__2026__10_44_04_AM.log,3.6.1,reject,no-more-photo-candidate-allowed,end,6,209,7,10,157,35,,,,,
29dc150f66f74654855610d8b3734ede_DNE_2_v2,3355ad01-bee2-48c8-8ec7-0d57ca74482c-1770801950_Feb_13__2026__10_49_19_AM.log,3.6.1,reject,no-more-photo-candidate-allowed,end,6,209,7,10,157,35,,,,,
4a0eebdc080c4cd8a34135a17fdccefd_DNE_0_v2,3355ad01-bee2-48c8-8ec7-0d57ca74482c-1770976875_Feb_13__2026__11_13_05_AM.log,3.6.1,reject,no-more-photo-candidate-allowed,end,6,42,5,9,13,15,,,,,
3dc6d31f6e1a4f05a1f8626688fc4ea8_DNE_0_v2,3355ad01-bee2-48c8-8ec7-0d57ca74482c-1770976875_Feb_13__2026__12_17_22_PM.log,3.6.1,reject,no-more-photo-candidate-allowed,end,6,47,5,11,13,18,,,,,
1168133371334463a766b0c2c3d6b9b5_DNE_0_v2,3355ad01-bee2-48c8-8ec7-0d57ca74482c-1770976875_Feb_16__2026__1_25_57_PM.log,3.6.1,aborted,,end,4,22,8,14,,,,,,,
84a46ca84e774f70918e8050749c0276_DNE_0_v2,3355ad01-bee2-48c8-8ec7-0d57ca74482c-1770976875_Feb_16__2026__1_27_32_PM.log,3.6.1,aborted,,end,5,25,6,10,9,,,,,,
921002d426404828886d59159f64d701_DNE_0_v2,3355ad01-bee2-48c8-8ec7-0d57ca74482c-1770976875_Feb_16__2026__7_23_46_AM.log,3.6.1,aborted,,end,8,231,6,15,7,14,166,23,,,
3bb675f2cd1e4b34bd19cf1e89412219_DNE_0_v2,3355ad01-bee2-48c8-8ec7-0d57ca74482c-1771250099_Feb_16__2026__6_40_09_PM.log,3.6.1,aborted,,end,4,16,6,10,,,,,,,
dc477a1fc316425faeda00bc8448ddb4_DNE_0_v2,3355ad01-bee2-48c8-8ec7-0d57ca74482c-1771250099_Feb_16__2026__6_50_48_PM.log,3.6.1,approve,,end,3,28,,,,,,,,,28
a7ef6fafe53345808e1f232f297560a5_DNE_0_v2,3355ad01-bee2-48c8-8ec7-0d57ca74482c-1771315107_Feb_17__2026__3_28_04_PM.log,3.6.1,approve,,end,10,256,12,11,15,50,28,53,63,13,11
98b3133caf31417e97297e334225518b_DNE_0_v2,3355ad01-bee2-48c8-8ec7-0d57ca74482c_Feb_10__2026__1_59_11_PM.log,3.6.1,aborted,,end,4,61,19,42,,,,,,,
98b3133caf31417e97297e334225518b_DNE_1_v2,3355ad01-bee2-48c8-8ec7-0d57ca74482c_Feb_10__2026__2_01_17_PM.log,3.6.1,aborted,,end,4,61,19,42,,,,,,,
3c174d64d31548f3af0ada9d5b17e426_DNE_0_v2,33b3ba70-9cba-49ec-a51c-4518ffc1c82f_Feb_23__2026__10_42_20_AM.log,3.6.1,approve,,end,10,238,29,26,15,33,42,15,47,14,17
77950a12a3464712bcab8bc77ccfa8dd_DNE_0_v2,33c47607-5d19-49ca-8ae4-df899b177c73_Feb_25__2026__11_43_49_AM.log,3.6.1,approve,,end,10,188,13,23,22,18,25,16,35,14,22
2ecf3f400efd45eea7afea435bf1da19_DNE_0_v2,33dd90d9-c724-4828-85aa-eef9d7ff054f_Feb_6__2026__10_09_18_AM.log,3.6.1,approve,,end,10,329,98,21,14,36,40,22,59,13,26
969e26ef3c2942e9877fcfc822ba0294_DNE_1_v2,33e12ed2-ed46-4fb4-ac20-db7c042be5ff-1771500020_Feb_20__2026__7_22_27_AM.log,3.6.1,approve,,end,10,173,5,18,17,19,38,17,41,13,5
50dcc762de964fe88bd8835358691201_DNE_0_v2,33e12ed2-ed46-4fb4-ac20-db7c042be5ff_Feb_18__2026__2_46_17_PM.log,3.6.1,approve,,end,10,222,19,27,11,25,34,19,39,14,34
1faf815ae0434cd2be443b0675addd96_DNE_0_v2,3408bc2f-1cca-46bd-bbc2-0abe944079e0_Feb_18__2026__11_55_36_AM.log,3.6.1,approve,,end,10,268,46,22,13,31,63,16,57,13,7
1892daa1c7b54d0c947cfc89f3e91957_DNE_0_v2,3456adfe-e602-43fa-879d-54ee1c87e9ce_Feb_26__2026__7_30_27_AM.log,3.6.1,approve,,end,10,207,11,14,41,20,21,16,53,13,18
8eda64bbe5b1429ea2c6945e985ac2da_DNE_0_v2,346487e1-5c24-4e66-a3e9-770e27262007-1770800191_Feb_12__2026__7_47_17_AM.log,3.6.1,approve,,end,10,219,26,45,22,18,23,15,44,13,13
169d22439a7342b98c718ba108961d1c_DNE_0_v2,34d9ceb3-8e58-4193-8dc9-66b35faffec2-1771844081_Feb_23__2026__11_56_52_AM.log,3.6.1,aborted,,end,3,12,12,,,,,,,,
169d22439a7342b98c718ba108961d1c_DNE_1_v2,34d9ceb3-8e58-4193-8dc9-66b35faffec2-1771844081_Feb_23__2026__11_57_48_AM.log,3.6.1,aborted,,end,3,12,12,,,,,,,,
90d95aa1ce1a4ee8a6ad55738d9419a5_DNE_0_v2,3547e9b9-c4c7-4390-9edf-27b9e13e3a7c_Feb_25__2026__9_59_22_AM.log,3.6.1,approve,,end,10,243,22,21,26,26,17,13,56,14,48
7b7c2121ccc8433f8f635d45cdfbc63c_DNE_0_v2,355d615e-0410-431f-a790-9aa7d1a4f7b4_Feb_25__2026__1_40_29_PM.log,3.6.1,unknown,,twoFactor,2,0,,,,,,,,,
7b7c2121ccc8433f8f635d45cdfbc63c_DNE_1_v2,355d615e-0410-431f-a790-9aa7d1a4f7b4_Feb_25__2026__1_47_13_PM.log,3.6.1,unknown,,twoFactor,9,353,195,4,67,18,14,8,47,,
f52b3c11c9bd442a90da501607a8153b_DNE_0_v2,35e8a613-6ee8-44e7-ac50-98f686a7138a_Feb_17__2026__3_06_56_PM.log,3.6.1,approve,,end,10,302,92,15,71,16,17,15,46,13,17
994cab8416184661942cd996609fa7c9_DNE_0_v2,3696fe5b-81c0-4120-8526-cf0feda9bfb5_Feb_12__2026__8_43_22_PM.log,3.6.1,reject,no-more-photo-candidate-allowed,end,6,284,155,43,67,19,,,,,
994cab8416184661942cd996609fa7c9_DNE_1_v2,3696fe5b-81c0-4120-8526-cf0feda9bfb5_Feb_12__2026__8_48_29_PM.log,3.6.1,approve,no-more-photo-candidate-allowed,end,10,634,155,43,67,19,272,18,46,14,
9b14fea4cd16415e9169556302be2195_DNE_0_v2,36e4fb85-5048-4261-87a4-18a107fa6691-1771492568_Feb_20__2026__9_00_07_AM.log,3.6.1,approve,,end,10,248,13,11,70,28,25,16,51,14,20
30feefd5e41142f9b75494cad8e08c16_DNE_0_v2,37179f03-a46e-4454-a07a-be493b447dc0_Feb_20__2026__1_53_18_PM.log,3.6.1,unknown,,voice-liveness-check,2,29,29,,,,,,,,
30feefd5e41142f9b75494cad8e08c16_DNE_1_v2,37179f03-a46e-4454-a07a-be493b447dc0_Feb_20__2026__2_01_56_PM.log,3.6.1,aborted,,end,3,29,29,,,,,,,,
007dddbd67e24eed9e2b2afed1123102_DNE_0_v2,37a41a4f-8571-444a-b63a-48e176d9c728-1770623710_Feb_9__2026__9_36_38_AM.log,3.6.1,aborted,,end,4,57,20,37,,,,,,,
007dddbd67e24eed9e2b2afed1123102_DNE_1_v2,37a41a4f-8571-444a-b63a-48e176d9c728-1770623710_Feb_9__2026__9_47_55_AM.log,3.6.1,aborted,,end,4,57,20,37,,,,,,,
d66d37164b2449d8b22ed65e0823c194_DNE_0_v2,381cbdad-1b55-4323-b076-2bb8059264a5_Mar_2__2026__9_38_41_AM.log,3.6.1,aborted,,end,3,30,30,,,,,,,,
d66d37164b2449d8b22ed65e0823c194_DNE_1_v2,381cbdad-1b55-4323-b076-2bb8059264a5_Mar_2__2026__9_42_42_AM.log,3.6.1,approve,,end,10,248,30,63,25,20,36,13,47,14,
b989114682d847eb8daa886ee63ac657_DNE_0_v2,384d9888-287d-4ee0-8a36-e3e0745219d4_Mar_5__2026__12_59_23_PM.log,3.6.1,approve,,end,10,166,16,15,10,19,23,16,34,14,19
e93da15ac3bd4783af07c24cf3374ef5_DNE_0_v2,3859ea32-11b1-4887-8099-bc4ff2a359c1_Feb_22__2026__12_52_19_PM.log,3.6.1,unknown,,voice-liveness-check,2,51,51,,,,,,,,
33510b3d7b634c53a3a57eb3a0c27ec1_DNE_0_v2,3859ea32-11b1-4887-8099-bc4ff2a359c1_Feb_22__2026__12_54_44_PM.log,3.6.1,unknown,,voice-liveness-check,2,8,8,,,,,,,,
18b9ca6bb7814d5d935f98ae520c14b0_DNE_0_v2,3963b764-45df-4a13-be5a-5364876a5569-1771582947_Mar_3__2026__5_11_58_PM.log,3.6.1,approve,,end,10,274,21,42,40,28,26,21,58,14,24
c964d540be6d4e98b75362aeaf1a21d4_DNE_0_v2,39866e4b-b8f8-488c-99ce-90f440b21c0c-1771332330_Mar_2__2026__3_33_52_PM.log,3.6.1,approve,,end,10,274,23,13,20,24,41,29,58,13,53
9ed357a7f20b4d198e5adf7e618aaaf6_DNE_0_v2,39866e4b-b8f8-488c-99ce-90f440b21c0c_Feb_16__2026__12_08_27_PM.log,3.6.1,approve,,end,10,277,28,27,49,38,53,15,45,14,8
eed02ef21db447b5a1eb3179b7ef938f_DNE_0_v2,3a885da4-1cd7-4c2d-aa96-047c46da6078_Feb_11__2026__2_48_59_PM.log,3.6.1,aborted,,end,4,70,24,46,,,,,,,
e90c42f9a4a14cb7a6a67eace8255d56_DNE_0_v2,3ab08e56-2907-403e-8aad-06d5dc307198-1771325743_Feb_17__2026__12_05_53_PM.log,3.6.1,approve,,end,10,281,18,141,11,13,14,20,34,14,16
4e7b3f16e2e64d4ba36bdd33509b2750_DNE_0_v2,3ab08e56-2907-403e-8aad-06d5dc307198_Feb_17__2026__11_38_50_AM.log,3.6.1,approve,,end,10,200,36,20,7,19,20,16,47,14,21
88f448f664a54282bc64a5f7bfd61c68_DNE_0_v2,3acbd040-b0af-402c-9ec7-facf74eec5af_Feb_24__2026__7_38_31_PM.log,3.6.1,approve,,end,10,393,120,18,67,42,54,13,56,13,10
7a113539587b40908be448bd1ddfa458_DNE_0_v2,3acca007-e072-423f-a1a1-dd6e62258d64_Feb_17__2026__5_44_16_PM.log,3.6.1,unknown,,voice-liveness-check,2,25,25,,,,,,,,
7a113539587b40908be448bd1ddfa458_DNE_1_v2,3acca007-e072-423f-a1a1-dd6e62258d64_Feb_17__2026__5_47_39_PM.log,3.6.1,unknown,,voice-liveness-check,2,25,25,,,,,,,,
7a113539587b40908be448bd1ddfa458_DNE_2_v2,3acca007-e072-423f-a1a1-dd6e62258d64_Feb_17__2026__5_50_29_PM.log,3.6.1,aborted,,end,3,25,25,,,,,,,,
19bb7a7ba9b54163bd5f44d382eab76f_DNE_0_v2,3acca007-e072-423f-a1a1-dd6e62258d64_Feb_17__2026__5_57_43_PM.log,3.6.1,approve,,end,10,312,16,7,67,94,31,17,60,14,6
e1684718bc594521a7fc078b5385ef91_DNE_0_v2,3b3787c5-1ff1-478f-9973-beba0d6210ab_Feb_26__2026__10_30_08_AM.log,3.6.1,approve,,end,10,215,25,46,27,17,19,14,39,14,14
8f148f19afb840adab1ea65f364afc8c_DNE_0_v2,3be1b207-4406-4e04-9a3f-21a326a1a15a_Feb_26__2026__8_48_40_AM.log,3.6.1,aborted,,end,4,91,34,57,,,,,,,
8f148f19afb840adab1ea65f364afc8c_DNE_1_v2,3be1b207-4406-4e04-9a3f-21a326a1a15a_Feb_26__2026__9_18_23_AM.log,3.6.1,approve,,end,10,1876,34,57,1686,13,17,14,42,13,
13637b1b241b4741bea7d5850d081362_DNE_0_v2,3be974ff-523b-4b6e-9575-97e63865943b_Feb_5__2026__3_02_15_PM.log,3.6.1,approve,,end,10,295,20,24,68,17,23,34,59,13,37
2f171b59e747446aa147e170a7094a4e_DNE_0_v2,3d9081d5-9884-4999-9de9-f164422ba4b8_Feb_25__2026__3_21_59_PM.log,3.6.1,approve,,end,10,265,25,13,17,62,41,24,50,13,20
1ced00ab10ec4b76b8eac932d5b095b6_DNE_0_v2,3da3f4b8-089e-4be1-9eae-5ff97f796369_Feb_23__2026__12_08_03_PM.log,3.6.1,approve,,end,10,190,11,29,18,20,22,15,43,14,18
f5083a14492e4666ac917b576e1ca20d_DNE_0_v2,3daebd1f-6ace-4892-9878-f1a98fd6906b_Feb_19__2026__5_03_25_PM.log,3.6.1,reject,incomplete-hologram-video,end,9,195,30,23,15,26,26,16,59,,
f5083a14492e4666ac917b576e1ca20d_DNE_1_v2,3daebd1f-6ace-4892-9878-f1a98fd6906b_Feb_19__2026__5_05_01_PM.log,3.6.1,aborted,incomplete-hologram-video,end,9,195,30,23,15,26,26,16,59,,
ce7cc41ac61d4847af8c643a250a61c6_DNE_0_v2,3daebd1f-6ace-4892-9878-f1a98fd6906b_Feb_19__2026__6_12_57_PM.log,3.6.1,approve,,end,10,248,9,17,10,18,50,17,56,14,57
7092b726c48e4ac8a15478d40bc4efc7_DNE_0_v2,3daf4d9d-573f-4705-ab71-baa38b5fed80_Feb_19__2026__3_21_39_PM.log,3.6.1,aborted,,end,5,130,32,27,71,,,,,,
7092b726c48e4ac8a15478d40bc4efc7_DNE_1_v2,3daf4d9d-573f-4705-ab71-baa38b5fed80_Feb_19__2026__3_26_24_PM.log,3.6.1,approve,,end,10,414,32,27,71,181,27,16,47,13,
663ae50f12a046d595a5262359b94536_DNE_0_v2,3de4e4f7-add2-46eb-b112-e89ce9c1c6d8_Feb_17__2026__12_53_06_PM.log,3.6.1,aborted,,end,8,127,17,16,28,21,30,15,,,
663ae50f12a046d595a5262359b94536_DNE_1_v2,3de4e4f7-add2-46eb-b112-e89ce9c1c6d8_Feb_17__2026__12_58_39_PM.log,3.6.1,approve,,end,10,489,17,16,28,21,30,15,348,14,
d4b67482f1a643cca48106e9c8536daf_DNE_0_v2,3e6e412b-19b3-4779-b9e4-32da5c767e53_Feb_17__2026__2_30_08_PM.log,3.6.1,approve,,end,10,328,29,51,67,42,34,22,46,13,24
f7b7dcdbfa99427c91f99b757258cb82_DNE_0_v2,3e790aa0-a89d-4903-a296-5498470e656b_Feb_20__2026__1_08_31_PM.log,3.6.1,approve,,end,10,316,113,14,17,33,24,16,37,14,48
87583e472ea148dc874d0ca20a66674f_DNE_0_v2,3e8bc7f9-e62d-47b5-bd3b-04fe87bbf585_Feb_10__2026__9_33_03_AM.log,3.6.1,aborted,,end,4,80,34,46,,,,,,,
87583e472ea148dc874d0ca20a66674f_DNE_1_v2,3e8bc7f9-e62d-47b5-bd3b-04fe87bbf585_Feb_10__2026__9_35_19_AM.log,3.6.1,aborted,,end,4,80,34,46,,,,,,,
87583e472ea148dc874d0ca20a66674f_DNE_2_v2,3e8bc7f9-e62d-47b5-bd3b-04fe87bbf585_Feb_10__2026__9_41_18_AM.log,3.6.1,aborted,,end,4,80,34,46,,,,,,,
43718987b74a4f5da231bf374a498556_DNE_0_v2,3e8bc7f9-e62d-47b5-bd3b-04fe87bbf585_Feb_12__2026__1_15_05_PM.log,3.6.1,aborted,,end,3,22,22,,,,,,,,
97323e0319c44feca47a7422e22dfd8b_DNE_0_v2,3e97f004-c6d3-4889-a11f-f1d2f70bbaad-1770979934_Feb_13__2026__12_07_49_PM.log,3.6.1,approve,,end,10,250,35,31,12,30,35,14,48,15,30
3f63f6cecb224416920d927d87d9b309_DNE_0_v2,3eb14b69-bc70-4cce-9dc2-2bc7a4086409-1771231058_Feb_23__2026__6_51_15_PM.log,3.6.1,approve,,end,10,262,19,16,78,22,22,23,44,14,24
e6fd6382eaa845f0b185af095bb178b3_DNE_1_v2,3ec34ba3-6107-4b6c-8220-7001f04a8bad-1771322206_Feb_17__2026__12_17_48_PM.log,3.6.1,approve,,end,10,319,20,15,69,46,39,47,56,14,13
e481eaedf4f44eb58e8cbd823197b2c6_DNE_0_v2,3ef4a76d-5d76-4dad-ac0d-acda12c56383-1772636652_Mar_5__2026__12_07_12_PM.log,3.6.1,approve,,end,10,282,16,8,67,22,17,68,46,14,24
4af66d5e7d4248329979eea5fa4b4231_DNE_0_v2,3ef4a76d-5d76-4dad-ac0d-acda12c56383-1772709981_Mar_5__2026__2_27_38_PM.log,3.6.1,approve,,end,10,346,16,13,8,58,74,86,56,13,22
64dd36e111924960a0a6848b224d970a_DNE_0_v2,3ef4a76d-5d76-4dad-ac0d-acda12c56383_Mar_4__2026__3_53_35_PM.log,3.6.1,approve,,end,10,241,30,12,14,42,21,17,58,13,34
78d95f5cf11d44aabbbf9c33abd2aaf5_DNE_0_v2,3fb9f744-28e0-4827-8672-f45f47943a5c-1771843618_Feb_24__2026__8_38_16_PM.log,3.6.1,approve,,end,10,317,54,25,16,42,44,21,60,13,42
dd08b5f7e0464554850f3e5df167e685_DNE_0_v2,4056ca8a-14af-4256-819f-049c2356d5ae_Feb_21__2026__2_11_47_PM.log,3.6.1,approve,,end,10,229,23,23,23,35,16,12,58,13,26
cb363160446d4b249c4c2d6cefabacd7_DNE_0_v2,40636bf7-873a-4c36-b67a-3b513b0a572b_Feb_6__2026__12_20_23_PM.log,3.6.1,aborted,,end,4,72,51,21,,,,,,,
cb363160446d4b249c4c2d6cefabacd7_DNE_1_v2,40636bf7-873a-4c36-b67a-3b513b0a572b_Feb_6__2026__12_23_36_PM.log,3.6.1,approve,,end,10,266,51,21,61,35,21,17,46,14,
416ccfc094a44ca0a74c5d2fa8636063_DNE_0_v2,4089399f-5d44-4ce7-b16c-9c56c5b6c919_Feb_11__2026__6_28_17_PM.log,3.6.1,aborted,,end,4,60,27,33,,,,,,,
cfaed9c5b6954fa1b9ca8ca575b50192_DNE_0_v2,4138c5a8-bb8b-4e2e-87fe-28277b2ab12e_Mar_5__2026__2_37_16_PM.log,3.6.1,aborted,,end,4,48,24,24,,,,,,,
cfaed9c5b6954fa1b9ca8ca575b50192_DNE_1_v2,4138c5a8-bb8b-4e2e-87fe-28277b2ab12e_Mar_5__2026__2_42_54_PM.log,3.6.1,approve,,end,10,316,24,24,140,22,16,17,60,13,
f6c7c3b4a1904129beccbc2c0cc2ad69_DNE_0_v2,415d8982-c525-42cd-855e-41a0ecd71694_Feb_15__2026__3_41_16_PM.log,3.6.1,approve,,end,8,108,31,27,10,22,,,,,18
34e3d5079d514d7ebe0a46ca32478821_DNE_0_v2,4200ec5c-4b32-4a6f-b08b-ea0cc1036b86_Feb_6__2026__9_58_40_AM.log,3.6.1,approve,,end,10,243,8,17,70,25,25,14,56,13,15
59c0fa5310b64678bf4bb7846111a920_DNE_0_v2,429bf350-6257-4a6d-a9f0-11b85046e405_Feb_19__2026__8_19_05_PM.log,3.6.1,approve,,end,10,160,17,13,9,13,19,14,39,14,22
a08563061a194b238e0300c2c8b0dcd8_DNE_0_v2,42c58992-5ce5-49d9-af26-c79393737634-1772713200_Mar_5__2026__2_27_48_PM.log,3.6.1,reject,speech-detection-error,end,3,12,12,,,,,,,,
edc4a8cfcb294173b6fcbfe84e2213d5_DNE_0_v2,43266a89-4f05-4887-b9ec-6edcd4579b2b_Feb_11__2026__2_15_21_PM.log,3.6.1,aborted,,end,8,232,50,29,15,78,38,22,,,
b0346c6d25d24d968bca2a4519fe14db_DNE_0_v2,434b5b73-d92b-4bf4-aa10-3e91e5c4eb3d-1772614548_Mar_4__2026__7_40_19_PM.log,3.6.1,approve,,end,10,353,10,27,77,24,101,29,62,15,8
7e2ea1c2402e497297d6aaeeccd75070_DNE_0_v2,434b5b73-d92b-4bf4-aa10-3e91e5c4eb3d_Mar_3__2026__8_45_02_PM.log,3.6.1,approve,,end,10,363,26,28,87,54,23,20,56,14,55
4a45e5d754d34887a495177937f946eb_DNE_0_v2,439a667d-9de3-40a2-84e8-3208bc9488fb-1772186707_Feb_27__2026__11_22_56_AM.log,3.6.1,approve,,end,10,228,22,53,8,33,20,13,56,14,9
4473680b29aa49f489719894813ebc20_DNE_0_v2,439a667d-9de3-40a2-84e8-3208bc9488fb_Feb_25__2026__3_25_27_PM.log,3.6.1,approve,,end,10,305,23,18,24,96,32,20,57,13,22
2ee4cb582a6c449a9b6c7624403b6244_DNE_0_v2,439bdc86-f4f8-454d-ab10-540d8d32910c_Mar_5__2026__5_17_51_PM.log,3.6.1,approve,,end,10,364,34,45,79,30,42,15,59,13,47
3f1b06caedec4297be5c8f7827c536d4_DNE_0_v2,43e3ebad-ec85-4aee-8747-ad161dedaafd_Feb_13__2026__12_21_38_PM.log,3.6.1,approve,,end,10,181,23,19,19,21,18,15,40,14,12
72e971a8f09e445492eaaf3a151e0b99_DNE_0_v2,43f334d4-a6e2-412a-bb58-85895ee67acb_Mar_4__2026__1_23_29_PM.log,3.6.1,approve,,end,10,166,16,18,8,23,23,10,41,13,14
72e971a8f09e445492eaaf3a151e0b99_DNE_1_v2,43f334d4-a6e2-412a-bb58-85895ee67acb_Mar_4__2026__1_23_57_PM.log,3.6.1,approve,,end,10,166,16,18,8,23,23,10,41,13,14
292ff3a3a446493b819c0d86ea18e904_DNE_0_v2,4418acef-27aa-418f-982c-3288bbc0e4e5-1769958511_Feb_19__2026__9_43_20_AM.log,3.6.1,unknown,,voice-liveness-check,2,20,20,,,,,,,,
292ff3a3a446493b819c0d86ea18e904_DNE_1_v2,4418acef-27aa-418f-982c-3288bbc0e4e5-1769958511_Feb_19__2026__9_47_28_AM.log,3.6.1,aborted,,end,3,20,20,,,,,,,,
292ff3a3a446493b819c0d86ea18e904_DNE_2_v2,4418acef-27aa-418f-982c-3288bbc0e4e5-1769958511_Feb_19__2026__9_51_52_AM.log,3.6.1,approve,,end,10,577,20,395,18,22,36,14,58,14,
663035ba0c0042cb816f2e553d00124d_DNE_0_v2,44440a9d-264a-40c4-8734-0403eff82329-1772612081_Mar_4__2026__7_40_02_PM.log,3.6.1,approve,,end,10,208,11,9,22,18,18,11,42,14,63
a9ca68e2b620487690be7c4b23c57a47_DNE_0_v2,44440a9d-264a-40c4-8734-0403eff82329_Mar_2__2026__10_27_07_PM.log,3.6.1,approve,,end,10,182,28,12,11,25,16,11,42,14,23
1855dad593b947b6b5a960f8c3e021fb_DNE_0_v2,44889a74-8f0b-482c-a943-bfb6d70f7d16-1771845388_Feb_26__2026__1_15_46_PM.log,3.6.1,approve,,end,8,124,32,35,12,28,,,,,17
e19657619be7477f807d070f242e678d_DNE_0_v2,44889a74-8f0b-482c-a943-bfb6d70f7d16_Feb_20__2026__10_57_48_AM.log,3.6.1,approve,,end,8,287,29,33,149,42,,,,,34
09dc205ab2c641dfb7f7e31788d721f8_DNE_0_v2,44bc5d99-00e2-4598-a7ee-c91c80eb7f67-1770987487_Feb_13__2026__2_09_21_PM.log,3.6.1,approve,,end,10,214,16,19,67,16,16,18,39,13,10
dc5d5ea5beaa4130bcac41ba84e08647_DNE_1_v2,44e52e28-b914-4cce-afe9-44e26cc84429_Feb_13__2026__11_45_07_AM.log,3.6.1,aborted,,end,4,71,34,37,,,,,,,
dc5d5ea5beaa4130bcac41ba84e08647_DNE_2_v2,44e52e28-b914-4cce-afe9-44e26cc84429_Feb_13__2026__11_51_27_AM.log,3.6.1,approve,,end,10,499,34,37,244,44,42,31,53,14,
0757ae394a554c4898e274415ecb899e_DNE_0_v2,44e86310-659e-4448-85da-3c33c072e79a_Feb_25__2026__10_08_04_AM.log,3.6.1,approve,,end,10,331,53,33,13,42,53,31,59,14,33
488b0115128943f29a8d20bc1a1ed5e9_DNE_0_v2,44fb7f81-3c65-48e5-8bc1-e5c0a45e373a-1772443157_Mar_2__2026__11_49_24_AM.log,3.6.1,unknown,,voice-liveness-check,2,28,28,,,,,,,,
488b0115128943f29a8d20bc1a1ed5e9_DNE_1_v2,44fb7f81-3c65-48e5-8bc1-e5c0a45e373a-1772443157_Mar_2__2026__11_53_37_AM.log,3.6.1,aborted,,end,3,28,28,,,,,,,,
fd64d20d3c7e4cb9ac9e4a55f8d49e52_DNE_0_v2,44fb7f81-3c65-48e5-8bc1-e5c0a45e373a-1772443157_Mar_2__2026__11_55_44_AM.log,3.6.1,unknown,,voice-liveness-check,2,8,8,,,,,,,,
3ae9e08597374e0198a4ee19de3ac1c2_DNE_0_v2,44fb7f81-3c65-48e5-8bc1-e5c0a45e373a-1772443157_Mar_2__2026__12_00_34_PM.log,3.6.1,aborted,,end,3,14,14,,,,,,,,
13bfb1db60124438967ef2d53f3c8498_DNE_0_v2,44fb7f81-3c65-48e5-8bc1-e5c0a45e373a-1772443157_Mar_2__2026__12_44_21_PM.log,3.6.1,aborted,,end,3,43,43,,,,,,,,
f08d12001bb741609bf02ade6a6f68dc_DNE_0_v2,44fb7f81-3c65-48e5-8bc1-e5c0a45e373a-1772443157_Mar_2__2026__4_43_40_PM.log,3.6.1,aborted,,end,3,12,12,,,,,,,,
3522953803e3482a8f342732db291e43_DNE_0_v2,44fb7f81-3c65-48e5-8bc1-e5c0a45e373a-1772443157_Mar_2__2026__4_59_16_PM.log,3.6.1,approve,,end,10,300,18,12,134,19,24,18,55,14,6
ebe02c6bb6ec499abe2a0c79f2c7ca7d_DNE_0_v2,44fb7f81-3c65-48e5-8bc1-e5c0a45e373a_Mar_1__2026__3_46_10_PM.log,3.6.1,approve,,end,10,248,27,25,26,37,36,18,55,14,10
697ce82a591443609ef540483055d9f6_DNE_0_v2,456947a9-8241-4f88-8fda-c50093548aae_Feb_24__2026__2_37_29_PM.log,3.6.1,aborted,,end,4,69,46,23,,,,,,,
7000227eb39f407bb148912548834b8e_DNE_0_v2,456947a9-8241-4f88-8fda-c50093548aae_Feb_27__2026__1_28_49_PM.log,3.6.1,aborted,,end,3,20,20,,,,,,,,
fe822b6fd5ad43c5a9bf2007ebc148d5_DNE_0_v2,456947a9-8241-4f88-8fda-c50093548aae_Feb_27__2026__1_32_15_PM.log,3.6.1,aborted,,end,4,23,7,16,,,,,,,
a9887ed5cc59429ca248a4de31171c39_DNE_0_v2,456947a9-8241-4f88-8fda-c50093548aae_Feb_27__2026__1_41_03_PM.log,3.6.1,approve,,end,10,208,19,42,4,17,34,19,38,14,21
dc745b5f34d84776ad51b443076e3a04_DNE_0_v2,459210d8-ede1-4ab5-ac2d-302f0887942d-1771940299_Feb_24__2026__3_58_10_PM.log,3.6.1,approve,,end,10,292,21,20,69,18,52,22,61,13,16
aa7d5d6a11384622af8dd924e1a0e755_DNE_0_v2,46e2e22c-5955-4379-8c00-197d88b4ca3e-1770800537_Feb_24__2026__10_16_48_PM.log,3.6.1,unknown,,twoFactor,9,191,33,24,10,24,24,17,46,13,
aa7d5d6a11384622af8dd924e1a0e755_DNE_1_v2,46e2e22c-5955-4379-8c00-197d88b4ca3e-1770800537_Feb_24__2026__10_20_30_PM.log,3.6.1,unknown,,twoFactor,9,191,33,24,10,24,24,17,46,13,
e381b43ece544f678bb1490ca41d82f4_DNE_0_v2,46e2e22c-5955-4379-8c00-197d88b4ca3e-1772442985_Mar_2__2026__10_34_37_AM.log,3.6.1,approve,,end,10,209,9,7,67,19,15,14,46,14,18
7ae695eeda4c4ebe86dfa2e4b3df2061_DNE_0_v2,470678de-b584-41bd-bbe9-b124b2d105ec_Feb_10__2026__3_11_59_PM.log,3.6.1,aborted,,end,4,49,24,25,,,,,,,
88f520ff06784414b8dc78b692d13d1e_DNE_0_v2,472f5dd8-5b11-4b67-a6ed-e15da6def638-1771836256_Feb_23__2026__9_46_49_AM.log,3.6.1,aborted,,end,3,11,11,,,,,,,,
88f520ff06784414b8dc78b692d13d1e_DNE_1_v2,472f5dd8-5b11-4b67-a6ed-e15da6def638-1771836256_Feb_23__2026__9_50_30_AM.log,3.6.1,approve,,end,9,183,11,58,69,14,23,8,,,
e188acda32c84006b490e075f2bbadf0_DNE_0_v2,47489185-fe78-4c26-a33c-a63130320381_Feb_28__2026__4_04_12_PM.log,3.6.1,approve,,end,10,279,66,33,11,35,29,18,47,14,26
2a95f5a9491847e6aa0dea3ab72ec932_DNE_0_v2,477580e6-1ec9-4822-851c-2b032e88408b-1771227350_Feb_23__2026__9_05_35_AM.log,3.6.1,aborted,,end,4,39,23,16,,,,,,,
2a95f5a9491847e6aa0dea3ab72ec932_DNE_1_v2,477580e6-1ec9-4822-851c-2b032e88408b-1771227350_Feb_23__2026__9_11_42_AM.log,3.6.1,approve,,end,10,617,23,16,383,52,48,26,56,13,
170a561cae954636b00e70ca19bc8888_DNE_0_v2,47915973-315f-4e79-82b7-4c79347227e5_Feb_18__2026__11_10_26_AM.log,3.6.1,approve,,end,10,226,18,19,72,18,18,12,48,13,8
b2af091a35f14a14bc042675d43dc399_DNE_0_v2,47e13fa3-1634-4c7d-84e5-8973afb6a36f-1770990349_Feb_14__2026__9_28_40_AM.log,3.6.1,approve,,end,10,313,33,26,22,64,40,17,57,13,41
45c00e0551704c67bff29c9713945a96_DNE_0_v2,47e13fa3-1634-4c7d-84e5-8973afb6a36f_Feb_12__2026__2_24_37_PM.log,3.6.1,approve,,end,10,496,177,20,69,66,35,17,56,14,42
f614ab01390c4ec4818416b01a5e9836_DNE_0_v2,4810dff5-29c4-42a2-8e52-12b23b17a5fe-1772189387_Mar_2__2026__10_31_07_AM.log,3.6.1,approve,,end,10,298,94,43,12,39,23,13,46,14,14
eb39ca372826424bab41a74854892c2c_DNE_0_v2,488c7112-aa16-43be-ace0-746e69778b5d_Feb_26__2026__1_25_40_PM.log,3.6.1,approve,,end,10,254,42,13,24,36,22,19,56,14,28
84484ed99dfc4dd0882d54bca060e43e_DNE_0_v2,4a6d99b7-fdca-451c-8b3d-c8957c875fc5_Feb_26__2026__12_35_46_PM.log,3.6.1,aborted,,end,8,284,44,36,99,54,27,24,,,
fda0331b40f24fb3a8da890b4bf8f874_DNE_0_v2,4a6d99b7-fdca-451c-8b3d-c8957c875fc5_Mar_2__2026__2_34_03_PM.log,3.6.1,unknown,,voice-liveness-check,2,18,18,,,,,,,,
0280d1112c214cbbb898f6be25393ed1_DNE_2_v2,4a7a450c-0c64-4593-a600-541e508a0c35_Feb_20__2026__11_37_47_AM.log,3.6.1,unknown,,voice-liveness-check,2,49,49,,,,,,,,
0280d1112c214cbbb898f6be25393ed1_DNE_3_v2,4a7a450c-0c64-4593-a600-541e508a0c35_Feb_20__2026__11_41_34_AM.log,3.6.1,aborted,,end,3,49,49,,,,,,,,
0280d1112c214cbbb898f6be25393ed1_DNE_4_v2,4a7a450c-0c64-4593-a600-541e508a0c35_Feb_20__2026__11_47_39_AM.log,3.6.1,aborted,,end,3,49,49,,,,,,,,
c4da2e6784b54439925ce3507b040a82_DNE_0_v2,4a7a450c-0c64-4593-a600-541e508a0c35_Feb_20__2026__11_50_12_AM.log,3.6.1,unknown,,voice-liveness-check,2,22,22,,,,,,,,
420674d0002343c3a226380e7651dd87_DNE_0_v2,4b0070d1-c9d2-4f8b-a8e3-7116fe64c10c-1772696471_Mar_5__2026__9_17_30_AM.log,3.6.1,approve,,end,10,350,17,66,86,28,27,24,46,34,22
b984bd4fb70949329e6290f864f4b407_DNE_0_v2,4b1f3555-42c0-4c16-8649-e5e665323f03_Feb_28__2026__1_07_22_PM.log,3.6.1,approve,,end,10,502,293,19,12,39,52,16,37,13,21
6431c9b94e074afca732a3402f03f35f_DNE_0_v2,4b2ce2c0-ddab-4f2c-ac07-88a6133ca4aa_Feb_6__2026__8_32_01_AM.log,3.6.1,aborted,,end,3,12,12,,,,,,,,
6431c9b94e074afca732a3402f03f35f_DNE_1_v2,4b2ce2c0-ddab-4f2c-ac07-88a6133ca4aa_Feb_6__2026__8_35_32_AM.log,3.6.1,approve,,end,10,263,12,93,8,18,40,16,63,13,
1612b2ad5cbd40a990e570580a83984a_DNE_0_v2,4b33a2ed-8850-4288-ab4d-8c5729400cf8_Feb_5__2026__3_30_31_PM.log,3.6.1,approve,,end,10,421,33,69,74,70,65,22,55,13,20
9f6f9af2417b441bbe848aa3482b64b8_DNE_0_v2,4b441973-c548-4969-a88a-331c8623ff6a_Feb_25__2026__8_17_00_AM.log,3.6.1,aborted,,end,4,63,33,30,,,,,,,
7212465267f14cb2b7a2a0975d30114d_DNE_0_v2,4b441973-c548-4969-a88a-331c8623ff6a_Feb_25__2026__8_55_54_AM.log,3.6.1,aborted,,end,5,129,22,30,77,,,,,,
ec6ae7fb29614a9899454b350a1883a0_DNE_0_v2,4b441973-c548-4969-a88a-331c8623ff6a_Feb_25__2026__9_03_20_AM.log,3.6.1,approve,,end,10,344,18,7,8,17,51,18,29,13,183
eb61b65212e5430ca8f5c9fa7d84455f_DNE_0_v2,4b856df9-baf2-4b37-8085-3fa3c5fbd51c-1770273430_Feb_20__2026__1_26_09_PM.log,3.6.1,approve,,end,10,414,135,22,68,18,47,27,56,14,27
60cd8fb806894b5bb4616f6d5a9c031c_DNE_0_v2,4b9295a6-686c-494b-bc0d-a7a38a9df2cc-1770997379_Feb_16__2026__10_48_30_AM.log,3.6.1,approve,,end,10,206,4,21,10,13,17,13,44,14,70
2e9d56ddc27c4c95935b07d515af7b1f_DNE_0_v2,4c1adb59-59f4-461c-a8b5-97733e4a4e38_Feb_18__2026__11_12_57_AM.log,3.6.1,approve,,end,10,458,149,24,30,25,26,15,54,13,122
1dac13db64974bb3a09b0377d8d59007_DNE_0_v2,4d16bee6-3d6a-4b3e-a093-fb44de5bf2c9_Feb_5__2026__12_34_05_PM.log,3.6.1,approve,,end,10,282,25,37,12,25,31,23,72,13,44
d9878790b2844ac296575f6d847ee598_DNE_0_v2,4e0d1f17-5614-42b9-b9c9-3835abacaa32_Feb_12__2026__11_53_07_AM.log,3.6.1,aborted,,end,4,183,44,139,,,,,,,
d9878790b2844ac296575f6d847ee598_DNE_1_v2,4e0d1f17-5614-42b9-b9c9-3835abacaa32_Feb_12__2026__11_55_07_AM.log,3.6.1,aborted,,end,4,183,44,139,,,,,,,
d9878790b2844ac296575f6d847ee598_DNE_2_v2,4e0d1f17-5614-42b9-b9c9-3835abacaa32_Feb_12__2026__12_03_00_PM.log,3.6.1,approve,,end,10,743,44,139,404,36,26,19,61,14,
c684affc4ad54d71ba1f5aacef1000ea_DNE_0_v2,4e5d25b2-3a2c-4e64-a16d-52d4b6e9a881_Feb_25__2026__10_42_44_AM.log,3.6.1,approve,,end,10,222,31,32,16,21,19,17,54,13,19
ee2f4b1cb1fd49f1828541e138becc8a_DNE_0_v2,4e74e768-47d7-4447-9d35-a36ec2f765df_Feb_23__2026__10_57_44_AM.log,3.6.1,approve,,end,10,314,22,25,78,25,38,32,41,13,40
64682aa1f91647eaad0f6715cdd9d689_DNE_0_v2,4e9efc01-cff2-4238-ab6f-68cd755c9cb5-1772097295_Mar_1__2026__9_32_00_AM.log,3.6.1,approve,,end,10,181,17,18,8,26,23,17,42,13,17
042b4507a3fe4e119b131e345453791c_DNE_0_v2,4e9efc01-cff2-4238-ab6f-68cd755c9cb5_Feb_25__2026__7_17_30_PM.log,3.6.1,aborted,,end,3,17,17,,,,,,,,
636cb6421fd1403fabd3f6b2a6b25afa_DNE_0_v2,4e9efc01-cff2-4238-ab6f-68cd755c9cb5_Feb_25__2026__7_20_36_PM.log,3.6.1,aborted,,end,3,12,12,,,,,,,,
1c6ac893c983422e9a517ee3865d177e_DNE_0_v2,4e9efc01-cff2-4238-ab6f-68cd755c9cb5_Feb_26__2026__6_46_33_AM.log,3.6.1,aborted,,end,9,211,33,27,26,46,19,18,42,,
1c6ac893c983422e9a517ee3865d177e_DNE_1_v2,4e9efc01-cff2-4238-ab6f-68cd755c9cb5_Feb_26__2026__6_50_42_AM.log,3.6.1,approve,,end,10,438,33,27,26,46,19,18,42,227,
f1aabdb106a84c858be8eaaed41388bb_DNE_0_v2,4ea80d27-ac1d-4d1a-814f-6c1bfaa162ea_Feb_15__2026__10_39_25_AM.log,3.6.1,approve,,end,10,209,19,17,9,41,33,23,45,14,8
9a45604f47cc4776b2c9d8c7a4395cbc_DNE_0_v2,4f7510ab-91c3-4259-ac56-99c0c875dd87_Feb_17__2026__3_05_02_PM.log,3.6.1,aborted,,end,4,103,87,16,,,,,,,
9a45604f47cc4776b2c9d8c7a4395cbc_DNE_1_v2,4f7510ab-91c3-4259-ac56-99c0c875dd87_Feb_17__2026__3_07_08_PM.log,3.6.1,reject,no-more-photo-candidate-allowed,end,6,167,87,16,55,9,,,,,
9a45604f47cc4776b2c9d8c7a4395cbc_DNE_2_v2,4f7510ab-91c3-4259-ac56-99c0c875dd87_Feb_17__2026__3_10_26_PM.log,3.6.1,approve,no-more-photo-candidate-allowed,end,9,341,87,16,55,9,162,12,,,
c75125daefb44cb297195ddad5b0cde6_DNE_0_v2,4f7c58ff-64af-4a2e-8c12-e5012216a47d-1771844041_Feb_24__2026__8_04_22_AM.log,3.6.1,approve,,end,10,408,42,15,9,21,28,33,56,13,191
a8623b2e6b5b4650a996736148d6bcc2_DNE_0_v2,4ff1884b-7e1e-4a3d-997b-f844a4ab2aa2_Feb_12__2026__9_01_57_PM.log,3.6.1,approve,,end,10,237,12,31,70,21,27,15,42,14,5
8977bfe3aa35488996d9c2cecf1f46fe_DNE_0_v2,5008a024-79fd-4884-b495-a4ad38a85f4c_Feb_25__2026__8_21_06_PM.log,3.6.1,approve,,end,10,222,10,26,33,20,23,17,58,14,21
c42222fbab214917995b0da81660fc74_DNE_0_v2,50886eff-6f91-4de6-ad52-13f1a2b9083e_Feb_22__2026__10_50_43_AM.log,3.6.1,aborted,,end,3,60,60,,,,,,,,
f98ff5fadd214ff5819612182513311c_DNE_0_v2,50d6389c-f092-4e26-88a6-a28b15da79f7-1771510850_Feb_19__2026__3_39_11_PM.log,3.6.1,approve,,end,10,294,13,11,68,31,50,12,47,14,48
6eb3462f381b4c8cb1cbc501bcf65c44_DNE_0_v2,50d6389c-f092-4e26-88a6-a28b15da79f7_Feb_19__2026__12_21_09_PM.log,3.6.1,approve,,end,10,344,33,69,19,33,38,17,47,13,75
f4f01db5a78a40b6ad2682539d155171_DNE_0_v2,50d9b75e-677f-4239-b871-a1a36d930de4_Feb_26__2026__9_14_42_AM.log,3.6.1,unknown,,voice-liveness-check,2,29,29,,,,,,,,
00d65e2787c84e708ea1ba388514e86e_DNE_0_v2,50d9b75e-677f-4239-b871-a1a36d930de4_Feb_26__2026__9_31_11_AM.log,3.6.1,unknown,,voice-liveness-check,2,84,84,,,,,,,,
00d65e2787c84e708ea1ba388514e86e_DNE_1_v2,50d9b75e-677f-4239-b871-a1a36d930de4_Feb_26__2026__9_35_05_AM.log,3.6.1,aborted,,end,3,84,84,,,,,,,,
00d65e2787c84e708ea1ba388514e86e_DNE_2_v2,50d9b75e-677f-4239-b871-a1a36d930de4_Feb_26__2026__9_38_44_AM.log,3.6.1,aborted,,end,3,84,84,,,,,,,,
7aafe27001eb422e97c87b108d2a36f2_DNE_0_v2,50d9b75e-677f-4239-b871-a1a36d930de4_Feb_26__2026__9_44_06_AM.log,3.6.1,unknown,,voice-liveness-check,2,17,17,,,,,,,,
a29bae2fb47647ba97238584d77bf649_DNE_0_v2,510a2235-cb53-46f3-848b-7bdfbf59109b_Feb_23__2026__11_03_05_AM.log,3.6.1,approve,,end,10,213,33,15,16,23,20,13,52,13,28
a88fd2ae33f34d6f9b0416fdfa0918b1_DNE_0_v2,5113367d-7d5b-4a9a-9512-f7ab2111a410_Feb_25__2026__1_01_56_PM.log,3.6.1,reject,no-more-photo-candidate-allowed,end,7,147,42,32,9,33,31,,,,
a88fd2ae33f34d6f9b0416fdfa0918b1_DNE_1_v2,5113367d-7d5b-4a9a-9512-f7ab2111a410_Feb_25__2026__1_09_15_PM.log,3.6.1,reject,no-more-photo-candidate-allowed,end,7,147,42,32,9,33,31,,,,
94b7a39ae9dc43ea93c62fd442d24e36_DNE_0_v2,5113367d-7d5b-4a9a-9512-f7ab2111a410_Feb_25__2026__1_55_36_PM.log,3.6.1,approve,,end,10,288,16,20,33,19,55,39,44,13,49
7305358a0e5e4d809241c48a10ca1ba3_DNE_0_v2,5140d0c4-a698-4951-891f-0668a59ccc73_Feb_23__2026__11_41_24_AM.log,3.6.1,unknown,,idBack,6,181,27,39,16,51,48,,,,
187e2a5a55554c3bb3772a9b65a253d9_DNE_0_v2,5140d0c4-a698-4951-891f-0668a59ccc73_Feb_23__2026__11_53_27_AM.log,3.6.1,approve,,end,10,218,7,20,18,34,62,17,41,14,5
cd24a99c53cb4ee684ef740d84965aba_DNE_0_v2,5151cc6f-dc7a-4904-9425-d1d8f41440cd_Feb_25__2026__10_50_28_AM.log,3.6.1,approve,,end,10,382,98,26,67,66,24,20,48,14,19
d51ff37968ea458d9e4fb56eac18aa3d_DNE_0_v2,515ec6df-b189-4091-be00-5ceeefd51029_Feb_17__2026__1_29_50_PM.log,3.6.1,approve,,end,10,262,37,21,68,20,29,19,44,13,11
a7b51df6e98640f690b892bdaad65a29_DNE_0_v2,51837021-25c8-40b9-b358-5a1aa4385a4d_Feb_17__2026__6_39_38_PM.log,3.6.1,approve,,end,10,282,41,22,22,26,37,24,33,13,64
37c791389d5e4104bb10d151fdb22dea_DNE_0_v2,5185d72a-0756-407c-b455-559a3a6f9b2d-1771400457_Feb_22__2026__10_23_20_AM.log,3.6.1,aborted,,end,3,141,141,,,,,,,,
51ed2ebf5c4d4bfc9975405e272afb4e_DNE_0_v2,5185d72a-0756-407c-b455-559a3a6f9b2d-1771400457_Feb_22__2026__10_30_51_AM.log,3.6.1,approve,,end,10,304,20,34,15,27,40,15,49,13,91
06ce05563115466c901601b8affb28d8_DNE_0_v2,5185d72a-0756-407c-b455-559a3a6f9b2d_Feb_17__2026__12_50_26_PM.log,3.6.1,aborted,,end,3,23,23,,,,,,,,
06ce05563115466c901601b8affb28d8_DNE_1_v2,5185d72a-0756-407c-b455-559a3a6f9b2d_Feb_17__2026__12_56_32_PM.log,3.6.1,aborted,,end,3,23,23,,,,,,,,
06ce05563115466c901601b8affb28d8_DNE_2_v2,5185d72a-0756-407c-b455-559a3a6f9b2d_Feb_17__2026__12_58_35_PM.log,3.6.1,aborted,,end,3,23,23,,,,,,,,
06ce05563115466c901601b8affb28d8_DNE_3_v2,5185d72a-0756-407c-b455-559a3a6f9b2d_Feb_17__2026__1_02_21_PM.log,3.6.1,aborted,,end,3,23,23,,,,,,,,
06ce05563115466c901601b8affb28d8_DNE_4_v2,5185d72a-0756-407c-b455-559a3a6f9b2d_Feb_17__2026__1_04_13_PM.log,3.6.1,aborted,,end,3,23,23,,,,,,,,
06ce05563115466c901601b8affb28d8_DNE_5_v2,5185d72a-0756-407c-b455-559a3a6f9b2d_Feb_17__2026__1_04_21_PM.log,3.6.1,aborted,,end,3,23,23,,,,,,,,
ab52a68b71f948f8aec7c6caa09c1d2c_DNE_0_v2,519758f2-8d44-453f-af11-22a62eb3c6a6_Feb_27__2026__11_16_36_AM.log,3.6.1,aborted,,end,4,47,25,22,,,,,,,
ab52a68b71f948f8aec7c6caa09c1d2c_DNE_1_v2,519758f2-8d44-453f-af11-22a62eb3c6a6_Feb_27__2026__11_20_07_AM.log,3.6.1,approve,,end,10,308,25,22,130,28,32,15,42,14,
e49aa3afbcbb4156b922a8ba7297f1c6_DNE_4_v2,51986294-6178-4cff-af0d-c6aeddff54d8_Feb_25__2026__1_41_25_PM.log,3.6.1,no-customer,no-available-customer (user re-scanned QR after completion),end,6,128,47,21,23,37,,,,,
e49aa3afbcbb4156b922a8ba7297f1c6_DNE_5_v2,51986294-6178-4cff-af0d-c6aeddff54d8_Feb_25__2026__1_44_51_PM.log,3.6.1,aborted,,end,8,467,47,21,23,37,321,18,,,
e49aa3afbcbb4156b922a8ba7297f1c6_DNE_6_v2,51986294-6178-4cff-af0d-c6aeddff54d8_Feb_25__2026__1_52_03_PM.log,3.6.1,approve,,end,10,876,47,21,23,37,321,18,396,13,
02c53e56f8274e92b41f936212965d6d_DNE_0_v2,51c59fb8-715d-4d60-bad2-efae534ae24e_Feb_25__2026__11_18_44_AM.log,3.6.1,approve,,end,10,383,22,25,22,62,33,18,71,47,83
b793274c19374a54b0d9561afa3ee6c5_DNE_0_v2,51d5c530-3a62-45fa-a901-75d4df0517ad_Mar_3__2026__10_23_11_PM.log,3.6.1,aborted,,end,3,20,20,,,,,,,,
b793274c19374a54b0d9561afa3ee6c5_DNE_1_v2,51d5c530-3a62-45fa-a901-75d4df0517ad_Mar_3__2026__10_30_33_PM.log,3.6.1,aborted,,end,10,450,20,149,9,67,82,49,59,15,
b793274c19374a54b0d9561afa3ee6c5_DNE_2_v2,51d5c530-3a62-45fa-a901-75d4df0517ad_Mar_3__2026__10_31_03_PM.log,3.6.1,aborted,,end,10,450,20,149,9,67,82,49,59,15,
b793274c19374a54b0d9561afa3ee6c5_DNE_3_v2,51d5c530-3a62-45fa-a901-75d4df0517ad_Mar_3__2026__10_31_58_PM.log,3.6.1,approve,,end,10,450,20,149,9,67,82,49,59,15,
a67d839934e246938d40903fe9d2cd55_DNE_0_v2,51e9cf35-00c4-4c7d-9153-ff6082dacb9b_Feb_18__2026__2_07_03_PM.log,3.6.1,approve,,end,10,217,24,21,13,43,18,27,47,14,10
b7474b6ffeb34a46977d3840bf6c98b5_DNE_0_v2,52332fa6-f224-4bab-bc63-a2538f8be25a_Feb_5__2026__10_52_41_AM.log,3.6.1,approve,,end,10,193,16,25,19,20,20,17,43,14,19
82536f77b0c148149df395c9e2bc151e_DNE_0_v2,527fc2f1-08c0-421e-9bf6-78991ee2ac25_Feb_5__2026__1_49_11_PM.log,3.6.1,approve,,end,10,305,26,18,71,34,43,18,62,13,20
5e5838a7f7b84049a6b1186ce6f15c91_DNE_0_v2,52815f40-d163-4c7a-b610-be535aec45e7_Feb_16__2026__8_22_39_AM.log,3.6.1,approve,,end,10,306,26,47,9,37,52,20,59,13,43
3d2ede5aa3604773b4c8917e43e03136_DNE_0_v2,52da7212-3b13-4722-9fc9-78a3edc41566_Feb_26__2026__10_17_43_PM.log,3.6.1,approve,,end,10,264,80,17,16,21,25,31,48,13,13
c68e46b1a241457bba9707b4a0b803ed_DNE_0_v2,530b71c7-830d-4148-b3d3-eecfc07d42f6_Mar_6__2026__12_19_08_PM.log,3.6.1,unknown,,twoFactor,9,167,16,13,18,20,34,18,34,14,
bde7e5b749e149f4bc2411adc20e1500_DNE_0_v2,535322d9-d47f-4394-97fc-68b040361c89_Feb_27__2026__12_16_10_PM.log,3.6.1,aborted,,end,8,200,60,19,69,18,20,14,,,
bde7e5b749e149f4bc2411adc20e1500_DNE_1_v2,535322d9-d47f-4394-97fc-68b040361c89_Feb_27__2026__12_19_36_PM.log,3.6.1,approve,,end,10,422,60,19,69,18,20,14,209,13,
a30a830baf3f4c09abe9ef1e85eda437_DNE_0_v2,53948b07-223c-4889-98b6-7e70a48fbeef_Mar_4__2026__11_11_13_AM.log,3.6.1,aborted,,end,5,73,28,24,21,,,,,,
a30a830baf3f4c09abe9ef1e85eda437_DNE_1_v2,53948b07-223c-4889-98b6-7e70a48fbeef_Mar_4__2026__11_16_25_AM.log,3.6.1,approve,,end,10,373,28,24,21,177,50,15,44,14,
3f0baeb3854740a19fc880ccc1e0e57d_DNE_0_v2,53f2ab54-2c8f-4fc6-91e1-da9a71abca5a_Feb_17__2026__2_08_28_PM.log,3.6.1,approve,,end,10,202,21,24,16,19,13,21,57,13,18
3b3a8979a7fa4e23b333ef09d40454c7_DNE_0_v2,547b6726-c02f-43d0-88ec-a1d153d0d8fb_Feb_9__2026__7_18_13_PM.log,3.6.1,approve,,end,10,359,19,14,37,24,95,62,57,13,38
3b3a8979a7fa4e23b333ef09d40454c7_DNE_1_v2,547b6726-c02f-43d0-88ec-a1d153d0d8fb_Feb_9__2026__7_18_37_PM.log,3.6.1,approve,,end,10,359,19,14,37,24,95,62,57,13,38
3ac77bc1f68f49aa9d0711618fe16ef0_DNE_0_v2,5503efa4-60b8-49de-9c4e-1532e11d7b30_Feb_23__2026__4_48_05_PM.log,3.6.1,approve,,end,10,267,34,19,70,18,27,21,29,13,36
f80ff6436c1e4af09c3fd139ac5c3970_DNE_0_v2,556991b9-496e-442b-92c8-2ac4bec8b07f_Mar_2__2026__3_21_57_PM.log,3.6.1,aborted,,end,4,39,23,16,,,,,,,
f80ff6436c1e4af09c3fd139ac5c3970_DNE_1_v2,556991b9-496e-442b-92c8-2ac4bec8b07f_Mar_2__2026__3_25_47_PM.log,3.6.1,approve,,end,10,287,23,16,116,40,15,16,48,13,
60c348471c9649329862c387d25f32c9_DNE_0_v2,5583f4ae-cacc-4a58-8b00-0a7108483fc0_Mar_6__2026__2_04_56_PM.log,3.6.1,approve,,end,10,460,45,57,67,51,92,27,76,14,31
17a123d94f3c449fafdb4484568927c6_DNE_0_v2,559406d5-8c68-4c4c-8354-ffa03024071b_Feb_23__2026__11_32_54_AM.log,3.6.1,approve,,end,10,228,15,36,36,20,17,11,46,14,33
8af5d20f365d41b49b144e574964fdc6_DNE_0_v2,5656f462-9ced-44af-8e72-4922c55d4c8b_Feb_19__2026__8_59_00_AM.log,3.6.1,aborted,,end,3,20,20,,,,,,,,
8af5d20f365d41b49b144e574964fdc6_DNE_1_v2,5656f462-9ced-44af-8e72-4922c55d4c8b_Feb_19__2026__9_02_40_AM.log,3.6.1,aborted,,end,3,20,20,,,,,,,,
bf600d46fcf646a5932f6d845aa7e921_DNE_0_v2,5656f462-9ced-44af-8e72-4922c55d4c8b_Feb_21__2026__7_57_56_PM.log,3.6.1,approve,,end,10,287,13,9,21,22,31,19,55,14,103
f18390e8904e4fc2a173de518c25f802_DNE_0_v2,567271a4-3d65-409e-98db-52cfefe3c648-1770364052_Feb_7__2026__8_25_20_AM.log,3.6.1,aborted,,end,8,130,26,19,18,26,22,19,,,
ec10212c063143aeb6095bdadaf9b0a1_DNE_0_v2,567271a4-3d65-409e-98db-52cfefe3c648_Feb_5__2026__3_05_34_PM.log,3.6.1,reject,incomplete-hologram-video,end,9,284,34,26,26,98,31,18,51,,
ec10212c063143aeb6095bdadaf9b0a1_DNE_1_v2,567271a4-3d65-409e-98db-52cfefe3c648_Feb_5__2026__3_11_03_PM.log,3.6.1,approve,incomplete-hologram-video,end,10,606,34,26,26,98,31,18,51,322,
c4ad08bdbbca45499a8a70346fcf7d50_DNE_0_v2,5688cfd9-f893-42e4-842c-f33c009692f1-1771589271_Feb_21__2026__2_56_01_PM.log,3.6.1,approve,,end,10,264,15,33,30,36,26,30,52,13,29
2591fd1282f545bb8dd956e73eab913b_DNE_0_v2,5688cfd9-f893-42e4-842c-f33c009692f1-1771846493_Feb_23__2026__3_08_55_PM.log,3.6.1,aborted,,end,5,150,91,20,39,,,,,,
250673974ea84c778374d71caf39c0cf_DNE_0_v2,5688cfd9-f893-42e4-842c-f33c009692f1-1771846493_Feb_23__2026__3_25_13_PM.log,3.6.1,aborted,,end,3,15,15,,,,,,,,
0dd30d26452a45c6abfd25f33b906dc0_DNE_0_v2,5688cfd9-f893-42e4-842c-f33c009692f1-1771859850_Feb_24__2026__8_11_58_AM.log,3.6.1,approve,,end,10,274,18,18,21,41,40,33,49,13,41
40fb99d0591545c4abb6b658bdbcf738_DNE_2_v2,5688cfd9-f893-42e4-842c-f33c009692f1_Feb_19__2026__6_40_29_PM.log,3.6.1,unknown,,voice-liveness-check,2,24,24,,,,,,,,
5047f1e222c8458aa6a962bc2f082801_DNE_0_v2,5688cfd9-f893-42e4-842c-f33c009692f1_Feb_19__2026__6_42_38_PM.log,3.6.1,unknown,,voice-liveness-check,2,24,24,,,,,,,,
5047f1e222c8458aa6a962bc2f082801_DNE_1_v2,5688cfd9-f893-42e4-842c-f33c009692f1_Feb_19__2026__6_49_57_PM.log,3.6.1,aborted,,end,3,24,24,,,,,,,,
5047f1e222c8458aa6a962bc2f082801_DNE_2_v2,5688cfd9-f893-42e4-842c-f33c009692f1_Feb_19__2026__6_55_11_PM.log,3.6.1,reject,face_mismatch,end,6,789,24,645,89,31,,,,,
5047f1e222c8458aa6a962bc2f082801_DNE_3_v2,5688cfd9-f893-42e4-842c-f33c009692f1_Feb_19__2026__7_08_41_PM.log,3.6.1,aborted,face_mismatch,end,6,789,24,645,89,31,,,,,
dba655cc174c4b7b8e28d48d1231fb63_DNE_1_v2,56923bb1-d49a-4db5-91c4-d5bfdbee5834-1772095215_Feb_26__2026__11_52_36_AM.log,3.6.1,approve,,end,10,388,229,18,16,22,25,14,50,14,
a8e6fb103a944e24b66f29654202d4d7_DNE_0_v2,56923bb1-d49a-4db5-91c4-d5bfdbee5834_Feb_25__2026__10_10_10_AM.log,3.6.1,aborted,,end,3,90,90,,,,,,,,
a8e6fb103a944e24b66f29654202d4d7_DNE_1_v2,56923bb1-d49a-4db5-91c4-d5bfdbee5834_Feb_25__2026__10_15_57_AM.log,3.6.1,approve,,end,10,423,90,176,15,28,21,18,61,14,
e7e7f41e8c574a76b4a9ae64b9925bc5_DNE_0_v2,56d62693-50bb-413a-97b9-846d98954184-1770990583_Feb_16__2026__11_41_45_AM.log,3.6.1,approve,,end,10,307,20,106,13,38,32,17,48,14,19
811db62d81fe41418ec7217ae38e9e15_DNE_0_v2,56d62693-50bb-413a-97b9-846d98954184_Feb_12__2026__9_25_05_AM.log,3.6.1,approve,,end,10,228,18,11,10,31,33,19,66,13,27
3537c71736614de7b336bfa9b51dea4b_DNE_0_v2,570e8549-8842-4f1d-bedb-4ae0946421a4_Feb_17__2026__2_00_06_PM.log,3.6.1,approve,,end,10,398,50,57,79,81,36,22,49,13,11
2c0efa064d5646fa8c4c2e0883c4ab27_DNE_0_v2,57dd323a-4206-4ee4-9713-277de328de07_Feb_26__2026__4_17_09_PM.log,3.6.1,approve,,end,10,240,25,12,15,26,25,20,34,13,70
56837d1c2e2e45d39e1f9a5830e80eb9_DNE_0_v2,585cbd25-b88f-4390-86aa-7a0fabbd7bcb_Feb_13__2026__2_11_14_PM.log,3.6.1,approve,,end,10,365,38,51,76,31,30,22,64,13,40
ee887eb2dfc745e0a0c3ed7cf5ffef97_DNE_0_v2,587b4d3e-76ff-4d29-b6ea-97cba7c53bc9_Feb_15__2026__2_41_42_PM.log,3.6.1,approve,,end,10,250,70,20,9,26,24,15,57,13,16
d30bdadbfcd6414e9ffa7413d3c549cc_DNE_2_v2,589efbec-7be1-48c7-9a13-36c7978c8de3_Feb_20__2026__12_22_02_PM.log,3.6.1,aborted,,end,9,356,205,22,18,18,39,13,41,,
d30bdadbfcd6414e9ffa7413d3c549cc_DNE_3_v2,589efbec-7be1-48c7-9a13-36c7978c8de3_Feb_20__2026__12_24_51_PM.log,3.6.1,approve,,end,10,523,205,22,18,18,39,13,41,167,
43632c02b18d45fdba9d05f38e4d2ccf_DNE_0_v2,58c1477e-ec2b-47a3-963d-d92aa2315f25_Feb_23__2026__9_11_41_AM.log,3.6.1,aborted,,end,3,14,14,,,,,,,,
43632c02b18d45fdba9d05f38e4d2ccf_DNE_1_v2,58c1477e-ec2b-47a3-963d-d92aa2315f25_Feb_23__2026__9_16_06_AM.log,3.6.1,approve,,end,10,268,14,39,67,19,45,14,57,13,
b58600d5df73493fb55712a6bbae78c3_DNE_0_v2,591c04ac-5dac-4569-ab28-482df16e363f_Mar_5__2026__2_06_48_PM.log,3.6.1,approve,,end,10,287,28,26,23,31,24,14,56,13,72
cc3b57b1901341329b589d9e6ae1f78a_DNE_0_v2,59355259-00dd-467d-b290-aeb95d0ec59b-1771938048_Feb_24__2026__6_55_14_PM.log,3.6.1,aborted,,end,5,72,41,14,17,,,,,,
cc3b57b1901341329b589d9e6ae1f78a_DNE_1_v2,59355259-00dd-467d-b290-aeb95d0ec59b-1771938048_Feb_24__2026__6_58_05_PM.log,3.6.1,approve,,end,9,189,41,14,17,96,12,9,,,
538b2e8a1ece48e89bd0beb3197aec76_DNE_0_v2,59355259-00dd-467d-b290-aeb95d0ec59b_Feb_20__2026__7_43_13_PM.log,3.6.1,aborted,,end,5,82,20,48,14,,,,,,
538b2e8a1ece48e89bd0beb3197aec76_DNE_1_v2,59355259-00dd-467d-b290-aeb95d0ec59b_Feb_20__2026__7_47_35_PM.log,3.6.1,approve,,end,10,344,20,48,14,167,16,17,48,14,
c6933b7c97df459d9e1b2fef1d8e56a6_DNE_0_v2,59733438-3c99-4dfd-bce2-0bce353324c5_Feb_19__2026__4_10_18_PM.log,3.6.1,aborted,,end,6,191,25,118,19,29,,,,,
63a473b53730456cad40237a681769e9_DNE_0_v2,5992cfe7-b0a9-423f-b704-b490a5c3ba01_Feb_17__2026__12_31_09_PM.log,3.6.1,aborted,,end,4,29,13,16,,,,,,,
63a473b53730456cad40237a681769e9_DNE_1_v2,5992cfe7-b0a9-423f-b704-b490a5c3ba01_Feb_17__2026__12_35_22_PM.log,3.6.1,aborted,,end,4,29,13,16,,,,,,,
ceb75a2a52b94f0394f3bd846d8c2b13_DNE_0_v2,5992cfe7-b0a9-423f-b704-b490a5c3ba01_Feb_18__2026__1_32_41_PM.log,3.6.1,approve,,end,10,142,15,12,12,14,20,10,36,14,9
56b205ded1b543ed983293a14dd14c3c_DNE_0_v2,59a3f6f4-0cff-44ec-a287-d147c77fa541-1772012749_Mar_2__2026__2_14_45_PM.log,3.6.1,approve,,end,10,226,19,16,68,15,18,26,40,13,11
1da5c177aa33440b89f193354756e35f_DNE_0_v2,59a3f6f4-0cff-44ec-a287-d147c77fa541_Feb_24__2026__12_21_08_PM.log,3.6.1,approve,,end,10,203,32,14,16,24,20,18,45,14,20
9a647be8b88f4c5ab4ed9ce07fb96399_DNE_0_v2,59c14a93-56bc-457c-be87-6ef10155b948_Feb_25__2026__12_26_45_PM.log,3.6.1,approve,,end,10,285,25,14,68,22,58,14,50,13,21
65d98c71a3db4f2394b05cddaf1bdd23_DNE_0_v2,5a5c41fd-f82e-4f92-947c-07536399b695_Feb_9__2026__1_05_30_PM.log,3.6.1,aborted,,end,3,37,37,,,,,,,,
a9f189be1acb4f498c3c5bfaf2131ed7_DNE_0_v2,5b1ab673-e93c-493e-8ff4-ccc0f4ef5731_Feb_17__2026__3_40_16_PM.log,3.6.1,aborted,,end,4,177,43,134,,,,,,,
a9f189be1acb4f498c3c5bfaf2131ed7_DNE_1_v2,5b1ab673-e93c-493e-8ff4-ccc0f4ef5731_Feb_17__2026__3_45_43_PM.log,3.6.1,approve,,end,10,503,43,134,166,58,23,15,50,14,
adf46c82ea194066aed79d5173f81124_DNE_0_v2,5b1eca5d-4cc9-4ca9-b293-c8f6af76d850-1772016933_Feb_26__2026__1_16_33_PM.log,3.6.1,approve,,end,10,179,33,9,14,11,12,16,39,13,32
43580eff1f124e20a540b1d69b39a79e_DNE_0_v2,5b1eca5d-4cc9-4ca9-b293-c8f6af76d850_Feb_24__2026__2_45_20_PM.log,3.6.1,approve,,end,10,274,24,19,96,19,19,15,47,13,22
1cf2f7b54c5243c0806cb741a75378b5_DNE_0_v2,5b3b5416-8820-455a-b111-d5027d9b2c85_Feb_18__2026__9_25_42_AM.log,3.6.1,approve,,end,10,182,19,14,12,25,23,16,41,13,19
19c95f326ca04e25a761bfe48c30e611_DNE_0_v2,5badfe61-caa0-4dfc-97fe-ad63b313e0b6_Feb_20__2026__10_36_26_AM.log,3.6.1,approve,,end,10,162,8,23,10,22,17,15,47,14,6
0c978b3d1c584cd199a4c9bae9a8e6d1_DNE_0_v2,5bb51915-a9e1-4cc5-9b4b-0191c9c5027f_Feb_6__2026__12_27_47_PM.log,3.6.1,approve,,end,10,207,13,31,14,28,22,13,46,14,26
428c02152ed84e268bf3696b7e8e8fe4_DNE_0_v2,5be8962f-de78-4702-af9c-908f52c1b638_Feb_20__2026__2_04_10_PM.log,3.6.1,approve,,end,10,273,105,26,18,16,21,13,42,14,18
fa81c678cdfe4ed0ada9f694bde86d15_DNE_0_v2,5c01de52-6bf1-40ad-8680-72d359637d7b_Feb_16__2026__11_46_51_AM.log,3.6.1,approve,,end,10,182,32,22,13,25,13,13,37,14,13
8b6b6bc152a84fd381f24538e3bf35c7_DNE_0_v2,5c281f11-8998-4e3e-a569-ce844ef16b54_Feb_5__2026__1_43_57_PM.log,3.6.1,approve,,end,10,313,19,18,67,47,17,16,56,40,33
811c443e48f84e16bfef104e619a7747_DNE_0_v2,5c3711d6-fc1a-4183-8dba-dec6faabc449_Feb_18__2026__12_57_56_PM.log,3.6.1,aborted,,end,4,66,47,19,,,,,,,
811c443e48f84e16bfef104e619a7747_DNE_1_v2,5c3711d6-fc1a-4183-8dba-dec6faabc449_Feb_18__2026__1_00_04_PM.log,3.6.1,aborted,,end,4,66,47,19,,,,,,,
811c443e48f84e16bfef104e619a7747_DNE_2_v2,5c3711d6-fc1a-4183-8dba-dec6faabc449_Feb_18__2026__1_00_28_PM.log,3.6.1,aborted,,end,4,66,47,19,,,,,,,
65c8fcad7a694925811fee7c0ef239c8_DNE_0_v2,5cac5a68-02b4-4cb3-b674-c5386cba03c0_Feb_24__2026__12_33_50_PM.log,3.6.1,aborted,,end,8,212,27,25,80,27,35,18,,,
9102df511b8f49d68df2a78807a08e59_DNE_0_v2,5d34d0a2-84f7-481d-925d-bc7031ab3d68_Feb_19__2026__10_21_03_AM.log,3.6.1,approve,,end,10,184,22,24,10,20,25,14,47,14,8
7c364015fa7d46a48ca31a509ba8be34_DNE_0_v2,5d4f6126-3d12-4b9b-982e-835daa2550f2_Feb_22__2026__3_05_32_PM.log,3.6.1,aborted,,end,4,36,21,15,,,,,,,
7c364015fa7d46a48ca31a509ba8be34_DNE_1_v2,5d4f6126-3d12-4b9b-982e-835daa2550f2_Feb_22__2026__3_08_30_PM.log,3.6.1,aborted,,end,4,36,21,15,,,,,,,
7c364015fa7d46a48ca31a509ba8be34_DNE_2_v2,5d4f6126-3d12-4b9b-982e-835daa2550f2_Feb_22__2026__3_13_51_PM.log,3.6.1,approve,,end,10,691,21,15,515,20,36,20,47,17,
6531def0eded44758ce29b3fe283c97d_DNE_0_v2,5d50954a-7a42-4a0e-873a-88e9016e1c3b_Feb_25__2026__8_37_12_AM.log,3.6.1,approve,,end,10,191,34,13,10,22,22,20,42,13,15
ff0f018486a042b297dd05cf7a5deecc_DNE_0_v2,5de3c46e-453c-4679-ba30-b0a55422c5c5_Feb_5__2026__5_19_25_PM.log,3.6.1,aborted,,end,1,0,,,,,,,,,
ff0f018486a042b297dd05cf7a5deecc_DNE_1_v2,5de3c46e-453c-4679-ba30-b0a55422c5c5_Feb_5__2026__5_29_22_PM.log,3.6.1,approve,,end,10,168,27,15,7,17,30,14,45,13,
002ab3ff4fa64feea1c521e70f7b07a1_DNE_0_v2,5dff34f8-5bf3-4e41-be6c-d2d4107a0fc7_Feb_24__2026__2_08_04_PM.log,3.6.1,approve,,end,10,323,39,26,71,36,44,32,52,14,9
4e532a0eb50c4205bf3b29e3b8bb20bf_DNE_0_v2,5e0e34e0-a48a-46c7-acf6-3ff1aedde9b5_Feb_19__2026__1_22_09_PM.log,3.6.1,approve,,end,10,216,21,20,10,29,23,20,54,14,25
3c7844f3b2ad417a9339ef22d2fdecf3_DNE_0_v2,5e169aad-1687-4401-b598-2a7124202504_Feb_12__2026__2_26_05_PM.log,3.6.1,aborted,,end,4,247,216,31,,,,,,,
3c7844f3b2ad417a9339ef22d2fdecf3_DNE_1_v2,5e169aad-1687-4401-b598-2a7124202504_Feb_12__2026__2_29_35_PM.log,3.6.1,reject,face_mismatch,end,6,465,216,31,199,19,,,,,
3c7844f3b2ad417a9339ef22d2fdecf3_DNE_2_v2,5e169aad-1687-4401-b598-2a7124202504_Feb_12__2026__2_33_20_PM.log,3.6.1,approve,face_mismatch,end,10,665,216,31,199,19,114,17,56,13,
7682d00153584748a40bf3c0eb399c22_DNE_0_v2,5e1ceeb6-08dc-4a0a-b63d-367d42bf7b57_Feb_20__2026__8_24_13_PM.log,3.6.1,approve,,end,10,345,9,24,136,23,53,25,46,14,15
4673addeb7194c368746ad310b92d384_DNE_0_v2,5e5cfd79-0de6-4f87-b089-0772f9a15da7_Feb_5__2026__4_34_42_PM.log,3.6.1,approve,,end,10,288,28,46,71,21,21,12,56,14,19
831934b3a1ff4dc3a7167ba0fa407c49_DNE_0_v2,5e9d8e58-92ab-4065-bcba-28628f9164aa_Mar_6__2026__10_19_12_AM.log,3.6.1,approve,,end,10,371,210,12,13,15,16,17,56,13,19
18bb07c1c1b34d10bad058d21a2e1473_DNE_0_v2,5f77f360-ea00-4853-9f43-43f27f8d4f38_Feb_12__2026__10_59_59_AM.log,3.6.1,unknown,,voice-liveness-check,2,40,40,,,,,,,,
18bb07c1c1b34d10bad058d21a2e1473_DNE_1_v2,5f77f360-ea00-4853-9f43-43f27f8d4f38_Feb_12__2026__11_06_51_AM.log,3.6.1,unknown,,voice-liveness-check,2,40,40,,,,,,,,
2c5684a990ba4f1c9f3dcb5ccda9ea8c_DNE_0_v2,5f86f57c-fdb9-46d2-8839-066006c3873f_Feb_26__2026__12_36_34_PM.log,3.6.1,aborted,,end,4,44,21,23,,,,,,,
2c5684a990ba4f1c9f3dcb5ccda9ea8c_DNE_1_v2,5f86f57c-fdb9-46d2-8839-066006c3873f_Feb_26__2026__12_40_44_PM.log,3.6.1,approve,,end,10,297,21,23,108,19,30,26,56,14,
43ffa8b6a56446b5acdbe92cb2babc8c_DNE_0_v2,5ffb46af-d00c-4cac-b899-6fa3ae1e6a7e-1770885349_Feb_15__2026__7_47_29_PM.log,3.6.1,approve,,end,10,326,37,34,34,23,61,28,48,14,47
1845539165ea4f18ab31d0880936a86f_DNE_0_v2,5ffb46af-d00c-4cac-b899-6fa3ae1e6a7e-1771234141_Feb_17__2026__12_30_46_PM.log,3.6.1,approve,,end,10,277,38,23,13,30,33,32,48,14,46
ea128c5f24544d2f9c08aabef5ed1464_DNE_0_v2,5ffb46af-d00c-4cac-b899-6fa3ae1e6a7e-1771337897_Feb_18__2026__7_37_45_PM.log,3.6.1,approve,,end,10,349,89,17,71,28,27,22,34,14,47
377f2605c7e04a0883f8d226d152a9dd_DNE_0_v2,6026c627-f9eb-4faa-b1dc-0913aeb4902c_Feb_19__2026__5_16_08_PM.log,3.6.1,approve,,end,10,439,25,27,67,31,198,18,45,13,15
39e40b30fad94ec6a68ccdf20e8156c0_DNE_0_v2,6028768b-4b34-41ff-9ab5-2767d16a0156_Feb_12__2026__3_16_04_PM.log,3.6.1,approve,,end,10,274,25,26,71,27,39,17,41,14,14
7d1d6b4ed9d34ae99ef1f98c35a42071_DNE_0_v2,602f77bf-e48e-4710-a488-a44c9932ef68_Feb_25__2026__9_50_40_AM.log,3.6.1,approve,,end,10,178,22,16,10,25,26,15,44,14,6
570a4fd5d29f4fb38c565fe69ddee14d_DNE_0_v2,6073ccc5-d219-477d-b488-8fac1aa0f56f_Feb_17__2026__10_28_22_AM.log,3.6.1,approve,,end,10,239,26,28,32,46,18,23,32,14,20
237c444350c24ec097ac7ec89935f12a_DNE_0_v2,6089cd3f-fab0-488c-8fd8-ece2d4298334_Feb_18__2026__10_46_48_AM.log,3.6.1,approve,,end,10,331,60,47,19,41,75,21,48,13,7
a8169325e5c8496ebe55def7b077fe89_DNE_0_v2,60b456a3-3281-4dc7-85a8-195c0deb7f8a_Feb_13__2026__9_34_08_AM.log,3.6.1,approve,,end,10,167,12,19,5,16,19,12,49,14,21
51510eaf94204799ae0641617f1fde04_DNE_0_v2,60cdde69-c271-440a-95a5-ba9694afd390_Feb_5__2026__12_01_49_PM.log,3.6.1,approve,,end,10,177,6,36,14,20,22,12,40,13,14
920afc9dc31440feb71e564c930d7e08_DNE_0_v2,60da97cf-66f2-4ed4-b51a-00e2292429a1_Feb_18__2026__9_14_30_AM.log,3.6.1,approve,,end,10,213,10,19,37,37,23,15,47,17,8
cddfacdbf4174b9abcde0e1c0d377d17_DNE_0_v2,619402f3-f631-40a1-96f0-b4589e9212b7-1771941757_Feb_25__2026__8_48_40_AM.log,3.6.1,reject,incomplete-hologram-video,end,9,187,21,23,16,38,20,14,55,,
cddfacdbf4174b9abcde0e1c0d377d17_DNE_1_v2,619402f3-f631-40a1-96f0-b4589e9212b7-1771941757_Feb_25__2026__8_51_36_AM.log,3.6.1,approve,incomplete-hologram-video,end,10,369,21,23,16,38,20,14,55,182,
9364e2d546114015ab9b7e0405c88440_DNE_1_v2,6196d999-6e2b-4ba8-96ad-47097e8a3072-1771486940_Feb_23__2026__10_48_28_AM.log,3.6.1,aborted,,end,9,167,19,13,13,22,31,22,47,,
37324888524242349097f19e36fef0fc_DNE_0_v2,6196d999-6e2b-4ba8-96ad-47097e8a3072-1771486940_Feb_23__2026__10_58_59_AM.log,3.6.1,unknown,,voice-liveness-check,2,17,17,,,,,,,,
37324888524242349097f19e36fef0fc_DNE_1_v2,6196d999-6e2b-4ba8-96ad-47097e8a3072-1771486940_Feb_23__2026__11_00_26_AM.log,3.6.1,unknown,,voice-liveness-check,2,17,17,,,,,,,,
37324888524242349097f19e36fef0fc_DNE_2_v2,6196d999-6e2b-4ba8-96ad-47097e8a3072-1771486940_Feb_23__2026__11_22_35_AM.log,3.6.1,aborted,,end,3,17,17,,,,,,,,
c90feacba01d44efa2f2aeb89f8234e4_DNE_1_v2,6196d999-6e2b-4ba8-96ad-47097e8a3072-1771919556_Feb_24__2026__10_12_03_AM.log,3.6.1,approve,,end,10,194,20,9,12,24,25,18,47,14,25
ee5e889d7bcc4a5c9a49e5e156944886_DNE_0_v2,6238a64f-4fda-4ddb-9ca9-aafd2cf8637c_Feb_11__2026__4_13_12_PM.log,3.6.1,aborted,,end,3,19,19,,,,,,,,
d2422f807d6247178700d0e95d03a34a_DNE_0_v2,629f40b6-bb7a-478c-bca4-2f33387a6294-1771841682_Feb_23__2026__2_33_10_PM.log,3.6.1,aborted,,end,3,23,23,,,,,,,,
d2422f807d6247178700d0e95d03a34a_DNE_1_v2,629f40b6-bb7a-478c-bca4-2f33387a6294-1771841682_Feb_23__2026__2_34_02_PM.log,3.6.1,aborted,,end,3,23,23,,,,,,,,
130baaf8c67c416081d83e5ad3e139f2_DNE_0_v2,629f40b6-bb7a-478c-bca4-2f33387a6294-1771855032_Feb_23__2026__3_02_22_PM.log,3.6.1,approve,,end,9,154,9,25,19,25,40,20,,,16
5691d30a4bf14a2a84df561c98466ff5_DNE_0_v2,62d27b31-fe21-4bd1-ba74-7f9347277529_Feb_23__2026__11_58_47_AM.log,3.6.1,approve,,end,10,251,22,18,11,14,26,13,58,14,75
6c38b825237749d7bdf8bee626393670_DNE_0_v2,62d71e61-41fd-456c-8907-d80a31145c01_Feb_13__2026__2_18_43_PM.log,3.6.1,aborted,,end,3,23,23,,,,,,,,
6c38b825237749d7bdf8bee626393670_DNE_1_v2,62d71e61-41fd-456c-8907-d80a31145c01_Feb_13__2026__2_22_46_PM.log,3.6.1,approve,,end,10,330,23,99,25,38,78,28,26,13,
bc1557e0431942e9bca541261849d727_DNE_0_v2,62e47460-79ce-49f9-ba8f-9c750d324a0f_Feb_24__2026__11_33_57_PM.log,3.6.1,approve,,end,10,163,5,18,15,14,16,13,49,14,19
9807d79321e54a5db0ec3c0c645a9d98_DNE_0_v2,62f40539-5fb4-49b7-a8e2-dae9a9274ca2_Mar_3__2026__10_45_00_AM.log,3.6.1,aborted,,end,4,48,25,23,,,,,,,
9807d79321e54a5db0ec3c0c645a9d98_DNE_1_v2,62f40539-5fb4-49b7-a8e2-dae9a9274ca2_Mar_3__2026__10_48_20_AM.log,3.6.1,approve,,end,10,290,25,23,127,20,20,16,46,13,
f588955b730246e7bc80d5867fc5ad99_DNE_0_v2,630e9991-826a-4e4c-bbf5-66e6e9378568_Feb_25__2026__4_33_22_PM.log,3.6.1,reject,face-detection-error,end,3,18,18,,,,,,,,
f588955b730246e7bc80d5867fc5ad99_DNE_1_v2,630e9991-826a-4e4c-bbf5-66e6e9378568_Feb_25__2026__4_36_26_PM.log,3.6.1,approve,face-detection-error,end,10,206,18,67,7,17,22,13,48,14,
e587f8c61ce54252a8c5fab007f48513_DNE_0_v2,6323f4a7-3e25-4708-bef3-6a9e15524be9-1771490779_Feb_20__2026__3_03_13_PM.log,3.6.1,aborted,,end,3,5,5,,,,,,,,
e587f8c61ce54252a8c5fab007f48513_DNE_1_v2,6323f4a7-3e25-4708-bef3-6a9e15524be9-1771490779_Feb_20__2026__3_05_56_PM.log,3.6.1,aborted,,end,3,5,5,,,,,,,,
4e6cc8349b6b43a48415303a42bceb2a_DNE_0_v2,6323f4a7-3e25-4708-bef3-6a9e15524be9_Feb_18__2026__1_43_28_PM.log,3.6.1,aborted,,end,3,49,49,,,,,,,,
4e6cc8349b6b43a48415303a42bceb2a_DNE_1_v2,6323f4a7-3e25-4708-bef3-6a9e15524be9_Feb_18__2026__1_46_16_PM.log,3.6.1,aborted,,end,3,49,49,,,,,,,,
1602cdbb5f194acd8f290f7e12873578_DNE_0_v2,6323f4a7-3e25-4708-bef3-6a9e15524be9_Feb_18__2026__1_59_42_PM.log,3.6.1,aborted,,end,3,4,4,,,,,,,,
1602cdbb5f194acd8f290f7e12873578_DNE_1_v2,6323f4a7-3e25-4708-bef3-6a9e15524be9_Feb_18__2026__2_03_40_PM.log,3.6.1,aborted,,end,3,4,4,,,,,,,,
b97c3f4e0c3e491c82ce092f41e5fa3b_DNE_0_v2,6364b75c-f268-4b09-a051-c90826d9bb36_Feb_13__2026__1_44_51_PM.log,3.6.1,approve,,end,10,283,64,76,6,36,21,11,43,14,12
915db04213d84744b3188094f3a65e78_DNE_0_v2,638356b3-3a0a-48b0-9038-a13560f7113f-1771600263_Feb_23__2026__12_30_05_PM.log,3.6.1,approve,,end,10,274,32,29,36,32,23,23,59,14,26
9802084ad5bc4ce392242958bf2dde97_DNE_0_v2,638356b3-3a0a-48b0-9038-a13560f7113f-1771928475_Feb_24__2026__4_10_44_PM.log,3.6.1,approve,,end,10,228,22,16,20,35,27,17,58,14,19
6edffdb07e654610989c8166d90ab229_DNE_0_v2,638356b3-3a0a-48b0-9038-a13560f7113f_Feb_20__2026__11_47_10_AM.log,3.6.1,approve,,end,10,248,26,20,33,32,24,19,64,13,17
8e888aaffd674d7eb859a64522de5ff1_DNE_0_v2,63ab5b07-ee2e-494e-8a27-e92e2b99b670-1771580251_Feb_20__2026__7_06_22_PM.log,3.6.1,reject,identity-document-expired,end,8,220,26,30,23,26,69,46,,,
8e888aaffd674d7eb859a64522de5ff1_DNE_1_v2,63ab5b07-ee2e-494e-8a27-e92e2b99b670-1771580251_Feb_20__2026__7_14_48_PM.log,3.6.1,approve,identity-document-expired,end,9,220,26,30,23,26,69,46,,,
1eeda8a5a2624d2e8cada69f8a94e595_DNE_0_v2,63ab5b07-ee2e-494e-8a27-e92e2b99b670_Feb_17__2026__2_05_51_PM.log,3.6.1,approve,,end,10,299,25,19,68,26,53,16,54,14,24
b0e8a1c74ca545d4806dd2a0cc62827e_DNE_0_v2,63b05ad2-c1d9-4dc6-aebe-24a15d3e061c-1770992458_Feb_17__2026__10_45_15_AM.log,3.6.1,approve,,end,10,209,24,12,7,22,21,15,57,13,38
368331fe8fd348c385d054450dfe74f5_DNE_0_v2,63b05ad2-c1d9-4dc6-aebe-24a15d3e061c_Feb_12__2026__11_00_34_AM.log,3.6.1,approve,,end,10,433,137,55,71,26,29,16,59,14,26
ca25664ffd184922b714d45913c5fc08_DNE_0_v2,648e3563-36a5-451f-82da-6b794a0b258b_Feb_20__2026__1_42_13_PM.log,3.6.1,aborted,,end,8,133,23,32,11,26,22,19,,,
d59328cba699487a8958bb58afca4572_DNE_0_v2,6491009a-e058-427c-b986-dfce7892791a-1771838929_Feb_24__2026__9_34_10_AM.log,3.6.1,approve,,end,10,206,21,16,11,34,17,14,59,14,20
7f21d0a767934458a69b53bda2feff1c_DNE_0_v2,6544cb42-7d58-4e01-8ee4-3fe04de8bb1d_Feb_12__2026__10_09_20_PM.log,3.6.1,approve,,end,10,271,19,13,67,30,24,27,56,14,21
49d01d4be247485c9310450008f87988_DNE_0_v2,658b55a9-b147-4194-8ba5-e7a87ac96eb7_Feb_25__2026__4_12_17_PM.log,3.6.1,approve,,end,10,534,274,16,86,29,27,29,45,14,14
07911f0f229246dc8650633cb17622cb_DNE_0_v2,65b7657d-2ed3-4f49-87e0-704d5b8712b1_Feb_17__2026__4_48_03_PM.log,3.6.1,approve,,end,10,173,25,31,7,12,9,15,46,14,14
13a78a6099c44b2c8a38682605f9ae84_DNE_0_v2,6637db11-9d62-48d4-a81b-6bad261702ba_Feb_12__2026__12_16_02_PM.log,3.6.1,aborted,,end,4,118,92,26,,,,,,,
13a78a6099c44b2c8a38682605f9ae84_DNE_1_v2,6637db11-9d62-48d4-a81b-6bad261702ba_Feb_12__2026__12_21_28_PM.log,3.6.1,approve,,end,10,418,92,26,119,32,56,21,59,13,
9422e35f341640d18ebcd0559d80a832_DNE_0_v2,66d4caae-c6ca-4319-9425-fe404457ebf6_Feb_24__2026__10_55_42_AM.log,3.6.1,approve,,end,10,270,23,24,16,16,78,18,57,13,25
61504f8b5e144ff480d8ed84e3ddacc7_DNE_0_v2,66fae214-5c10-4cea-a00e-6e6a013143a4_Feb_16__2026__10_00_16_AM.log,3.6.1,approve,,end,10,255,19,29,68,22,35,16,36,13,17
a90663017f2d480da316472b3e8b127e_DNE_0_v2,67758568-7491-4075-b886-2eec463eaeae_Feb_28__2026__9_55_41_AM.log,3.6.1,approve,,end,10,331,107,19,18,50,40,19,58,13,7
7e48eabc214b4aa38e757c4974d96dd4_DNE_0_v2,6777d6f9-f506-4202-9255-12c7b22d9a77_Feb_24__2026__10_28_10_AM.log,3.6.1,approve,,end,10,242,22,25,10,35,38,25,59,14,14
0b8feb04b40146e3892ac6ae2f73f04d_DNE_0_v2,679ccc25-58d9-4804-a573-9f284d9cd1a1_Feb_23__2026__8_27_27_PM.log,3.6.1,approve,,end,10,248,9,46,67,14,25,15,43,14,15
d48e969dd0f94eee94bf4bc08035644d_DNE_0_v2,67b85c4a-b43b-46d3-b29d-952a5109cccd_Mar_6__2026__2_20_41_PM.log,3.6.1,approve,,end,10,267,67,15,10,16,38,17,57,13,34
99d2ea7c0fb140cf9c776f87d2c97a54_DNE_0_v2,683abf64-7fd6-4335-9186-67274c30ee06_Feb_6__2026__12_51_34_PM.log,3.6.1,approve,,end,10,177,10,24,7,18,16,18,46,14,24
17e2fdfda328455381c693032a3d8773_DNE_0_v2,685ba727-16f1-40aa-8300-15b837e94390_Feb_16__2026__11_35_04_AM.log,3.6.1,approve,,end,10,254,35,35,33,19,18,16,66,13,19
8448a3fafbd64b72b37966179afe3a31_DNE_0_v2,688ab33f-1692-4b9a-9ff7-cad0ffbba5ec_Feb_20__2026__1_29_31_PM.log,3.6.1,approve,,end,10,295,20,24,11,66,25,15,49,14,71
dd395fd9134743ac9cfcebe8f08c04d4_DNE_0_v2,68ecacd3-f65b-4f1b-a31e-11d9d82a11e1_Mar_3__2026__12_20_37_PM.log,3.6.1,approve,,end,10,202,34,31,13,17,14,13,51,14,15
1d1fd068420746e1b1509a5ffd3042d6_DNE_0_v2,6933145a-804c-4472-a0cd-033bc1e9006f_Feb_25__2026__7_38_47_AM.log,3.6.1,aborted,,end,5,53,12,21,20,,,,,,
bd431a62b00a4f318b46d219eaae14eb_DNE_0_v2,6933145a-804c-4472-a0cd-033bc1e9006f_Feb_25__2026__7_39_34_AM.log,3.6.1,aborted,,end,5,17,4,9,4,,,,,,
f6622eea32f74a119966960bcc1cf86c_DNE_0_v2,6933145a-804c-4472-a0cd-033bc1e9006f_Feb_25__2026__7_41_39_AM.log,3.6.1,aborted,,end,9,104,4,5,9,16,21,14,35,,
f6622eea32f74a119966960bcc1cf86c_DNE_1_v2,6933145a-804c-4472-a0cd-033bc1e9006f_Feb_25__2026__7_44_14_AM.log,3.6.1,approve,,end,10,243,4,5,9,16,21,14,35,139,
4bb5a634a02e4947b84515b614a02e7d_DNE_0_v2,69335e6d-13dd-4754-96c9-d8ee018f77c5_Feb_10__2026__5_47_14_PM.log,3.6.1,aborted,,end,4,90,58,32,,,,,,,
9484553e77ff4c41b94cbb9efd03060f_DNE_0_v2,6a5d7d71-69c6-4fd6-bf95-4f253d664a80-1770887530_Feb_16__2026__1_11_58_PM.log,3.6.1,approve,,end,10,274,29,12,70,30,24,20,56,13,20
4d70e2a8040843fc8b1824681b72a5bb_DNE_0_v2,6a5d7d71-69c6-4fd6-bf95-4f253d664a80_Feb_12__2026__9_58_25_AM.log,3.6.1,approve,,end,10,1510,1143,137,68,33,28,20,54,14,13
5d2b8c123f644086ac65a2ff0ff1f115_DNE_0_v2,6a8bba61-08b2-44b1-9ba9-2548253177cf_Feb_25__2026__11_46_17_AM.log,3.6.1,approve,,end,10,206,34,17,18,22,19,14,59,14,9
505bca92ef854569a374729e7930cd71_DNE_0_v2,6b12bf74-a2ec-4993-97d8-b626a1c2ac49-1772032314_Feb_25__2026__4_07_43_PM.log,3.6.1,approve,,end,10,223,37,16,20,22,32,20,44,13,19
505bca92ef854569a374729e7930cd71_DNE_1_v2,6b12bf74-a2ec-4993-97d8-b626a1c2ac49-1772032314_Feb_25__2026__4_22_05_PM.log,3.6.1,approve,,end,10,223,37,16,20,22,32,20,44,13,19
42525df655c14e278c23909756b5cad7_DNE_0_v2,6b401508-d5f9-4c2c-a856-0eff3700af3e-1771505535_Feb_19__2026__2_05_54_PM.log,3.6.1,approve,,end,10,195,30,21,15,16,22,13,53,13,12
3dc2e587526c4f4c92a3b2ec448b254a_DNE_0_v2,6b65c4c5-0ff0-424f-be10-3f8798da7393-1771601909_Feb_20__2026__4_44_49_PM.log,3.6.1,approve,,end,9,101,9,19,11,28,15,15,,,4
6c52c6748b0a40cf88ef7137f4c0a46f_DNE_0_v2,6b693b44-7d8c-4a68-838d-1d1c3181dd54_Feb_12__2026__2_00_06_PM.log,3.6.1,approve,,end,10,860,32,56,35,46,65,22,58,13,533
67a5acbffaca43c7888f9a0efc32ab91_DNE_0_v2,6b9e8183-8247-4553-9993-f68e37bef3ef_Feb_23__2026__9_03_09_AM.log,3.6.1,aborted,,end,9,248,37,32,70,36,20,16,37,,
67a5acbffaca43c7888f9a0efc32ab91_DNE_1_v2,6b9e8183-8247-4553-9993-f68e37bef3ef_Feb_23__2026__9_09_11_AM.log,3.6.1,approve,,end,10,465,37,32,70,36,20,16,37,217,
305058d4a34c4e5f9e3edb2fee06d83a_DNE_0_v2,6bb91df9-29d9-41ea-aabf-9be6b0ef2422-1770284150_Feb_5__2026__10_51_47_AM.log,3.6.1,aborted,,end,3,59,59,,,,,,,,
305058d4a34c4e5f9e3edb2fee06d83a_DNE_1_v2,6bb91df9-29d9-41ea-aabf-9be6b0ef2422-1770284150_Feb_5__2026__11_14_12_AM.log,3.6.1,approve,,end,10,1434,59,548,684,32,24,16,57,14,
eb60ed15a6a348e295d79f839f143aea_DNE_0_v2,6c232506-f646-4b58-864f-c1f9ea346240_Feb_19__2026__10_40_28_AM.log,3.6.1,reject,incomplete-hologram-video,end,9,189,22,32,12,23,31,13,56,,
eb60ed15a6a348e295d79f839f143aea_DNE_1_v2,6c232506-f646-4b58-864f-c1f9ea346240_Feb_19__2026__10_44_39_AM.log,3.6.1,approve,incomplete-hologram-video,end,10,446,22,32,12,23,31,13,56,257,
056d9930410f4dd698256ec064ba3857_DNE_0_v2,6c39457c-d2f3-4ac1-8772-69fd21308ce7_Feb_12__2026__1_16_58_PM.log,3.6.1,approve,,end,10,270,55,35,18,22,21,17,57,14,31
bc4376a0ccaf4146a6672e646f7152f3_DNE_0_v2,6c4911b7-61ce-4c13-af61-7b9efe30946b-1771405371_Feb_18__2026__10_19_17_AM.log,3.6.1,unknown,,voice-liveness-check,2,31,31,,,,,,,,
bc4376a0ccaf4146a6672e646f7152f3_DNE_1_v2,6c4911b7-61ce-4c13-af61-7b9efe30946b-1771405371_Feb_18__2026__10_21_02_AM.log,3.6.1,aborted,,end,3,31,31,,,,,,,,
78401c9c4ddd4fb7af110ce6008ef1a1_DNE_0_v2,6c4911b7-61ce-4c13-af61-7b9efe30946b-1771405371_Feb_18__2026__10_24_52_AM.log,3.6.1,unknown,,voice-liveness-check,2,24,24,,,,,,,,
520eda48c0824b60bf6b9796727f2827_DNE_0_v2,6c8d2906-a6bf-40dd-9746-7082f555ab04_Feb_6__2026__11_04_06_AM.log,3.6.1,approve,,end,10,252,24,12,20,37,55,16,56,14,18
7dc2175a72fb4f0db30f4fcb4bb9f931_DNE_0_v2,6cb96ff8-24fd-4e03-8d07-5b6133073067_Feb_20__2026__6_09_39_PM.log,3.6.1,approve,,end,8,198,,,18,26,44,32,53,14,11
cfb5d51a04b049bdb9f270130f008572_DNE_0_v2,6cc1c4f0-2c53-4746-b47d-cff1bf58d998_Feb_16__2026__4_02_02_PM.log,3.6.1,approve,,end,10,243,34,20,17,22,29,19,48,14,40
8b9f7565e7ee473987b44e9d7924c03f_DNE_0_v2,6d1a6892-4e43-4a6d-ba29-f97a1122d4bd_Mar_4__2026__10_03_46_AM.log,3.6.1,approve,,end,10,215,23,9,10,16,29,54,55,14,5
0841f85c58d44dbbb632e02e698bc4c7_DNE_0_v2,6d33484a-f3ad-43fd-aabc-3d037a1a095c_Feb_26__2026__12_39_33_PM.log,3.6.1,approve,,end,10,348,152,31,13,26,28,15,57,14,12
a0a69b35127b4866958aa699bab39eb5_DNE_0_v2,6d67552c-f4a1-4c81-b6db-e7c654a2099a_Feb_27__2026__1_36_04_PM.log,3.6.1,approve,,end,10,233,36,24,14,29,20,15,61,13,21
a0a69b35127b4866958aa699bab39eb5_DNE_1_v2,6d67552c-f4a1-4c81-b6db-e7c654a2099a_Feb_27__2026__1_58_35_PM.log,3.6.1,approve,,end,10,233,36,24,14,29,20,15,61,13,21
20b925c9afc543f6af45be636edb808c_DNE_0_v2,6e0a8f5f-eba6-4324-bbde-fd6a4dd23266-1772531255_Mar_3__2026__11_56_49_AM.log,3.6.1,approve,,end,10,361,21,25,10,59,53,84,62,15,32
369dc5137c0e4dd1a4de7e3f083c5083_DNE_0_v2,6e0a8f5f-eba6-4324-bbde-fd6a4dd23266-1772536346_Mar_5__2026__9_16_14_AM.log,3.6.1,approve,,end,10,288,12,20,15,49,38,33,58,13,50
ec835225821446f7b1ff3cfacb6fae6b_DNE_0_v2,6e0a8f5f-eba6-4324-bbde-fd6a4dd23266_Mar_3__2026__9_05_29_AM.log,3.6.1,approve,,end,10,308,25,39,17,58,34,24,57,30,24
0f4df940de7b4e66aacd35bbdcc2bf00_DNE_0_v2,6ee466a3-03e3-4fb1-9118-6703eccf614a_Feb_26__2026__12_31_49_PM.log,3.6.1,approve,,end,9,107,13,12,8,25,15,27,,,7
9e9df26b8d5b433e96d99bfc436ef985_DNE_0_v2,6f923912-6410-49d3-91eb-61e2535eb3ef-1771577693_Feb_20__2026__2_12_24_PM.log,3.6.1,aborted,,end,8,242,37,36,68,35,48,18,,,
9e9df26b8d5b433e96d99bfc436ef985_DNE_1_v2,6f923912-6410-49d3-91eb-61e2535eb3ef-1771577693_Feb_20__2026__2_16_14_PM.log,3.6.1,approve,,end,10,470,37,36,68,35,48,18,215,13,
7e31c82fa9604f5b93725ecdc242198a_DNE_0_v2,6fa59a54-c209-4dff-9383-f3c87b63b82d-1771404573_Feb_18__2026__10_31_06_AM.log,3.6.1,approve,,end,10,223,26,24,12,42,30,14,49,14,12
b068983d3ccc4952bd05be5717b66aee_DNE_0_v2,6fba0b45-a382-469e-a301-0cff2e7e5d01-1771843319_Feb_24__2026__12_17_47_PM.log,3.6.1,approve,,end,10,286,59,13,69,33,18,15,55,14,10
5da06f0f27954010a9cf8a714e50bd86_DNE_0_v2,6fba0b45-a382-469e-a301-0cff2e7e5d01_Feb_20__2026__6_40_39_PM.log,3.6.1,aborted,,end,3,9,9,,,,,,,,
5da06f0f27954010a9cf8a714e50bd86_DNE_1_v2,6fba0b45-a382-469e-a301-0cff2e7e5d01_Feb_20__2026__6_41_16_PM.log,3.6.1,aborted,,end,3,9,9,,,,,,,,
6ad9cefbb7c84f2091bba832a0adcfc5_DNE_0_v2,6fba0b45-a382-469e-a301-0cff2e7e5d01_Feb_20__2026__6_45_19_PM.log,3.6.1,approve,,end,10,201,4,13,14,45,19,16,56,14,20
6a4cd1a74d0243138b078927a486e4cc_DNE_0_v2,70b1b0a2-3e7d-4476-b8e4-88aa02057c39_Feb_16__2026__7_12_08_AM.log,3.6.1,approve,,end,10,234,12,31,17,36,47,17,37,14,23
aa8a80b27f4d4be1a755b27e74ee38b9_DNE_0_v2,70b1b0a2-3e7d-4476-b8e4-88aa02057c39_Feb_9__2026__6_37_34_AM.log,3.6.1,aborted,,end,6,159,66,45,28,20,,,,,
d129d3cd99b74c5996070eca65fb9025_DNE_0_v2,70b1b0a2-3e7d-4476-b8e4-88aa02057c39_Feb_9__2026__6_40_53_AM.log,3.6.1,aborted,,end,6,66,16,10,19,21,,,,,
29359451e2f3418098b2b6ca1a9324c0_DNE_0_v2,70c5ec30-bd88-4294-9006-664cbc0829b2-1770378257_Feb_16__2026__9_10_27_AM.log,3.6.1,approve,,end,9,221,48,19,69,37,23,10,,,15
f629c3bc3e104bbd90516998bea6d1f1_DNE_0_v2,70ea9015-0994-46b4-8f1c-b2143ca39e1b-1771326228_Feb_17__2026__2_28_51_PM.log,3.6.1,unknown,,voice-liveness-check,2,13,13,,,,,,,,
f629c3bc3e104bbd90516998bea6d1f1_DNE_1_v2,70ea9015-0994-46b4-8f1c-b2143ca39e1b-1771326228_Feb_17__2026__2_30_33_PM.log,3.6.1,unknown,,voice-liveness-check,2,13,13,,,,,,,,
f629c3bc3e104bbd90516998bea6d1f1_DNE_2_v2,70ea9015-0994-46b4-8f1c-b2143ca39e1b-1771326228_Feb_17__2026__2_31_52_PM.log,3.6.1,aborted,,end,3,13,13,,,,,,,,
f629c3bc3e104bbd90516998bea6d1f1_DNE_3_v2,70ea9015-0994-46b4-8f1c-b2143ca39e1b-1771326228_Feb_17__2026__2_38_29_PM.log,3.6.1,approve,,end,10,637,13,472,17,33,18,15,55,14,
fa839116022c4c1eb76ea360f6adb418_DNE_0_v2,70ea9015-0994-46b4-8f1c-b2143ca39e1b_Feb_16__2026__9_00_00_AM.log,3.6.1,approve,,end,10,256,20,21,13,34,33,16,55,44,20
d2938c0d003a4a3ba1a9b99cf1a6f2c3_DNE_0_v2,716a0318-23c6-426b-8973-b8833d37590a-1771932268_Feb_24__2026__6_22_08_PM.log,3.6.1,approve,,end,10,455,21,14,90,28,99,42,61,14,86
89b955d1638d479ea7e5d9b6e0330fd4_DNE_0_v2,716a0318-23c6-426b-8973-b8833d37590a_Feb_23__2026__4_12_57_PM.log,3.6.1,approve,,end,10,618,33,47,154,41,33,31,60,13,206
c9b598be89244ea0bc93f31ed891a451_DNE_0_v2,71d59526-5b66-4b0c-938d-bbd349fa99c0_Feb_13__2026__11_10_52_AM.log,3.6.1,aborted,,end,3,22,22,,,,,,,,
c9b598be89244ea0bc93f31ed891a451_DNE_1_v2,71d59526-5b66-4b0c-938d-bbd349fa99c0_Feb_13__2026__11_12_15_AM.log,3.6.1,aborted,,end,3,22,22,,,,,,,,
c9b598be89244ea0bc93f31ed891a451_DNE_2_v2,71d59526-5b66-4b0c-938d-bbd349fa99c0_Feb_13__2026__11_17_30_AM.log,3.6.1,approve,,end,10,474,22,248,68,26,22,12,49,27,
ab9bedaf8b224de88c62cbaf8d679088_DNE_0_v2,71ede799-6251-4315-ba66-2d42a31278d5_Feb_24__2026__8_23_17_PM.log,3.6.1,approve,,end,10,205,43,17,11,15,16,18,46,13,26
e0725ff60dc7482b96f08a48569b2743_DNE_0_v2,721df3fa-8b66-419a-80f4-fb177e5454a9_Feb_24__2026__1_28_15_PM.log,3.6.1,approve,,end,10,221,9,41,15,21,33,23,43,14,22
e57bf03b71304e2d9940cc33619bd55a_DNE_0_v2,727ed241-8750-40b3-a068-88738cedb015_Feb_19__2026__12_16_05_PM.log,3.6.1,approve,,end,10,347,33,60,87,17,43,15,57,14,21
4fdfa915e6bc498587c9c7840be887c7_DNE_0_v2,732457b4-0012-4f09-85f4-d7bc58e8bd52_Feb_20__2026__9_18_09_AM.log,3.6.1,approve,,end,10,223,13,22,28,24,25,26,49,14,22
5f5afdbc653c4441a552de2e7215c833_DNE_0_v2,73597633-1aa2-49f2-84bf-743e145b487f-1770883788_Feb_12__2026__5_01_55_PM.log,3.6.1,approve,,end,10,339,18,18,69,58,54,13,57,13,39
d12663855ef74a8991c2431d73e4296f_DNE_0_v2,73597633-1aa2-49f2-84bf-743e145b487f_Feb_10__2026__11_47_11_AM.log,3.6.1,unknown,,voice-liveness-check,2,28,28,,,,,,,,
7df3351b9ab9444da2b492fae52a0000_DNE_0_v2,738b7422-94c8-4306-a456-6f75f7bdd300-1771674115_Feb_23__2026__3_03_00_PM.log,3.6.1,aborted,,end,2,0,,,,,,,,,
7df3351b9ab9444da2b492fae52a0000_DNE_1_v2,738b7422-94c8-4306-a456-6f75f7bdd300-1771674115_Feb_23__2026__3_04_19_PM.log,3.6.1,aborted,,end,4,147,130,17,,,,,,,
7df3351b9ab9444da2b492fae52a0000_DNE_2_v2,738b7422-94c8-4306-a456-6f75f7bdd300-1771674115_Feb_23__2026__3_07_26_PM.log,3.6.1,approve,,end,8,251,130,17,86,18,,,,,
377027204a6e4e67bc411495ab872a70_DNE_0_v2,738b7422-94c8-4306-a456-6f75f7bdd300_Feb_20__2026__11_20_06_AM.log,3.6.1,aborted,,end,4,34,22,12,,,,,,,
377027204a6e4e67bc411495ab872a70_DNE_1_v2,738b7422-94c8-4306-a456-6f75f7bdd300_Feb_20__2026__11_23_44_AM.log,3.6.1,approve,,end,10,245,22,12,53,15,71,11,48,13,
75824c28b0c14e14bca2a4ec06cafee0_DNE_0_v2,739c43bf-64a1-492b-85bc-0735cd74a14b_Feb_17__2026__9_01_36_AM.log,3.6.1,aborted,,end,5,88,41,25,22,,,,,,
75824c28b0c14e14bca2a4ec06cafee0_DNE_1_v2,739c43bf-64a1-492b-85bc-0735cd74a14b_Feb_17__2026__9_06_17_AM.log,3.6.1,approve,,end,10,368,41,25,22,134,47,25,60,14,
75824c28b0c14e14bca2a4ec06cafee0_DNE_3_v2,739c43bf-64a1-492b-85bc-0735cd74a14b_Feb_17__2026__9_06_45_AM.log,3.6.1,approve,,end,10,368,41,25,22,134,47,25,60,14,
3ee5d825b2f64ac295da220078f2961a_DNE_0_v2,73c5a687-557c-41ec-bd26-81226c4f9c9b_Feb_25__2026__9_49_03_AM.log,3.6.1,approve,,end,10,204,8,17,16,36,27,13,56,13,18
bd87f78c55514de0aadc06e9ddb5f22c_DNE_0_v2,73f22208-4aae-4c7c-93a1-3f74610d6823_Feb_25__2026__1_39_23_PM.log,3.6.1,unknown,,twoFactor,9,198,36,4,6,31,13,11,48,49,
2e6481b8173a41a79823da5e5baaffa1_DNE_0_v2,74a2f595-0db2-4337-a0f6-4101c1cf1071_Feb_9__2026__2_08_59_PM.log,3.6.1,aborted,,end,9,163,32,19,10,17,25,16,44,,
84af9a8a3c97465f92d83a175da4cf87_DNE_2_v2,74d1bef9-2972-4489-94ce-399a32c223e3_Mar_6__2026__6_42_40_PM.log,3.6.1,aborted,,end,3,202,202,,,,,,,,
84af9a8a3c97465f92d83a175da4cf87_DNE_3_v2,74d1bef9-2972-4489-94ce-399a32c223e3_Mar_6__2026__6_44_17_PM.log,3.6.1,aborted,,end,3,202,202,,,,,,,,
d23e4f492854495dbb931890bea40480_DNE_0_v2,74d1bef9-2972-4489-94ce-399a32c223e3_Mar_7__2026__11_00_54_AM.log,3.6.1,aborted,,end,4,18,4,14,,,,,,,
d23e4f492854495dbb931890bea40480_DNE_2_v2,74d1bef9-2972-4489-94ce-399a32c223e3_Mar_7__2026__11_01_52_AM.log,3.6.1,aborted,,end,4,18,4,14,,,,,,,
0853b6c4feae4c449280cca2669b8fba_DNE_0_v2,75dcd7f1-e2dd-4085-8c7a-24875c875c75-1771497310_Feb_23__2026__7_49_16_AM.log,3.6.1,approve,,end,10,193,25,15,27,10,26,17,41,14,18
4ed0c550562f492c80a494e0f905a06a_DNE_0_v2,75e7489b-f8f9-43c5-94f4-6807e71baf53-1771919647_Feb_24__2026__6_18_58_PM.log,3.6.1,approve,,end,10,189,26,15,14,14,17,21,46,14,22
167efcb2cdc744459e175d91ad2e1e87_DNE_0_v2,76135fe8-8af1-459f-9de6-406f7b565e9e-1771236761_Feb_25__2026__2_01_18_PM.log,3.6.1,aborted,,end,3,16,16,,,,,,,,
167efcb2cdc744459e175d91ad2e1e87_DNE_1_v2,76135fe8-8af1-459f-9de6-406f7b565e9e-1771236761_Feb_25__2026__2_05_50_PM.log,3.6.1,approve,,end,10,339,16,150,32,23,20,20,64,14,
54294fc2d9aa4e80b1bf8f24ceac1990_DNE_0_v2,767c774d-cbab-4801-99f2-2fd5648106fb-1770891998_Feb_12__2026__1_19_28_PM.log,3.6.1,approve,,end,7,71,,,11,16,18,11,,,15
231c493463964cd8afddc904d0b89e37_DNE_0_v2,767c774d-cbab-4801-99f2-2fd5648106fb-1770899133_Feb_16__2026__8_26_00_AM.log,3.6.1,aborted,,end,4,102,82,20,,,,,,,
231c493463964cd8afddc904d0b89e37_DNE_1_v2,767c774d-cbab-4801-99f2-2fd5648106fb-1770899133_Feb_16__2026__8_29_07_AM.log,3.6.1,approve,,end,9,354,82,20,189,13,38,12,,,
a4f69240a7eb481db874d7190591cf47_DNE_0_v2,77776502-aeeb-4235-9db2-60a191e90497_Feb_25__2026__1_39_04_PM.log,3.6.1,unknown,,twoFactor,9,155,4,11,67,5,13,8,34,13,
a6e0bcf0167948869fe38eada01305d3_DNE_1_v2,77cf5067-e8c3-4ce6-b3ce-7046526a664a-1771935737_Feb_25__2026__9_05_55_AM.log,3.6.1,approve,,end,10,306,29,24,22,24,44,28,49,14,72
72895ef76a2149cf9191c4fe6577b4be_DNE_0_v2,7830c3a1-840b-4de9-a085-cde49440b39e_Feb_26__2026__9_23_49_AM.log,3.6.1,approve,,end,10,245,30,27,14,16,25,19,56,14,44
639366d908ff47228be43b9baea8d735_DNE_0_v2,783cb806-4f66-4139-ba32-88527f07e5c7-1772538546_Mar_3__2026__1_49_11_PM.log,3.6.1,approve,,end,10,320,39,14,68,29,22,17,48,13,70
6c919b1bbe5d49ba9f644ea58ce0dd37_DNE_0_v2,783cb806-4f66-4139-ba32-88527f07e5c7-1772547450_Mar_3__2026__4_39_46_PM.log,3.6.1,approve,,end,10,233,5,11,17,23,17,11,48,14,87
1b27b63c3d6644218adfb57500ab1182_DNE_0_v2,783cb806-4f66-4139-ba32-88527f07e5c7-1772610524_Mar_5__2026__11_25_04_AM.log,3.6.1,approve,,end,10,164,8,16,9,16,15,20,46,14,20
ec3785204caf41518e86eedce0a98263_DNE_0_v2,787dde65-1134-4b85-abd6-83381d1013ad-1772115270_Feb_26__2026__3_32_54_PM.log,3.6.1,approve,,end,10,190,31,16,19,16,16,14,51,13,14
f00c1803223d4a65b567dd0672b36a41_DNE_1_v2,78c8b129-3b60-49c6-8ff4-865d00ced707-1770808217_Feb_11__2026__11_56_12_AM.log,3.6.1,approve,,end,10,318,21,66,35,34,44,37,56,13,12
f00c1803223d4a65b567dd0672b36a41_DNE_3_v2,78c8b129-3b60-49c6-8ff4-865d00ced707-1770808217_Feb_11__2026__12_03_38_PM.log,3.6.1,approve,,end,10,318,21,66,35,34,44,37,56,13,12
b33271687f92426d949aa91598e9102a_DNE_0_v2,792b3447-87e1-4329-aef1-faea94aaf9a1-1770376066_Feb_6__2026__2_13_32_PM.log,3.6.1,aborted,,end,4,52,12,40,,,,,,,
63edda8d59ca4b6cac95c5723db7146d_DNE_0_v2,792b3447-87e1-4329-aef1-faea94aaf9a1-1770376066_Feb_6__2026__2_18_13_PM.log,3.6.1,approve,,end,10,237,5,7,5,58,28,40,56,13,25
97053b7ea9344dbe8582cfd08d37ac99_DNE_0_v2,792b3447-87e1-4329-aef1-faea94aaf9a1_Feb_6__2026__11_17_08_AM.log,3.6.1,approve,,end,10,283,23,71,16,46,14,19,56,14,24
cd2867854b564c6d87c399452146638a_DNE_0_v2,7992ec0c-e6f9-4461-9ea8-0f17387cc3ff_Feb_25__2026__2_10_46_PM.log,3.6.1,approve,,end,10,205,22,19,11,19,35,24,56,13,6
75e76d8771c24704b136e9ed203ebf50_DNE_0_v2,79c09038-d6fc-48ad-8806-20c13dfaa543_Feb_16__2026__7_14_26_PM.log,3.6.1,approve,,end,10,232,24,17,17,35,34,14,62,14,15
d4abd34ffe8d4589b089658366868594_DNE_0_v2,79fa5bc2-a0d9-40ce-bed1-7154adc34c86_Feb_20__2026__1_18_42_PM.log,3.6.1,approve,,end,10,415,239,24,16,26,20,14,46,14,16
8f63521b7b5744bda97ead5da5dbac0d_DNE_0_v2,7a53d618-10b1-48b6-894d-617d4e40b846_Mar_2__2026__3_54_45_PM.log,3.6.1,aborted,,end,5,72,26,20,26,,,,,,
a6efb2d761804ec9b8eaeea4ec69455b_DNE_0_v2,7a53d618-10b1-48b6-894d-617d4e40b846_Mar_2__2026__3_57_55_PM.log,3.6.1,aborted,,end,3,17,17,,,,,,,,
a6efb2d761804ec9b8eaeea4ec69455b_DNE_1_v2,7a53d618-10b1-48b6-894d-617d4e40b846_Mar_2__2026__4_02_00_PM.log,3.6.1,approve,,end,10,313,17,125,9,22,43,26,58,13,
05d34a1513f14ef8933ea259733f42aa_DNE_0_v2,7a628e25-8604-487b-be0f-5dd6cc23e0fd_Feb_12__2026__4_06_16_PM.log,3.6.1,approve,,end,10,222,24,17,9,41,33,19,43,14,22
2a024e99713e4d708dbc80bc55f0c233_DNE_0_v2,7b0f8653-dd49-4cfb-9866-292e85267ed7_Feb_24__2026__6_13_41_PM.log,3.6.1,approve,,end,10,241,49,17,15,30,18,20,40,13,39
16189d81ccc84d74a73d6e9a98d75c45_DNE_0_v2,7b56d585-600a-4cbe-8079-717e7cd2734f_Feb_24__2026__2_58_05_PM.log,3.6.1,approve,,end,10,259,25,33,39,20,33,14,45,14,36
7813ccaf76b549d49c861c7a27dd11c5_DNE_0_v2,7b7259e0-908a-4de0-8d81-9519461e9d62_Feb_20__2026__10_30_25_AM.log,3.6.1,approve,,end,10,281,30,21,49,38,22,18,47,14,42
763c115cba8a4f768f35c467ce9e9460_DNE_0_v2,7b78aa24-2979-4507-85ae-c03acd76f321_Feb_17__2026__2_58_02_PM.log,3.6.1,unknown,,voice-liveness-check,2,35,35,,,,,,,,
25bc7034c7b64e91b10ec35d904d534d_DNE_0_v2,7b78aa24-2979-4507-85ae-c03acd76f321_Feb_17__2026__3_06_11_PM.log,3.6.1,unknown,,voice-liveness-check,2,31,31,,,,,,,,
25bc7034c7b64e91b10ec35d904d534d_DNE_1_v2,7b78aa24-2979-4507-85ae-c03acd76f321_Feb_17__2026__3_14_48_PM.log,3.6.1,aborted,,end,3,31,31,,,,,,,,
25bc7034c7b64e91b10ec35d904d534d_DNE_2_v2,7b78aa24-2979-4507-85ae-c03acd76f321_Feb_17__2026__3_21_48_PM.log,3.6.1,approve,,end,10,966,31,707,70,36,41,21,47,13,
16c0ce31729c4966bfe6e4547c223331_DNE_0_v2,7d100949-74a9-49ab-825d-0ed2b8403a69_Feb_24__2026__8_44_33_AM.log,3.6.1,reject,face-detection-error,end,3,37,37,,,,,,,,
16c0ce31729c4966bfe6e4547c223331_DNE_1_v2,7d100949-74a9-49ab-825d-0ed2b8403a69_Feb_24__2026__8_45_59_AM.log,3.6.1,aborted,face-detection-error,end,3,37,37,,,,,,,,
16c0ce31729c4966bfe6e4547c223331_DNE_2_v2,7d100949-74a9-49ab-825d-0ed2b8403a69_Feb_24__2026__8_52_13_AM.log,3.6.1,approve,face-detection-error,end,10,498,37,184,133,26,26,16,62,14,
a493383903564767a56b95f48e75f218_DNE_0_v2,7d1e1041-07cd-4eed-9f7a-7883c5ef958c_Feb_25__2026__7_21_19_PM.log,3.6.1,approve,,end,10,305,105,31,67,19,20,15,17,13,18
8ddc5a967b8a4bc8a6d3491fdff163ec_DNE_0_v2,7d229886-2f6f-421c-87c5-8500870e8929_Feb_18__2026__4_03_03_PM.log,3.6.1,approve,,end,10,408,67,15,11,80,81,28,60,14,52
3ecd5df3726649e4a2c5e1f28668efb1_DNE_0_v2,7d5e8c89-677d-4a06-8c9f-3455b8a9db17-1771582958_Feb_21__2026__7_27_00_PM.log,3.6.1,approve,,end,10,315,41,52,14,33,63,16,57,14,25
1441d4d3a5cd47f5ab508ba789ece789_DNE_0_v2,7dbd1130-4202-43cc-84f4-8faf52b9254c-1771836012_Feb_23__2026__7_00_23_PM.log,3.6.1,approve,,end,10,279,52,20,10,65,23,24,52,14,19
f5c70eea306e477a828218beae47cd59_DNE_0_v2,7dc17bba-6659-4ff7-aa1f-b3832d130d27_Mar_2__2026__2_17_24_PM.log,3.6.1,aborted,,end,4,346,319,27,,,,,,,
f5c70eea306e477a828218beae47cd59_DNE_1_v2,7dc17bba-6659-4ff7-aa1f-b3832d130d27_Mar_2__2026__2_20_17_PM.log,3.6.1,approve,,end,10,563,319,27,99,18,18,15,53,14,
c9a51d2c27c4436b9a23ea4ac1dd104c_DNE_0_v2,7de70c1c-f607-4dae-b273-6067a420ce84_Feb_17__2026__12_24_51_PM.log,3.6.1,approve,,end,10,367,131,25,71,29,26,19,44,13,9
f4f66fd0d28a4da0a710f90aeb06bbea_DNE_0_v2,7eaf14f5-0edf-44d5-bc0f-4caa13d65392-1770375889_Feb_11__2026__11_02_47_AM.log,3.6.1,aborted,,end,3,16,16,,,,,,,,
801e45248be44549bb1d75839c67251f_DNE_0_v2,7ec06897-22de-4e5e-84a2-3ba98dd53eb0_Feb_16__2026__4_47_22_PM.log,3.6.1,approve,,end,10,275,23,23,31,45,45,34,43,13,18
a4e994a2b3bf4aac9de06ac208e4587a_DNE_0_v2,7f035e05-bcf9-4be0-849a-b5a862119870_Feb_23__2026__12_16_46_PM.log,3.6.1,approve,,end,10,218,32,17,42,14,22,13,36,14,28
d809a8d2e17f4a42a05f09ef2a158ca6_DNE_0_v2,7f3b50eb-8e9d-45a9-b345-506373af99a9-1772706893_Mar_5__2026__4_38_00_PM.log,3.6.1,aborted,,end,4,134,113,21,,,,,,,
d809a8d2e17f4a42a05f09ef2a158ca6_DNE_1_v2,7f3b50eb-8e9d-45a9-b345-506373af99a9-1772706893_Mar_5__2026__4_43_32_PM.log,3.6.1,approve,,end,10,466,113,21,191,37,17,12,61,14,
aa244a83aa4a49e390c0b942dde1ad17_DNE_0_v2,7f76f29a-67a3-4526-8ccb-f309bfdf7a79_Feb_16__2026__3_08_18_PM.log,3.6.1,unknown,,voice-liveness-check,2,12,12,,,,,,,,
446ed5c2461547b6ba79421db08ae49b_DNE_0_v2,7f76f29a-67a3-4526-8ccb-f309bfdf7a79_Feb_20__2026__11_39_47_AM.log,3.6.1,approve,,end,10,654,33,50,70,394,20,14,50,14,9
a71933833536461b878c38552c5887fa_DNE_0_v2,80580c87-8483-491f-9a7d-7e34d113d659_Feb_23__2026__9_16_28_AM.log,3.6.1,approve,,end,10,193,24,29,12,20,16,14,47,13,18
a71933833536461b878c38552c5887fa_DNE_1_v2,80580c87-8483-491f-9a7d-7e34d113d659_Feb_23__2026__9_29_44_AM.log,3.6.1,approve,,end,10,193,24,29,12,20,16,14,47,13,18
1243c2a76098462387ed781dae445f7e_DNE_0_v2,805bcf57-265d-4f2a-b8ed-eda3c16467a1_Feb_16__2026__9_58_54_AM.log,3.6.1,approve,,end,10,311,13,20,67,47,53,14,56,26,15
00900dfb65c741398ceb04e57263e04c_DNE_0_v2,80c8e0d9-069d-4d6b-a906-d0879e6c1ff3_Feb_27__2026__9_30_39_AM.log,3.6.1,approve,,end,10,258,36,31,67,19,16,14,44,14,17
09f25c9988ea4b98971e1624ece6d283_DNE_0_v2,80e79c52-7232-4ac6-bcff-8bc3c61d97b7_Feb_24__2026__2_06_36_PM.log,3.6.1,approve,,end,10,266,39,25,23,21,24,23,57,14,40
cefa9acbe5874603a18bd09c05f75e1f_DNE_0_v2,80efe08b-0ad7-47bb-be80-8ecd96412adf-1771849740_Feb_23__2026__1_50_46_PM.log,3.6.1,unknown,,voice-liveness-check,2,15,15,,,,,,,,
22ce8d12124b4106910fafe2be8e2d08_DNE_0_v2,80efe08b-0ad7-47bb-be80-8ecd96412adf-1771849740_Feb_23__2026__1_56_53_PM.log,3.6.1,approve,,end,10,248,7,10,81,19,25,19,48,14,25
b51552c510ff46888a7aee67033dfe7c_DNE_0_v2,81408cc8-b4a9-4eaa-bd50-e628a7761ef3_Feb_16__2026__1_13_04_PM.log,3.6.1,approve,,end,10,262,27,18,68,21,30,20,46,14,18
637fb63f40074ae3a6914c803b1ea620_DNE_0_v2,81f60bbd-3440-44a8-98e9-8d4a61a8f255_Mar_3__2026__12_08_25_PM.log,3.6.1,unknown,,voice-liveness-check,2,63,63,,,,,,,,
637fb63f40074ae3a6914c803b1ea620_DNE_1_v2,81f60bbd-3440-44a8-98e9-8d4a61a8f255_Mar_3__2026__12_10_17_PM.log,3.6.1,unknown,,voice-liveness-check,2,63,63,,,,,,,,
e730bb79861c45c1bd6eb0bf57eb5474_DNE_0_v2,81f60bbd-3440-44a8-98e9-8d4a61a8f255_Mar_3__2026__12_23_51_PM.log,3.6.1,aborted,,end,3,10,10,,,,,,,,
e730bb79861c45c1bd6eb0bf57eb5474_DNE_1_v2,81f60bbd-3440-44a8-98e9-8d4a61a8f255_Mar_3__2026__12_25_01_PM.log,3.6.1,aborted,,end,4,220,10,210,,,,,,,
03b7d37d6ed6429ca096e999d60e893d_DNE_0_v2,81f60bbd-3440-44a8-98e9-8d4a61a8f255_Mar_4__2026__6_46_18_AM.log,3.6.1,approve,,end,10,223,9,12,27,21,36,22,50,14,32
b930cccabe5f4ccba12e7d92fc5d5030_DNE_0_v2,827479db-41dc-4542-b9ac-c707b8c8ca6f_Feb_17__2026__6_16_48_PM.log,3.6.1,aborted,,end,8,208,29,28,15,39,72,25,,,
b930cccabe5f4ccba12e7d92fc5d5030_DNE_1_v2,827479db-41dc-4542-b9ac-c707b8c8ca6f_Feb_17__2026__6_22_17_PM.log,3.6.1,approve,,end,10,569,29,28,15,39,72,25,342,19,
f8938927e803425ca206e7ae14fdff12_DNE_0_v2,82763647-f06d-429e-8536-3cd429a118d6_Feb_20__2026__8_01_00_AM.log,3.6.1,aborted,,end,5,141,37,27,77,,,,,,
f8938927e803425ca206e7ae14fdff12_DNE_1_v2,82763647-f06d-429e-8536-3cd429a118d6_Feb_20__2026__8_04_03_AM.log,3.6.1,aborted,,end,5,141,37,27,77,,,,,,
f8938927e803425ca206e7ae14fdff12_DNE_2_v2,82763647-f06d-429e-8536-3cd429a118d6_Feb_20__2026__8_06_16_AM.log,3.6.1,aborted,,end,5,141,37,27,77,,,,,,
f8938927e803425ca206e7ae14fdff12_DNE_3_v2,82763647-f06d-429e-8536-3cd429a118d6_Feb_20__2026__8_08_01_AM.log,3.6.1,aborted,,end,5,141,37,27,77,,,,,,
f8938927e803425ca206e7ae14fdff12_DNE_4_v2,82763647-f06d-429e-8536-3cd429a118d6_Feb_20__2026__8_10_08_AM.log,3.6.1,aborted,,end,5,141,37,27,77,,,,,,
36d6a2e2ed844272867edbc82c864e25_DNE_0_v2,82853662-d7ab-4ebe-ac21-b72c479ad147_Feb_23__2026__7_58_07_AM.log,3.6.1,aborted,,end,3,75,75,,,,,,,,
36d6a2e2ed844272867edbc82c864e25_DNE_1_v2,82853662-d7ab-4ebe-ac21-b72c479ad147_Feb_23__2026__8_02_56_AM.log,3.6.1,approve,,end,10,357,75,138,21,23,28,12,46,14,
bbbf73fdae444c08b5a11d5559fdc30d_DNE_0_v2,82986fc1-b449-468f-ab94-f545585c4d1c_Feb_25__2026__12_58_37_PM.log,3.6.1,aborted,,end,4,56,33,23,,,,,,,
25f68225b1014ffdbc3684d7f44bac9f_DNE_0_v2,82986fc1-b449-468f-ab94-f545585c4d1c_Feb_27__2026__8_42_41_AM.log,3.6.1,approve,,end,10,181,21,10,10,15,30,21,44,13,17
9b9c5829b95a46689aac6fa5bef225e9_DNE_0_v2,82b8bc6c-63dd-4a6f-a861-4364f4170130_Mar_2__2026__10_42_11_AM.log,3.6.1,approve,,end,10,264,10,47,71,24,21,14,46,14,17
b01afdedd9964c47a5b42314665c5bf2_DNE_0_v2,82df595f-c9f8-4338-9a4e-30dbd824a715_Mar_3__2026__5_25_06_PM.log,3.6.1,approve,,end,10,388,79,33,43,28,35,25,60,14,71
5bee1b60ca9742c8a404fa5d89d69456_DNE_0_v2,82ebe20e-70cb-4eca-a4e2-ca4f660ce3f2-1771668659_Feb_22__2026__12_52_35_PM.log,3.6.1,approve,,end,9,136,33,11,33,20,17,11,,,11
7514d481f37f4d23983c7711f8bb325d_DNE_0_v2,82ebe20e-70cb-4eca-a4e2-ca4f660ce3f2-1771856960_Feb_24__2026__3_31_18_PM.log,3.6.1,approve,,end,9,197,24,12,78,20,26,21,,,16
121b370b192b4bc194d4233c11d1cdee_DNE_0_v2,82ebe20e-70cb-4eca-a4e2-ca4f660ce3f2_Feb_20__2026__9_48_06_AM.log,3.6.1,approve,,end,10,217,21,30,28,20,21,17,48,14,18
c4b146552cbf427d8e0e2230e2e1440a_DNE_0_v2,830e9c95-1e0c-40c4-8d74-0f923159b957-1772636057_Mar_4__2026__3_47_04_PM.log,3.6.1,approve,,end,10,177,19,11,13,18,16,15,49,13,23
c4b146552cbf427d8e0e2230e2e1440a_DNE_1_v2,830e9c95-1e0c-40c4-8d74-0f923159b957-1772636057_Mar_4__2026__3_59_26_PM.log,3.6.1,approve,,end,10,177,19,11,13,18,16,15,49,13,23
2603c0be4f484edb86b6fdf836d25414_DNE_0_v2,830e9c95-1e0c-40c4-8d74-0f923159b957-1772637212_Mar_4__2026__5_23_57_PM.log,3.6.1,approve,,end,10,198,7,6,70,20,15,16,39,14,11
c30db491892b4651a43e412132b797f4_DNE_0_v2,83bf4110-ae49-49aa-919b-917816b422f5_Feb_16__2026__3_22_31_PM.log,3.6.1,approve,,end,10,218,45,21,10,29,39,14,41,13,6
d07c827f552947d5aca3b3157e14f79a_DNE_0_v2,83d8c614-fdf9-4833-a049-f0d46f6e80d3-1770988074_Feb_13__2026__2_26_07_PM.log,3.6.1,approve,,end,10,506,30,183,72,50,41,18,58,14,40
abaf88e542b34d55925d9a4909c7e92e_DNE_0_v2,8418b196-0e0f-4d8b-a0bb-46727ced402d_Feb_16__2026__4_18_20_PM.log,3.6.1,aborted,,end,3,48,48,,,,,,,,
abaf88e542b34d55925d9a4909c7e92e_DNE_1_v2,8418b196-0e0f-4d8b-a0bb-46727ced402d_Feb_16__2026__4_22_04_PM.log,3.6.1,approve,,end,10,265,48,60,3,14,69,10,47,14,
6ae92b7c86204191a59920d443f106e2_DNE_0_v2,841e6921-4e96-410f-8603-8771d34590e5_Feb_15__2026__8_40_54_PM.log,3.6.1,aborted,,end,3,64,64,,,,,,,,
6ae92b7c86204191a59920d443f106e2_DNE_1_v2,841e6921-4e96-410f-8603-8771d34590e5_Feb_15__2026__8_45_52_PM.log,3.6.1,aborted,,end,5,384,64,303,17,,,,,,
6ae92b7c86204191a59920d443f106e2_DNE_2_v2,841e6921-4e96-410f-8603-8771d34590e5_Feb_15__2026__8_47_07_PM.log,3.6.1,aborted,,end,5,384,64,303,17,,,,,,
6ae92b7c86204191a59920d443f106e2_DNE_3_v2,841e6921-4e96-410f-8603-8771d34590e5_Feb_15__2026__8_51_09_PM.log,3.6.1,approve,,end,10,679,64,303,17,138,69,16,58,14,
d1135924ed214898a705d09892b554aa_DNE_0_v2,8433c700-9518-4328-9c37-88e94439219b-1771499441_Feb_19__2026__12_20_36_PM.log,3.6.1,approve,,end,10,271,9,20,15,49,27,12,56,33,50
2ef8e9d9b6d747ba8ea7236bbc59a128_DNE_0_v2,8433c700-9518-4328-9c37-88e94439219b_Feb_18__2026__9_18_32_AM.log,3.6.1,approve,,end,10,221,20,25,9,34,25,28,56,13,11
3d07474b78014097933394a525097fbb_DNE_1_v2,84776b7c-c628-453d-a117-63a940dd01c8_Mar_4__2026__8_54_32_PM.log,3.6.1,approve,,end,10,364,27,45,124,44,37,25,49,13,
af98981a95dd40e586f167de4b7e751c_DNE_0_v2,8534068e-cb86-45f0-bcc9-79a90b3f93b1_Feb_6__2026__9_19_26_AM.log,3.6.1,approve,,end,10,166,14,15,10,18,16,9,56,13,15
3840878e3e8b42a582bfa2cff999dba6_DNE_0_v2,8565ccaa-6db5-49ea-af16-e7c2199246b4-1772110227_Feb_26__2026__1_57_52_PM.log,3.6.1,approve,,end,10,149,15,13,13,17,15,13,42,14,7
283a0f5cf32e42a7b9550d2ffe09ebd5_DNE_0_v2,857ada6b-aa4d-4eca-8532-4aae6f626be2_Feb_25__2026__2_04_46_PM.log,3.6.1,approve,,end,10,510,265,21,30,25,47,25,54,14,29
7ffa0d89a60e438e86b167698ea0834a_DNE_0_v2,8583240f-3f01-49b2-a425-f63ab71e63d6_Feb_25__2026__11_13_21_AM.log,3.6.1,approve,,end,10,851,389,143,68,24,44,14,48,14,107
557b758585e54044aaaa995ff26c711d_DNE_0_v2,85d8d80c-3db4-44b1-ae42-ea0e87ad1f5b_Feb_19__2026__4_01_24_PM.log,3.6.1,aborted,,end,3,43,43,,,,,,,,
557b758585e54044aaaa995ff26c711d_DNE_1_v2,85d8d80c-3db4-44b1-ae42-ea0e87ad1f5b_Feb_19__2026__4_11_14_PM.log,3.6.1,aborted,,end,3,43,43,,,,,,,,
557b758585e54044aaaa995ff26c711d_DNE_2_v2,85d8d80c-3db4-44b1-ae42-ea0e87ad1f5b_Feb_19__2026__4_18_51_PM.log,3.6.1,aborted,,end,3,43,43,,,,,,,,
557b758585e54044aaaa995ff26c711d_DNE_3_v2,85d8d80c-3db4-44b1-ae42-ea0e87ad1f5b_Feb_19__2026__4_29_51_PM.log,3.6.1,approve,,end,10,1735,43,1404,45,48,74,31,77,13,
df90ae3c837b44a398b4ad11364ffacc_DNE_0_v2,866bdd50-b359-4c9f-b93c-d9ca1fcb93d0_Feb_16__2026__3_06_01_PM.log,3.6.1,approve,,end,10,326,22,52,59,30,61,20,48,14,20
9bf00d7f8dfa458885bd9ad5d5f1c583_DNE_0_v2,86a50c7b-45ee-4424-917c-9f3fcf38e3e1_Feb_18__2026__3_38_40_PM.log,3.6.1,aborted,,end,4,16,5,11,,,,,,,
9bf00d7f8dfa458885bd9ad5d5f1c583_DNE_1_v2,86a50c7b-45ee-4424-917c-9f3fcf38e3e1_Feb_18__2026__3_42_06_PM.log,3.6.1,aborted,,end,9,248,5,11,129,18,18,16,51,,
a9095813008b4a72b3d7e626a9621a2e_DNE_0_v2,86a50c7b-45ee-4424-917c-9f3fcf38e3e1_Feb_22__2026__3_11_54_PM.log,3.6.1,approve,,end,10,170,6,10,9,18,33,12,47,13,22
86c7232859644a058a3f1e98cebece72_DNE_0_v2,8766145a-ce6f-466d-a4db-79c28f8c083e_Feb_23__2026__1_53_24_PM.log,3.6.1,approve,,end,10,417,51,99,68,38,23,17,53,14,54
53176f9603454695a0c3fcb2a9fc9d3d_DNE_0_v2,87863a8a-c203-4a1f-aab5-d9dd2e8e643a_Feb_12__2026__8_42_50_AM.log,3.6.1,approve,,end,10,238,17,32,7,16,38,21,61,14,32
e12f90a1b10746a1b8b4b90bf92d9eb4_DNE_0_v2,881e4667-69cc-452f-bf81-4c0e04ab661d-1771942958_Feb_24__2026__4_27_28_PM.log,3.6.1,aborted,,end,4,42,27,15,,,,,,,
e12f90a1b10746a1b8b4b90bf92d9eb4_DNE_1_v2,881e4667-69cc-452f-bf81-4c0e04ab661d-1771942958_Feb_24__2026__4_37_19_PM.log,3.6.1,aborted,,end,10,443,27,15,242,29,22,22,72,14,
dff102b9d94845a3b88aca46340afb1d_DNE_0_v2,881e4667-69cc-452f-bf81-4c0e04ab661d-1771942958_Feb_25__2026__12_54_18_PM.log,3.6.1,approve,,end,10,322,57,37,19,28,40,14,62,13,52
69f1c8ec150343d4a4dba77e93cf4e4e_DNE_0_v2,881e4667-69cc-452f-bf81-4c0e04ab661d-1772034238_Feb_26__2026__3_01_57_PM.log,3.6.1,approve,,end,10,255,19,40,18,32,33,17,42,15,39
2a6e46b56cdf442b8835969e38a5a309_DNE_0_v2,88d87a15-232c-48cf-be5c-52c258d5c4ae-1771922752_Feb_24__2026__10_20_54_AM.log,3.6.1,approve,,end,10,239,11,58,8,22,23,28,55,13,21
d873a9369fb84fef921c4baea96b3a47_DNE_0_v2,88d87a15-232c-48cf-be5c-52c258d5c4ae_Feb_23__2026__9_05_06_AM.log,3.6.1,approve,,end,10,266,13,23,67,19,47,17,56,13,11
85b0f7dcc6844f6986fcf628bdc1e8df_DNE_0_v2,88d98c7a-9331-4c29-acf1-aca79300c735_Feb_9__2026__9_04_04_AM.log,3.6.1,aborted,,end,9,221,32,45,13,26,36,29,40,,
bc8b8aa7232a44babef707faf1fd5d39_DNE_0_v2,88f2f0f3-9426-4776-ac8c-1a1a89d174d4_Feb_25__2026__1_14_24_PM.log,3.6.1,reject,incomplete-hologram-video,end,9,239,72,12,18,40,20,29,48,,
bc8b8aa7232a44babef707faf1fd5d39_DNE_1_v2,88f2f0f3-9426-4776-ac8c-1a1a89d174d4_Feb_25__2026__1_18_35_PM.log,3.6.1,reject,incomplete-hologram-video,end,10,548,72,12,18,40,20,29,48,309,
bc8b8aa7232a44babef707faf1fd5d39_DNE_2_v2,88f2f0f3-9426-4776-ac8c-1a1a89d174d4_Feb_25__2026__1_19_01_PM.log,3.6.1,reject,incomplete-hologram-video,end,10,548,72,12,18,40,20,29,48,309,
4d64aba51cac4299a0deb06978fc7545_DNE_0_v2,88f2f0f3-9426-4776-ac8c-1a1a89d174d4_Feb_25__2026__1_19_39_PM.log,3.6.1,unknown,,twoFactor,2,0,,,,,,,,,
752eb331ea3c488c8d4919f6989b9fef_DNE_0_v2,88f8dfa8-ed9b-4806-8ba3-4a96340bea2c_Feb_25__2026__11_41_08_AM.log,3.6.1,aborted,,end,4,73,27,46,,,,,,,
752eb331ea3c488c8d4919f6989b9fef_DNE_1_v2,88f8dfa8-ed9b-4806-8ba3-4a96340bea2c_Feb_25__2026__11_44_26_AM.log,3.6.1,approve,,end,10,283,27,46,93,24,20,22,38,13,
177f60af7e2e4a6fbb13bd30fdeb2195_DNE_0_v2,891aea4a-0ff2-4836-88ae-92dc2640bae0_Mar_5__2026__8_45_29_AM.log,3.6.1,approve,,end,10,213,26,20,13,40,19,14,51,13,17
3014b4cba4684eb2900ca65bcc57b1b0_DNE_0_v2,89386f77-9b61-4a48-bfc4-e95ef1102d63-1769614073_Feb_13__2026__2_57_21_PM.log,3.6.1,aborted,,end,3,32,32,,,,,,,,
a64f03bc4def490088d4e1fb64f9319b_DNE_0_v2,89386f77-9b61-4a48-bfc4-e95ef1102d63-1769614073_Feb_13__2026__3_04_03_PM.log,3.6.1,unknown,,idFront,5,189,25,58,76,30,,,,,
9eb3898f20b940198af155e93d33277f_DNE_0_v2,89386f77-9b61-4a48-bfc4-e95ef1102d63-1769614073_Feb_13__2026__3_11_36_PM.log,3.6.1,approve,,end,7,379,,,,,118,106,64,13,78
95a5d068987d447d8248ee9c1135762e_DNE_0_v2,8a784921-6dff-44a8-afed-af25a41f524e_Feb_23__2026__11_56_15_AM.log,3.6.1,approve,,end,10,249,22,26,21,27,44,19,64,13,13
973acf7906904bf5b8d11498e2986a40_DNE_0_v2,8aef8bbe-cef4-4766-b8db-dfe42ba9a7bd_Feb_12__2026__1_00_43_PM.log,3.6.1,approve,,end,10,331,42,24,69,26,55,25,55,14,21
0fed539e64854925b4ecb56215d7efb1_DNE_0_v2,8b331ea5-71b1-43d2-b595-10d61200dc96_Feb_19__2026__10_59_20_PM.log,3.6.1,approve,,end,10,318,26,41,67,24,56,23,46,14,21
5dacd935091f41a8a06dd03a62fd3d4b_DNE_0_v2,8b76df09-9b6f-4953-a7b5-b48d8599445c_Feb_25__2026__8_36_51_PM.log,3.6.1,reject,face_mismatch,end,6,141,49,24,8,60,,,,,
5dacd935091f41a8a06dd03a62fd3d4b_DNE_1_v2,8b76df09-9b6f-4953-a7b5-b48d8599445c_Feb_25__2026__8_39_08_PM.log,3.6.1,aborted,face_mismatch,end,6,141,49,24,8,60,,,,,
5dacd935091f41a8a06dd03a62fd3d4b_DNE_2_v2,8b76df09-9b6f-4953-a7b5-b48d8599445c_Feb_25__2026__8_40_55_PM.log,3.6.1,reject,face_mismatch,end,6,141,49,24,8,60,,,,,
5dacd935091f41a8a06dd03a62fd3d4b_DNE_3_v2,8b76df09-9b6f-4953-a7b5-b48d8599445c_Feb_25__2026__8_43_31_PM.log,3.6.1,aborted,face_mismatch,end,6,141,49,24,8,60,,,,,
5dacd935091f41a8a06dd03a62fd3d4b_DNE_4_v2,8b76df09-9b6f-4953-a7b5-b48d8599445c_Feb_25__2026__8_48_18_PM.log,3.6.1,approve,face_mismatch,end,10,875,49,24,8,60,607,65,48,14,
9451b77108ee4af7915bfb44254e3a2b_DNE_0_v2,8c05efa6-c879-48cb-8f5e-2cf0b454bfd3_Feb_17__2026__9_02_23_PM.log,3.6.1,approve,,end,10,314,31,26,12,103,32,17,52,13,28
af160ffc0beb41fda2cc0a01f7e1ade3_DNE_0_v2,8c0e9c91-7ab8-4367-82b3-d8611fa16a40_Feb_18__2026__9_31_08_PM.log,3.6.1,approve,,end,10,168,15,15,11,21,14,13,47,13,19
80f89ab7cfa04fd9a4c828d71bba1dc6_DNE_0_v2,8c442ed0-82d3-4025-a785-4598c3ed9028-1770983831_Feb_14__2026__7_30_50_PM.log,3.6.1,aborted,,end,3,8,8,,,,,,,,
4e2777e147c9402a9eb10aa13820ee13_DNE_0_v2,8c442ed0-82d3-4025-a785-4598c3ed9028-1770983831_Feb_14__2026__7_31_56_PM.log,3.6.1,aborted,,end,3,4,4,,,,,,,,
793d6cfe42e847f3845e007a0da1570b_DNE_0_v2,8c442ed0-82d3-4025-a785-4598c3ed9028-1770983831_Feb_14__2026__7_32_47_PM.log,3.6.1,aborted,,end,3,4,4,,,,,,,,
8d30746d706d4c6f945a0944011aada4_DNE_0_v2,8c442ed0-82d3-4025-a785-4598c3ed9028-1770983831_Feb_14__2026__7_33_46_PM.log,3.6.1,aborted,,end,3,7,7,,,,,,,,
8d30746d706d4c6f945a0944011aada4_DNE_1_v2,8c442ed0-82d3-4025-a785-4598c3ed9028-1770983831_Feb_14__2026__7_35_27_PM.log,3.6.1,aborted,,end,3,7,7,,,,,,,,
3ee8488e0f0e4f5982ae36e65bd37db0_DNE_0_v2,8c6efbe8-74dc-446f-99cf-857b4c7ccffe_Mar_3__2026__8_53_41_AM.log,3.6.1,approve,,end,10,220,62,20,13,19,16,12,45,13,20
0859a6c227e54aebab17ef385217bf52_DNE_0_v2,8cceeba5-dfef-4733-b8f7-87f3c3ad3267-1770884929_Feb_16__2026__8_27_53_PM.log,3.6.1,reject,no-more-photo-candidate-allowed,end,5,113,19,21,73,,,,,,
0859a6c227e54aebab17ef385217bf52_DNE_1_v2,8cceeba5-dfef-4733-b8f7-87f3c3ad3267-1770884929_Feb_16__2026__8_32_38_PM.log,3.6.1,approve,no-more-photo-candidate-allowed,end,10,537,19,21,73,320,20,15,56,13,
c472c234df1c4247a2a8c65e541be0ee_DNE_0_v2,8d10f461-6c13-4d8f-921a-97e8ad7daf15_Feb_23__2026__11_08_05_AM.log,3.6.1,reject,face_mismatch,end,6,102,29,29,13,31,,,,,
c472c234df1c4247a2a8c65e541be0ee_DNE_1_v2,8d10f461-6c13-4d8f-921a-97e8ad7daf15_Feb_23__2026__11_13_39_AM.log,3.6.1,approve,face_mismatch,end,10,375,29,29,13,31,192,20,47,14,
0501c6220fe34bfeb64d25715f0069da_DNE_0_v2,8d165eb3-7f78-49d7-a52d-657b664c5d5f_Feb_18__2026__11_18_44_AM.log,3.6.1,approve,,end,10,208,22,36,27,17,15,18,45,14,14
5a5bc852b99a4b9ea5a41efcc61cc42f_DNE_0_v2,8d2974bd-0988-4270-862d-5cd8b315f242_Mar_4__2026__8_43_47_AM.log,3.6.1,approve,,end,10,327,17,26,86,26,23,49,40,14,46
8e3b8a83cd01412d8a44254301baa8a5_DNE_0_v2,8f56c79a-b5a6-4050-bd17-69ab1eb394d6_Feb_12__2026__11_30_42_AM.log,3.6.1,approve,,end,10,273,36,37,67,21,15,13,48,13,23
507113df6d0f44df87e44c0199789eda_DNE_0_v2,8f9777ae-0284-43c2-a9a8-c585d5cf6949_Feb_24__2026__12_54_19_PM.log,3.6.1,approve,,end,10,321,62,15,39,31,23,29,56,14,52
7a57bbfccf614482a410a5cc0fc10042_DNE_0_v2,90320678-9b6b-4146-b2cf-6100d4e9eedd_Feb_5__2026__1_57_50_PM.log,3.6.1,approve,,end,10,222,28,16,19,26,24,16,59,14,20
0b4b5d96ac7543aeacb664b20123b155_DNE_0_v2,9055c1ad-c7d4-4ac3-9231-bf04e8f9d04a_Feb_26__2026__2_35_30_PM.log,3.6.1,approve,,end,10,177,20,23,9,16,19,13,47,13,17
26870efc25a44045a038ff7ca2d3e17d_DNE_0_v2,90e7cc01-1789-4d55-a82f-91f0610ab1ac_Feb_24__2026__2_20_58_PM.log,3.6.1,approve,,end,8,100,16,16,22,20,,,,,26
d5de14d78efe473383ba289cc846b7de_DNE_0_v2,9116f2c8-2d0a-4127-b708-6661a6abdfa1-1771601783_Feb_23__2026__1_29_23_PM.log,3.6.1,approve,,end,10,211,18,22,22,21,18,20,53,14,23
541c4f3b8195407684e379b55ff177fe_DNE_0_v2,9116f2c8-2d0a-4127-b708-6661a6abdfa1_Feb_20__2026__1_04_55_PM.log,3.6.1,approve,,end,10,584,371,25,25,33,23,15,61,14,17
cca977b95bd644e189d886a74ef0a0bf_DNE_0_v2,91398567-b7a5-443b-8f60-7d728432bd99_Feb_18__2026__3_04_27_PM.log,3.6.1,reject,no-more-photo-candidate-allowed,end,6,141,21,15,74,31,,,,,
cca977b95bd644e189d886a74ef0a0bf_DNE_1_v2,91398567-b7a5-443b-8f60-7d728432bd99_Feb_18__2026__3_08_16_PM.log,3.6.1,approve,no-more-photo-candidate-allowed,end,10,431,21,15,74,31,204,23,49,14,
22a4e3b56fa2455b8527b93e46162fdf_DNE_0_v2,91d08f79-247a-462b-a752-fc6350a25ca7-1772543818_Mar_3__2026__3_17_33_PM.log,3.6.1,approve,,end,10,435,31,10,68,98,49,24,49,59,47
90c0a49290cb43d1a08be96c9dbb0cfe_DNE_0_v2,91e31d50-c248-47c3-887d-e9f8fa75b341_Feb_19__2026__12_48_24_PM.log,3.6.1,approve,,end,10,229,11,11,7,23,17,20,58,14,68
a2418bab583c443fb68585b1a2ef9bc9_DNE_0_v2,924eb5a7-8ee8-43d0-8210-88c46606102a_Feb_12__2026__12_52_30_PM.log,3.6.1,approve,,end,10,203,19,23,10,40,24,18,48,13,8
9a567f8d06734890a61b4e6b21dc5786_DNE_0_v2,927b8cf5-9420-4561-88e9-79b55a750806_Feb_19__2026__9_59_18_AM.log,3.6.1,aborted,,end,5,61,22,26,13,,,,,,
3cabc2f0e82440a29c26de2892ca7c98_DNE_0_v2,927b8cf5-9420-4561-88e9-79b55a750806_Feb_20__2026__9_03_48_AM.log,3.6.1,approve,,end,10,238,28,18,10,20,55,20,63,13,11
31486525351d49e69b1b1d2dc96d2123_DNE_0_v2,9373d632-b07f-4e9e-816b-25f0d9fefbf0_Feb_12__2026__8_56_55_PM.log,3.6.1,approve,,end,10,268,100,25,8,17,31,14,46,14,13
5c4c7530eef54c11b86c1a7987781921_DNE_0_v2,938b12e2-28d0-44cb-a550-d95622762443-1771841768_Feb_23__2026__11_09_33_AM.log,3.6.1,reject,no-more-photo-candidate-allowed,end,6,55,14,12,7,22,,,,,
5c4c7530eef54c11b86c1a7987781921_DNE_1_v2,938b12e2-28d0-44cb-a550-d95622762443-1771841768_Feb_23__2026__11_17_38_AM.log,3.6.1,reject,no-more-photo-candidate-allowed,end,6,55,14,12,7,22,,,,,
5c4c7530eef54c11b86c1a7987781921_DNE_2_v2,938b12e2-28d0-44cb-a550-d95622762443-1771841768_Feb_23__2026__11_20_53_AM.log,3.6.1,reject,no-more-photo-candidate-allowed,end,6,55,14,12,7,22,,,,,
5c4c7530eef54c11b86c1a7987781921_DNE_3_v2,938b12e2-28d0-44cb-a550-d95622762443-1771841768_Feb_23__2026__11_23_08_AM.log,3.6.1,reject,no-more-photo-candidate-allowed,end,6,55,14,12,7,22,,,,,
1e532d1d37354de39ea518a21332de28_DNE_0_v2,938b12e2-28d0-44cb-a550-d95622762443-1771841768_Feb_23__2026__11_41_32_AM.log,3.6.1,aborted,,end,3,5,5,,,,,,,,
f4df4a7f65dc424f97d9b52b71d4fe4f_DNE_0_v2,938b12e2-28d0-44cb-a550-d95622762443_Feb_23__2026__10_32_27_AM.log,3.6.1,reject,no-more-photo-candidate-allowed,end,6,98,24,31,13,30,,,,,
f4df4a7f65dc424f97d9b52b71d4fe4f_DNE_1_v2,938b12e2-28d0-44cb-a550-d95622762443_Feb_23__2026__10_36_45_AM.log,3.6.1,reject,no-more-photo-candidate-allowed,end,6,98,24,31,13,30,,,,,
733b96b5e13c4981bd83f64341c3d740_DNE_0_v2,94b4b206-031a-40d3-a1df-bf25a3dcafbb-1770107318_Feb_5__2026__5_26_01_PM.log,3.6.1,approve,,end,10,189,29,25,9,15,18,10,56,13,14
2431411bfbc74c64b20f033ed4aac2ae_DNE_0_v2,94b61d91-5fcf-416f-9279-f45a0342ceb5_Mar_5__2026__5_42_13_PM.log,3.6.1,aborted,,end,4,48,28,20,,,,,,,
a51db7a9608549b3a33801cf36d24139_DNE_0_v2,94b61d91-5fcf-416f-9279-f45a0342ceb5_Mar_5__2026__5_47_12_PM.log,3.6.1,approve,,end,3,46,,,,,,,,,46
a51db7a9608549b3a33801cf36d24139_DNE_1_v2,94b61d91-5fcf-416f-9279-f45a0342ceb5_Mar_5__2026__5_47_37_PM.log,3.6.1,approve,,end,3,46,,,,,,,,,46
09df6d5f73cf4a92afb8ffdd849046c0_DNE_0_v2,951e1995-d5e7-4f42-8a46-ceed0716ad81_Feb_25__2026__9_27_05_PM.log,3.6.1,approve,,end,10,169,12,7,12,15,24,15,38,13,33
c94a55011bd04e929dd99aa40f5c0419_DNE_0_v2,9533c2a9-b71b-47f0-9bfe-30ef1aec5e30_Feb_23__2026__3_46_08_PM.log,3.6.1,reject,no-more-photo-candidate-allowed,end,6,176,28,31,71,46,,,,,
c94a55011bd04e929dd99aa40f5c0419_DNE_1_v2,9533c2a9-b71b-47f0-9bfe-30ef1aec5e30_Feb_23__2026__3_51_17_PM.log,3.6.1,approve,no-more-photo-candidate-allowed,end,10,599,28,31,71,46,337,23,49,14,
305c727da2064d9da923120a2fdf9a5f_DNE_0_v2,9552a256-81d0-4895-9819-0e7433362c40_Feb_17__2026__10_14_24_AM.log,3.6.1,approve,,end,10,224,27,30,17,21,32,20,41,14,22
cd0e634cacfb4ca88f51c60197bfbb08_DNE_0_v2,956efb47-d524-46fa-8169-4446a12963b5_Feb_20__2026__3_06_36_PM.log,3.6.1,approve,,end,10,257,20,24,71,28,20,20,47,14,13
deabea803e654da199ea550077d55f7b_DNE_0_v2,958d0e5c-7177-43e0-99ef-28e7be2cb566-1772180069_Feb_27__2026__10_12_13_AM.log,3.6.1,approve,,end,10,232,19,14,27,21,22,18,50,14,47
13996b2c08004fb188561ab244e4c689_DNE_0_v2,958d0e5c-7177-43e0-99ef-28e7be2cb566_Feb_23__2026__2_58_43_PM.log,3.6.1,approve,,end,10,340,21,47,41,59,25,77,40,14,16
b2d51c152d3e4929813966065c44b519_DNE_0_v2,9594624b-c759-4237-ae8f-4724510dcc9e_Feb_20__2026__2_51_08_PM.log,3.6.1,unknown,,twoFactor,8,197,24,24,15,53,49,32,,,
23cce3b9349e466abd46cb2463b2d064_DNE_0_v2,964eb4db-be4b-4a29-9e94-721b9f43ab3c_Feb_17__2026__3_49_11_PM.log,3.6.1,approve,,end,10,347,62,24,34,20,31,17,47,14,98
a7046163b69f46e18d7cc77dbfa2d3a8_DNE_2_v2,9672f60e-b894-4a3e-b219-d5a60b8ce469_Feb_13__2026__1_07_15_PM.log,3.6.1,aborted,,end,4,37,22,15,,,,,,,
a7046163b69f46e18d7cc77dbfa2d3a8_DNE_3_v2,9672f60e-b894-4a3e-b219-d5a60b8ce469_Feb_13__2026__1_11_53_PM.log,3.6.1,approve,,end,10,296,22,15,141,15,18,15,57,13,
6ceff00eb4584f20a3e93bcb37a56903_DNE_0_v2,96f090c3-9a7a-4507-be6b-713036489b3e-1768463822_Feb_13__2026__3_07_44_PM.log,3.6.1,approve,,end,10,237,18,14,20,31,44,23,48,15,24
e12a00c6f6444232bc192a2d9738751e_DNE_0_v2,976c8440-5f83-46fb-b7d7-381d0b358179_Feb_16__2026__3_59_49_PM.log,3.6.1,reject,no-more-photo-candidate-allowed,end,6,100,16,34,9,41,,,,,
e12a00c6f6444232bc192a2d9738751e_DNE_1_v2,976c8440-5f83-46fb-b7d7-381d0b358179_Feb_16__2026__4_02_57_PM.log,3.6.1,aborted,no-more-photo-candidate-allowed,end,9,372,16,34,9,41,214,15,43,,
e12a00c6f6444232bc192a2d9738751e_DNE_2_v2,976c8440-5f83-46fb-b7d7-381d0b358179_Feb_16__2026__4_06_45_PM.log,3.6.1,approve,no-more-photo-candidate-allowed,end,10,595,16,34,9,41,214,15,43,223,
cd07ab24e0984be6a5b11cf9fc286108_DNE_0_v2,977884b1-c5f8-4981-8394-69c29f1ac6b8-1771592782_Feb_23__2026__12_08_36_PM.log,3.6.1,approve,,end,10,385,5,156,42,29,21,44,51,13,24
b06e7fc18ee9492fa432f0e3a4dc0b6c_DNE_0_v2,977884b1-c5f8-4981-8394-69c29f1ac6b8-1771927989_Feb_24__2026__4_17_19_PM.log,3.6.1,aborted,,end,3,10,10,,,,,,,,
b06e7fc18ee9492fa432f0e3a4dc0b6c_DNE_1_v2,977884b1-c5f8-4981-8394-69c29f1ac6b8-1771927989_Feb_24__2026__4_21_42_PM.log,3.6.1,approve,,end,10,267,10,77,67,13,17,16,53,14,
4e02d6770a0f4c7aa899e0d8eecb3c20_DNE_0_v2,98269f59-791a-4013-bb86-6c98404cf4c4_Mar_3__2026__9_52_55_AM.log,3.6.1,aborted,,end,8,153,19,7,74,21,20,12,,,
4e02d6770a0f4c7aa899e0d8eecb3c20_DNE_1_v2,98269f59-791a-4013-bb86-6c98404cf4c4_Mar_3__2026__9_55_54_AM.log,3.6.1,approve,,end,10,365,19,7,74,21,20,12,199,13,
bcd67e5cb29d451caeeb12ab17b6c803_DNE_0_v2,98f8a64a-c356-41e4-a971-01bc263138bd_Feb_25__2026__9_16_42_AM.log,3.6.1,unknown,,twoFactor,9,146,15,16,5,11,26,14,46,13,
55702f109647402cb7016e4077158318_DNE_0_v2,9ac69ae5-15c7-482d-aca6-3cf0e6dbf60f-1770993147_Feb_16__2026__10_39_41_AM.log,3.6.1,aborted,,end,4,83,47,36,,,,,,,
55702f109647402cb7016e4077158318_DNE_1_v2,9ac69ae5-15c7-482d-aca6-3cf0e6dbf60f-1770993147_Feb_16__2026__10_48_08_AM.log,3.6.1,approve,,end,10,505,47,36,263,20,36,22,67,14,
689d8cd8586542b1aba2c23720572ab0_DNE_0_v2,9ac69ae5-15c7-482d-aca6-3cf0e6dbf60f-1771242076_Feb_17__2026__9_28_42_AM.log,3.6.1,aborted,,end,4,289,273,16,,,,,,,
689d8cd8586542b1aba2c23720572ab0_DNE_1_v2,9ac69ae5-15c7-482d-aca6-3cf0e6dbf60f-1771242076_Feb_17__2026__9_35_38_AM.log,3.6.1,approve,,end,10,697,273,16,271,22,23,21,58,13,
ea258df71bad4c85a1c67feb7bb8d817_DNE_0_v2,9b0ec253-6487-4758-b8a5-a90d249200f1_Feb_6__2026__9_14_52_AM.log,3.6.1,approve,,end,10,281,20,56,22,47,42,27,36,13,18
94ecc54dd2594ab285e93bef4729e522_DNE_0_v2,9b39cd01-b0fc-45cc-b971-4c9945c62ea8-1771338977_Feb_17__2026__4_04_54_PM.log,3.6.1,approve,,end,9,106,20,7,8,34,15,14,,,8
fa6d72469b08421dbf51e978ae145e8f_DNE_0_v2,9b39cd01-b0fc-45cc-b971-4c9945c62ea8_Feb_16__2026__12_03_00_PM.log,3.6.1,aborted,,end,4,26,16,10,,,,,,,
fa6d72469b08421dbf51e978ae145e8f_DNE_1_v2,9b39cd01-b0fc-45cc-b971-4c9945c62ea8_Feb_16__2026__12_06_40_PM.log,3.6.1,reject,incomplete-hologram-video,end,9,249,16,10,105,30,14,19,55,,
fa6d72469b08421dbf51e978ae145e8f_DNE_2_v2,9b39cd01-b0fc-45cc-b971-4c9945c62ea8_Feb_16__2026__12_09_28_PM.log,3.6.1,approve,incomplete-hologram-video,end,10,431,16,10,105,30,14,19,55,182,
137a85e659b14d4f8553e2bccaef36e3_DNE_0_v2,9b71a6cd-5ca9-40e0-b7cc-d58671ffa189-1770800017_Feb_20__2026__8_21_11_AM.log,3.6.1,aborted,,end,4,65,44,21,,,,,,,
137a85e659b14d4f8553e2bccaef36e3_DNE_1_v2,9b71a6cd-5ca9-40e0-b7cc-d58671ffa189-1770800017_Feb_20__2026__8_30_00_AM.log,3.6.1,approve,,end,10,622,44,21,404,64,26,14,35,14,
857f888eb59f4c01bbfc072de077ecad_DNE_0_v2,9ba7e25a-a3ec-449b-ac80-fcd8b5f895f5_Feb_19__2026__12_26_21_PM.log,3.6.1,approve,,end,10,275,18,27,67,18,56,11,49,14,15
53962ef68cee4470914ee394c2092b91_DNE_0_v2,9bd154ca-8173-4d50-8dff-60498a79b736_Feb_16__2026__1_52_06_PM.log,3.6.1,approve,,end,10,247,100,12,6,14,16,13,55,14,17
67e9114a94a8471193c8f6f8e2c78425_DNE_0_v2,9c205405-cb49-405c-97f0-075dfaa8c6cd-1771499072_Feb_19__2026__11_47_30_AM.log,3.6.1,approve,,end,10,302,25,26,68,24,26,41,49,14,29
67e9114a94a8471193c8f6f8e2c78425_DNE_1_v2,9c205405-cb49-405c-97f0-075dfaa8c6cd-1771499072_Feb_19__2026__11_59_54_AM.log,3.6.1,approve,,end,10,302,25,26,68,24,26,41,49,14,29
67e9114a94a8471193c8f6f8e2c78425_DNE_2_v2,9c205405-cb49-405c-97f0-075dfaa8c6cd-1771499072_Feb_19__2026__12_08_44_PM.log,3.6.1,aborted,,end,10,302,25,26,68,24,26,41,49,14,29
67e9114a94a8471193c8f6f8e2c78425_DNE_3_v2,9c205405-cb49-405c-97f0-075dfaa8c6cd-1771499072_Feb_19__2026__12_12_33_PM.log,3.6.1,approve,,end,10,302,25,26,68,24,26,41,49,14,29
8104c2352a1b44edb8f229dfc52f02b2_DNE_0_v2,9c9780a1-427f-4773-b16e-70933cb2516a_Feb_23__2026__1_48_07_PM.log,3.6.1,approve,,end,10,174,11,11,10,21,12,14,53,14,28
e9475d1d6a9d434f87536aadc8f829fa_DNE_0_v2,9c984e8c-0e97-437f-b75b-12a08de65bd0_Feb_16__2026__8_26_00_AM.log,3.6.1,approve,,end,10,241,21,19,17,18,42,18,56,13,37
6c6a19560ed2442092c00077253a3d34_DNE_0_v2,9c98c7f1-4696-4cfb-9566-1668f1a01e22_Feb_26__2026__8_58_52_AM.log,3.6.1,approve,,end,10,256,51,19,14,33,27,21,60,13,18
e130b1a82f3c405789bd4475095d450e_DNE_0_v2,9d8d427f-17df-4664-9282-1231978e45ce_Feb_16__2026__2_44_34_PM.log,3.6.1,approve,,end,10,233,35,24,27,23,25,16,49,13,21
3947e3ed1b1a4859a761c5486593baf0_DNE_0_v2,9e1c2074-fad1-41a8-a0ce-ef6cd2604bf2_Feb_26__2026__5_55_06_PM.log,3.6.1,approve,,end,10,276,69,21,15,27,26,17,56,14,31
e66dcd15f6b046f68678f1eaf2715fa1_DNE_0_v2,9e50bfb5-c325-4598-b102-e404e92aac7b_Feb_6__2026__12_46_42_PM.log,3.6.1,approve,,end,10,358,167,27,14,22,21,28,47,13,19
a728f29a01814d6b820ade9a8885cc4a_DNE_0_v2,9ef911a7-05c6-48c2-a2db-28368dd27801_Feb_13__2026__2_56_04_PM.log,3.6.1,approve,,end,10,303,102,21,49,24,17,16,42,13,19
d829f9b108974d9f9f6bf4fb1fa4d03b_DNE_0_v2,9f3dc7d1-0bf2-4505-ad7d-d3d34ab873c5_Mar_4__2026__5_14_58_PM.log,3.6.1,approve,,end,8,221,,,67,20,27,21,50,14,22
b82f63e6f24c410598c267a78b591160_DNE_0_v2,9f5ab9c4-f537-4bcf-b4d5-5e04b3784891_Feb_20__2026__12_40_51_PM.log,3.6.1,aborted,,end,4,86,57,29,,,,,,,
b82f63e6f24c410598c267a78b591160_DNE_1_v2,9f5ab9c4-f537-4bcf-b4d5-5e04b3784891_Feb_20__2026__12_46_33_PM.log,3.6.1,approve,,end,10,488,57,29,280,25,24,15,45,13,
72ff2af507b846aab3eb86e1e97bcd9d_DNE_0_v2,9f7abbfc-be96-441b-93fd-3477244391fd_Feb_20__2026__11_40_03_AM.log,3.6.1,approve,,end,10,341,37,52,67,25,25,20,47,14,54
fd015b7213d546d9980806c5999f701f_DNE_0_v2,9fdce309-e0b5-4283-abc1-28961be3d84f_Feb_19__2026__8_30_26_AM.log,3.6.1,approve,,end,10,773,105,66,27,32,167,26,60,13,277
e748a317b32f49289c442778b5582b31_DNE_0_v2,9fed74eb-af71-4b76-841e-35bf0c92b6c4_Mar_4__2026__4_27_03_PM.log,3.6.1,aborted,,end,4,148,120,28,,,,,,,
e748a317b32f49289c442778b5582b31_DNE_1_v2,9fed74eb-af71-4b76-841e-35bf0c92b6c4_Mar_4__2026__4_33_00_PM.log,3.6.1,approve,,end,10,510,120,28,176,29,62,29,52,14,
99927253edc44fe9a3b011510cac431d_DNE_0_v2,a026f1e0-3ac7-4ed1-bff1-eaf0e2849f06_Feb_17__2026__6_51_38_PM.log,3.6.1,approve,,end,10,1077,680,24,9,42,190,24,56,14,38
d54a72fee62e41c4900bbec810797e0d_DNE_0_v2,a05a7ff7-d16b-4672-a488-56e48b8f9f13_Feb_27__2026__12_08_53_PM.log,3.6.1,approve,,end,10,245,20,38,29,25,22,18,43,14,36
319ddb6be924448ea6e3b5d1fc20b385_DNE_0_v2,a070a0b1-ce9d-402f-8974-de36e026aa9f_Feb_22__2026__10_35_17_AM.log,3.6.1,reject,face_mismatch,end,6,248,30,158,32,28,,,,,
319ddb6be924448ea6e3b5d1fc20b385_DNE_1_v2,a070a0b1-ce9d-402f-8974-de36e026aa9f_Feb_22__2026__11_02_25_AM.log,3.6.1,reject,no-more-photo-candidate-allowed,end,6,248,30,158,32,28,,,,,
319ddb6be924448ea6e3b5d1fc20b385_DNE_2_v2,a070a0b1-ce9d-402f-8974-de36e026aa9f_Feb_22__2026__11_06_15_AM.log,3.6.1,reject,no-more-photo-candidate-allowed,end,6,248,30,158,32,28,,,,,
319ddb6be924448ea6e3b5d1fc20b385_DNE_3_v2,a070a0b1-ce9d-402f-8974-de36e026aa9f_Feb_22__2026__11_12_59_AM.log,3.6.1,approve,no-more-photo-candidate-allowed,end,10,2499,30,158,32,28,2156,25,57,13,
708803b6ccad47dda7db71996f1a2406_DNE_0_v2,a145275c-87de-4481-9dbf-8fb37e5446c8-1771424352_Feb_19__2026__1_54_19_PM.log,3.6.1,approve,,end,10,443,82,37,17,29,143,18,47,14,56
25adb47e2a5443e2a2cb5d89efdd7f30_DNE_0_v2,a145275c-87de-4481-9dbf-8fb37e5446c8_Feb_17__2026__9_38_14_AM.log,3.6.1,approve,,end,10,240,46,32,13,27,25,17,46,14,20
4665fa413e144cc6b5077f7c7e8fdd54_DNE_0_v2,a146c016-70a1-43a3-add7-9ad87cb02a91-1771578394_Feb_20__2026__10_47_03_AM.log,3.6.1,approve,,end,9,149,15,13,9,19,69,14,,,10
b5b71684c51441d9a3726cf0568e523e_DNE_0_v2,a1c13d7a-28d8-447c-bcd9-959c5527e2bc_Feb_19__2026__1_13_10_PM.log,3.6.1,aborted,,end,4,74,17,57,,,,,,,
b5b71684c51441d9a3726cf0568e523e_DNE_1_v2,a1c13d7a-28d8-447c-bcd9-959c5527e2bc_Feb_19__2026__1_17_06_PM.log,3.6.1,aborted,,end,8,263,17,57,67,43,60,19,,,
b5b71684c51441d9a3726cf0568e523e_DNE_2_v2,a1c13d7a-28d8-447c-bcd9-959c5527e2bc_Feb_19__2026__1_22_25_PM.log,3.6.1,approve,,end,10,609,17,57,67,43,60,19,332,14,
f653c88b58ef45199d670babfef1f151_DNE_0_v2,a210f3b4-9eb2-49b1-9ad8-2778c8531d4a_Feb_24__2026__8_49_42_PM.log,3.6.1,aborted,,end,4,89,72,17,,,,,,,
f653c88b58ef45199d670babfef1f151_DNE_1_v2,a210f3b4-9eb2-49b1-9ad8-2778c8531d4a_Feb_24__2026__8_53_28_PM.log,3.6.1,approve,,end,10,349,72,17,103,29,44,15,56,13,
7a2ca08afc9c4ca9bde270858bd3ef0f_DNE_0_v2,a30d0395-acb8-472c-ba3d-5b2ba8f0395f_Feb_18__2026__1_36_34_PM.log,3.6.1,approve,,end,10,233,16,13,28,23,20,21,47,14,51
e9ace8180c614a0db65fc85c1d1afbaa_DNE_0_v2,a35f8b58-5829-42e2-8a0a-6eba6bf27bcf_Feb_23__2026__4_27_23_PM.log,3.6.1,approve,,end,10,263,17,16,38,38,46,17,48,14,29
337fa796c1bb42eeb3a47ae80220a3d1_DNE_0_v2,a3a7c2d3-2a10-4432-a1b5-07669776ff29_Mar_2__2026__12_25_34_PM.log,3.6.1,approve,,end,10,343,28,14,133,31,35,16,61,13,12
f41e766c1e2546749ea6403ddf0b2a3d_DNE_0_v2,a47afc42-42c7-4573-ac62-4da04e8c444d-1772014480_Feb_25__2026__1_17_53_PM.log,3.6.1,approve,,end,10,147,6,13,12,17,19,17,44,13,6
f3aca262d9ac4a00887efd0f39868366_DNE_0_v2,a47afc42-42c7-4573-ac62-4da04e8c444d-1772023067_Feb_25__2026__3_02_42_PM.log,3.6.1,approve,,end,10,227,7,11,71,22,33,16,47,14,6
120c19936e8a4472890ab299ba85e45f_DNE_0_v2,a47afc42-42c7-4573-ac62-4da04e8c444d_Feb_25__2026__11_01_49_AM.log,3.6.1,approve,,end,10,269,32,27,73,21,16,34,41,14,11
3e4b7d85fcf941f19272854f63f4debf_DNE_0_v2,a4e2a19f-6d00-4729-afb5-2277c55d50c7_Feb_17__2026__12_41_43_PM.log,3.6.1,approve,,end,10,276,37,12,68,28,18,14,51,14,34
7143440c83754cefaa5fd272650860c7_DNE_0_v2,a541a7b4-20bb-4054-93f4-2ac353cef2f1_Mar_1__2026__10_56_38_AM.log,3.6.1,aborted,,end,4,49,17,32,,,,,,,
58acb15b88c246c6b10b748e4030b6f3_DNE_0_v2,a541a7b4-20bb-4054-93f4-2ac353cef2f1_Mar_1__2026__11_14_49_AM.log,3.6.1,aborted,,end,4,44,12,32,,,,,,,
ee624cc84ed248199f37a2cf85e5fc71_DNE_1_v2,a5f27a08-e0e4-4856-8137-88de2b1bc169_Mar_3__2026__12_01_55_PM.log,3.6.1,approve,,end,10,302,39,67,14,69,30,14,55,14,
93eac171aa074d529d90a3398acaa26b_DNE_0_v2,a60e6fd7-d226-4aaf-8cbe-ffd94f812c40-1770281808_Feb_6__2026__12_59_02_AM.log,3.6.1,aborted,,end,4,49,31,18,,,,,,,
93eac171aa074d529d90a3398acaa26b_DNE_1_v2,a60e6fd7-d226-4aaf-8cbe-ffd94f812c40-1770281808_Feb_6__2026__1_06_58_AM.log,3.6.1,approve,,end,10,467,31,18,302,34,18,18,33,13,
0a59911ab1074ea192f27f9818290a03_DNE_0_v2,a61997a9-775f-4709-8635-70a781ebccc2_Mar_2__2026__10_42_15_PM.log,3.6.1,approve,,end,10,230,52,10,11,17,32,22,57,14,15
8ef557a3879640878a5ea97b5c09b66c_DNE_0_v2,a6357c10-06ac-41df-b577-e45830d79bb4_Feb_23__2026__7_43_17_PM.log,3.6.1,approve,,end,10,268,33,36,16,35,33,19,60,14,22
4cf795cf54594620a4abc0fe1fa07f3a_DNE_0_v2,a6d9651f-0c90-4ebb-8dc7-dd34bd83272e-1771415773_Feb_18__2026__5_28_15_PM.log,3.6.1,approve,,end,9,189,8,7,11,29,34,17,,,83
5ad77dee31ad46e68f4a48b0d15ec1a5_DNE_0_v2,a6d9651f-0c90-4ebb-8dc7-dd34bd83272e_Feb_16__2026__8_04_00_PM.log,3.6.1,unknown,,voice-liveness-check,2,32,32,,,,,,,,
4d5d205ebd7e495691d280747154845f_DNE_0_v2,a6d9651f-0c90-4ebb-8dc7-dd34bd83272e_Feb_17__2026__2_32_16_PM.log,3.6.1,reject,no-more-photo-candidate-allowed,end,6,50,7,14,12,17,,,,,
e275e067c5d14ad78a4256950c21d391_DNE_0_v2,a6d9651f-0c90-4ebb-8dc7-dd34bd83272e_Feb_17__2026__2_48_44_PM.log,3.6.1,reject,no-more-photo-candidate-allowed,end,6,160,8,55,72,25,,,,,
8b3865f677c94711a0fb89f246553228_DNE_0_v2,a6d9651f-0c90-4ebb-8dc7-dd34bd83272e_Feb_17__2026__3_55_19_PM.log,3.6.1,reject,no-more-photo-candidate-allowed,end,6,112,7,13,70,22,,,,,
18e300d4ef59492f91d5328d2339d2ec_DNE_0_v2,a6d9d2c1-ea6e-49a7-abc2-61fdf03f4fd0_Mar_4__2026__10_20_04_AM.log,3.6.1,aborted,,end,3,23,23,,,,,,,,
18e300d4ef59492f91d5328d2339d2ec_DNE_1_v2,a6d9d2c1-ea6e-49a7-abc2-61fdf03f4fd0_Mar_4__2026__10_23_15_AM.log,3.6.1,approve,,end,10,352,23,199,9,15,30,17,46,13,
20badbbdad8b463184df1a7e41ce793b_DNE_0_v2,a6e5e09f-3fc6-4199-97c2-fd49322aae02_Feb_27__2026__9_59_51_AM.log,3.6.1,unknown,,idFront,5,119,21,25,43,30,,,,,
b34af02068324ddaaa208a85b73395e7_DNE_0_v2,a739e523-b035-4d46-b220-b68127220fb7_Feb_27__2026__1_47_05_PM.log,3.6.1,approve,,end,10,290,45,8,73,28,23,14,50,14,35
1b4f2cea129b4d70a8029be8df3a0f64_DNE_0_v2,a74ba86e-6fe4-4bd3-9187-ca06c41924f0_Mar_4__2026__12_55_31_PM.log,3.6.1,approve,,end,10,304,20,40,21,25,58,18,50,37,35
23003fe820974a7488fa2dc66e9a7834_DNE_0_v2,a7f33af8-168c-44e5-a42c-00cf7b0cdc09-1770107215_Feb_12__2026__2_00_18_PM.log,3.6.1,approve,,end,10,341,40,29,70,56,44,28,54,14,6
c6abf98bb345436bad30a79f50408185_DNE_0_v2,a82dcba9-8fc4-4963-b71c-3d243f96ef0c_Feb_13__2026__12_15_07_PM.log,3.6.1,approve,,end,10,192,16,19,16,25,23,17,35,14,27
a0e742bf04f3401fa88bb335516f5b70_DNE_0_v2,a88ee028-8bc7-4672-b310-152d62aa16d9_Mar_5__2026__12_25_55_PM.log,3.6.1,approve,,end,10,194,38,12,13,13,11,10,40,13,44
524be42a3ac9446d83637ecc3c7c2df2_DNE_0_v2,a9041711-445a-464c-b4ea-a487f5ef9d39_Feb_20__2026__11_22_20_AM.log,3.6.1,approve,,end,10,267,20,33,13,48,20,17,60,13,43
17456f5631ad46f49c0985869fb80953_DNE_0_v2,a967a507-fa13-4a62-b1c9-b8bd8b334c00_Feb_27__2026__10_18_50_AM.log,3.6.1,approve,,end,10,213,28,15,15,24,21,17,49,14,30
7c6ea209e67442b7b3d2f88c2c3fbd34_DNE_0_v2,aa97b555-2a10-402c-b13f-ba531f92bcad_Feb_18__2026__1_03_48_PM.log,3.6.1,approve,,end,10,233,32,13,21,32,31,17,48,14,25
4cc096f3bb81450b8f8a43badb03d398_DNE_0_v2,aab8b68e-bbf1-45a5-9dca-9ecce3ca0b63_Feb_27__2026__11_22_36_AM.log,3.6.1,approve,,end,10,281,32,29,67,23,22,17,47,13,31
31b0af235ec24955814d4a59307097fa_DNE_0_v2,aab9f610-0787-412b-8592-699f21fb4ab0_Mar_3__2026__8_31_43_PM.log,3.6.1,approve,,end,10,356,43,34,38,36,63,27,51,13,51
989a370052ef438693a2f17239ba6bc1_DNE_0_v2,ab42795f-044d-4c75-9aa6-2cb923db2875_Feb_20__2026__1_42_25_PM.log,3.6.1,approve,,end,10,175,19,16,14,23,21,14,44,14,10
a059f54972fb48988dc151dd03f0f0f9_DNE_0_v2,ab527cf6-0ae2-4d32-bc2a-8f7e8ea68ba9_Feb_24__2026__9_10_47_AM.log,3.6.1,approve,,end,10,345,64,28,14,27,30,28,66,14,74
3ec202e423744071a65b64587caade03_DNE_0_v2,abbc3d9b-c789-4ab6-8250-6d97335cc904_Mar_5__2026__8_42_34_AM.log,3.6.1,approve,,end,10,154,19,19,11,17,21,12,32,14,9
ea5e5cdb1cf247d290613f3f9a1a1d36_DNE_0_v2,abdbb355-64a5-4cdd-b332-0bde2c375d17-1771427281_Feb_19__2026__12_14_57_PM.log,3.6.1,aborted,,end,5,58,7,33,18,,,,,,
ea5e5cdb1cf247d290613f3f9a1a1d36_DNE_1_v2,abdbb355-64a5-4cdd-b332-0bde2c375d17-1771427281_Feb_19__2026__12_17_01_PM.log,3.6.1,reject,no-more-photo-candidate-allowed,end,6,121,7,33,18,63,,,,,
ea5e5cdb1cf247d290613f3f9a1a1d36_DNE_2_v2,abdbb355-64a5-4cdd-b332-0bde2c375d17-1771427281_Feb_19__2026__12_19_44_PM.log,3.6.1,approve,no-more-photo-candidate-allowed,end,10,327,7,33,18,63,130,15,47,14,
cb6bf18432c84550a6ce5f06875598b2_DNE_0_v2,ac05fa85-5d66-4def-8f79-0935d21eed99_Feb_20__2026__4_54_33_PM.log,3.6.1,approve,,end,10,266,100,13,11,18,37,11,55,14,7
4fac3a819a8e423387d092c3c54874d4_DNE_0_v2,ad1013bd-0fbc-448a-9717-4846583228e5_Feb_12__2026__1_45_25_PM.log,3.6.1,approve,,end,10,285,36,33,72,30,20,17,45,14,18
90cbb91c696549faa6ae50c9069f60d0_DNE_0_v2,ad4c1cd9-a87f-4068-ac6d-ba174b5bcc65_Feb_17__2026__3_50_45_PM.log,3.6.1,unknown,,voice-liveness-check,2,33,33,,,,,,,,
4a088bc37ba34f32ac9584824e88a2e0_DNE_0_v2,ad4c1cd9-a87f-4068-ac6d-ba174b5bcc65_Feb_17__2026__3_57_14_PM.log,3.6.1,aborted,,end,3,15,15,,,,,,,,
4a088bc37ba34f32ac9584824e88a2e0_DNE_1_v2,ad4c1cd9-a87f-4068-ac6d-ba174b5bcc65_Feb_17__2026__4_00_35_PM.log,3.6.1,aborted,,end,3,15,15,,,,,,,,
aaf0db67b53448baaa4e15e48136aef6_DNE_0_v2,ad4c1cd9-a87f-4068-ac6d-ba174b5bcc65_Feb_17__2026__4_02_49_PM.log,3.6.1,unknown,,voice-liveness-check,2,23,23,,,,,,,,
aaf0db67b53448baaa4e15e48136aef6_DNE_1_v2,ad4c1cd9-a87f-4068-ac6d-ba174b5bcc65_Feb_17__2026__4_06_26_PM.log,3.6.1,aborted,,end,3,23,23,,,,,,,,
aaf0db67b53448baaa4e15e48136aef6_DNE_2_v2,ad4c1cd9-a87f-4068-ac6d-ba174b5bcc65_Feb_17__2026__4_11_37_PM.log,3.6.1,approve,,end,10,568,23,330,41,47,33,25,56,13,
e80a90eaa13b4b8c9b40556690ad3012_DNE_0_v2,ad740b14-6be1-463a-ae01-acbee970da12-1771317162_Feb_17__2026__12_57_15_PM.log,3.6.1,approve,,end,10,240,24,15,11,32,46,14,47,14,37
6e6513debd014901b325ff1a257cb447_DNE_0_v2,ad740b14-6be1-463a-ae01-acbee970da12_Feb_16__2026__11_17_46_AM.log,3.6.1,approve,,end,10,296,23,20,29,27,29,20,47,14,87
88dc4fa19dc848d99a5b8d986d68c545_DNE_0_v2,adf573fb-1543-4022-84a2-a1ca2b01b693-1768992355_Feb_12__2026__11_36_38_AM.log,3.6.1,approve,,end,10,231,6,28,33,21,25,20,50,14,34
0eb2bbb39caf4c978aaf49c1bf4d0ae5_DNE_0_v2,ae3a0e42-a0ec-4631-b7f1-5cff749e306d_Feb_23__2026__2_28_49_PM.log,3.6.1,approve,,end,10,282,24,29,14,22,59,25,56,14,39
9efc482a6e3b4ac993bda813b741c1e9_DNE_0_v2,ae70e419-ad34-4259-971f-fbc60d60ea20-1770980054_Feb_16__2026__2_46_34_PM.log,3.6.1,approve,,end,10,270,47,16,27,37,36,29,50,13,15
1ee0f5e26b6c4ce29ea5985f8f81f23e_DNE_0_v2,ae8987c9-0dc7-4df5-874b-bfcbdb02584e_Mar_2__2026__3_25_06_PM.log,3.6.1,aborted,,end,5,42,14,10,18,,,,,,
1ee0f5e26b6c4ce29ea5985f8f81f23e_DNE_1_v2,ae8987c9-0dc7-4df5-874b-bfcbdb02584e_Mar_2__2026__3_35_48_PM.log,3.6.1,approve,,end,10,698,14,10,18,524,24,16,78,14,
e186fc8b5cc946a8ade4e4c53f418429_DNE_0_v2,aee1dcc4-90b0-48c9-ab3a-0b4d10546385_Feb_26__2026__8_06_50_AM.log,3.6.1,approve,,end,10,213,43,15,7,15,38,16,42,14,23
6c9e46d831114e8d9286bcef2e45df57_DNE_0_v2,affaa001-f5aa-459f-990e-d2ed3835eeb2_Mar_5__2026__7_35_31_PM.log,3.6.1,approve,,end,10,243,11,33,5,39,64,14,56,14,7
7bcf3b56cc104d9ca54026ce48631c73_DNE_0_v2,b002d2de-653b-402a-b929-da52816847bb_Feb_24__2026__10_26_50_AM.log,3.6.1,approve,,end,10,178,20,16,9,19,16,13,60,14,11
c7ec76acd19b481797d99272dd7be963_DNE_0_v2,b0b6f4ce-2abd-4cd7-a1f4-85fce1d3da9f_Mar_4__2026__7_10_04_PM.log,3.6.1,unknown,,twoFactor,9,350,51,21,74,47,82,18,43,14,
c7ec76acd19b481797d99272dd7be963_DNE_1_v2,b0b6f4ce-2abd-4cd7-a1f4-85fce1d3da9f_Mar_4__2026__7_13_29_PM.log,3.6.1,approve,,end,10,804,51,21,74,47,82,18,43,14,454
a9fe328dd14740cc920c2b4721e0590a_DNE_0_v2,b23a1d71-7b61-4623-b9a7-8635c4734cdd-1771247598_Feb_16__2026__2_36_35_PM.log,3.6.1,approve,,end,10,156,6,19,9,21,24,14,43,13,7
fb2d58b731cd4a528eb7f1e989135189_DNE_0_v2,b23a1d71-7b61-4623-b9a7-8635c4734cdd_Feb_12__2026__11_50_59_AM.log,3.6.1,approve,,end,10,236,31,19,12,51,25,18,56,13,11
9de49cee98054ad3ba11dee774dbc868_DNE_0_v2,b2521016-fd2d-4628-ad23-cf9c60f8a14f_Feb_19__2026__9_23_58_PM.log,3.6.1,approve,,end,10,321,17,32,70,25,70,27,46,14,20
00e61f45d5334276b3b08b8877035fae_DNE_0_v2,b2ad2e05-97af-4437-951d-d55d50051f0c_Feb_26__2026__3_01_09_PM.log,3.6.1,approve,,end,10,395,44,29,68,34,69,43,50,14,44
14f35b6e5b7c49599911db7843c47a36_DNE_0_v2,b371783a-2f72-4052-8bdf-fdaf53d0e316_Feb_20__2026__3_51_31_PM.log,3.6.1,unknown,,idFront,5,130,28,28,14,60,,,,,
cac549e175864b26a36c60ad41b692e9_DNE_0_v2,b3c16c63-7054-4f17-a942-cc0e9129d175_Feb_13__2026__9_38_44_AM.log,3.6.1,reject,incomplete-hologram-video,end,9,263,28,21,35,25,38,56,60,,
953688d6c6cb465ab82e008592738bb7_DNE_0_v2,b3c16c63-7054-4f17-a942-cc0e9129d175_Feb_13__2026__9_42_40_AM.log,3.6.1,approve,,end,10,204,8,20,30,28,19,16,55,14,14
433596b158cc4fb4bd8db112f5090ecb_DNE_0_v2,b45f170f-6f10-4db9-95aa-0ae796d58b74_Feb_16__2026__3_42_59_PM.log,3.6.1,approve,,end,10,241,24,23,32,38,30,18,40,13,23
395e901ceb684f94a1413b18b259ed8b_DNE_0_v2,b4b0a838-d2db-45fa-af9d-b335aa16a39b-1769878223_Feb_5__2026__4_08_49_PM.log,3.6.1,approve,,end,10,195,37,11,9,13,34,18,41,14,18
a5ab688008b64ef389fe43016c883eca_DNE_0_v2,b4d151b4-65cc-430c-827c-5105091400e6_Mar_3__2026__8_44_19_AM.log,3.6.1,approve,,end,10,340,17,15,18,110,36,19,56,50,19
10fde6b546184efdbd6d5680ff7df636_DNE_0_v2,b4ee24db-20bf-4002-991c-14a57c847fae-1770300042_Feb_10__2026__12_33_47_PM.log,3.6.1,aborted,,end,3,25,25,,,,,,,,
6166f3441eb342628d470ac07b716207_DNE_0_v2,b51b950e-e404-4778-aa65-e4a8ec5ac6b8-1771326160_Feb_17__2026__1_36_36_PM.log,3.6.1,approve,,end,10,193,28,19,21,33,15,11,33,14,19
d7b8b711550345bfa0edcc2ee9649e16_DNE_0_v2,b51b950e-e404-4778-aa65-e4a8ec5ac6b8_Feb_17__2026__11_36_43_AM.log,3.6.1,approve,,end,10,249,16,42,14,25,22,62,33,14,21
7243ab606ad44830a6081cce580ced8a_DNE_0_v2,b556826a-c204-42d8-9a9e-6c51935b4d04-1771319352_Feb_17__2026__10_52_42_AM.log,3.6.1,approve,,end,10,228,7,79,10,25,14,10,47,13,23
d0a0cf1f274b47338f46547370c74b15_DNE_0_v2,b5b3765a-e2c9-492b-b28b-d4afdbbb06c7_Feb_16__2026__3_54_45_PM.log,3.6.1,approve,,end,10,215,40,23,14,15,16,11,59,14,23
eecb8829145942de9cc97752cdcdb05d_DNE_0_v2,b6836323-92b3-4973-aef4-5fd4c95e9197-1771925815_Feb_24__2026__10_43_46_AM.log,3.6.1,approve,,end,10,254,22,10,18,25,31,29,56,13,50
7d179058c586465d97f13c59d851e873_DNE_0_v2,b7acc5c1-7b98-4a0e-8467-26f09464d41d_Feb_25__2026__12_54_03_PM.log,3.6.1,no-customer,no-available-customer (user re-scanned QR after completion),end,2,0,,,,,,,,,
7d179058c586465d97f13c59d851e873_DNE_1_v2,b7acc5c1-7b98-4a0e-8467-26f09464d41d_Feb_25__2026__12_55_17_PM.log,3.6.1,no-customer,no-available-customer (user re-scanned QR after completion),end,2,0,,,,,,,,,
c988133c977147e382f3e5c450469dc8_DNE_2_v2,b7acc5c1-7b98-4a0e-8467-26f09464d41d_Feb_25__2026__12_57_37_PM.log,3.6.1,no-customer,no-available-customer (user re-scanned QR after completion),end,3,191,191,,,,,,,,
2909fd059c1142e5b83687e18112861e_DNE_0_v2,b7f6ce08-c941-4779-b1bb-7852a87634e1_Feb_27__2026__2_56_06_PM.log,3.6.1,approve,,end,10,343,19,119,10,61,36,17,62,13,6
6d5066b5bd2149e38de1cbdeb44bef9b_DNE_0_v2,b8184fe4-945b-42eb-91d5-ccbe8707e849_Feb_22__2026__9_09_23_AM.log,3.6.1,approve,,end,10,222,11,16,14,20,64,26,44,14,13
d41760ce437b423d89e38760b7d6deb2_DNE_0_v2,b82e34e2-7451-4126-ad90-5ed24d70b68e_Feb_18__2026__9_40_10_AM.log,3.6.1,approve,,end,10,215,33,18,14,21,29,18,41,14,27
16cb32cde157495b8b17fa388e6187ed_DNE_0_v2,b84d50f2-b7ad-479f-ba4e-bbc64bfd52c5_Feb_16__2026__6_04_06_PM.log,3.6.1,aborted,,end,3,37,37,,,,,,,,
b8d713c14fac4e5f8a2245bd855b41e5_DNE_0_v2,b869cd28-3c79-4430-aa60-593f4e420c51_Feb_16__2026__3_03_14_PM.log,3.6.1,approve,,end,10,234,32,20,20,36,18,27,56,14,11
d09155e2c399411aae06539955387b71_DNE_0_v2,b8db009e-3e7b-44ab-8d4f-8bcefb996aca_Feb_12__2026__2_42_21_PM.log,3.6.1,approve,,end,10,186,19,26,19,17,22,15,47,14,7
ce4661a8a55049ed9aa311eed0f6a381_DNE_0_v2,b936a8ed-891a-42ae-9088-d08b22eafa2e_Feb_22__2026__8_48_37_PM.log,3.6.1,approve,,end,10,401,66,55,69,53,34,17,45,13,49
5f3d80032f6a489d8403cbf209fb4faf_DNE_0_v2,b944a189-ca3e-4d8a-8e20-a112c6335ca7_Feb_9__2026__6_51_56_PM.log,3.6.1,aborted,,end,4,79,51,28,,,,,,,
2410f8a4c404483ab0d38d10100e01d5_DNE_0_v2,b94e506c-75c4-41a4-af81-aa8a77f1fa38_Mar_2__2026__1_44_45_PM.log,3.6.1,approve,,end,10,274,46,25,22,24,37,23,52,13,32
e7b8ea09e256492d9465fd3c13d839f6_DNE_0_v2,b992944e-4eba-4d33-9037-94b49da1a691_Feb_26__2026__3_12_05_PM.log,3.6.1,approve,,end,10,206,11,16,16,31,22,15,33,14,48
2b221821b38d48f2b5df8389201c1e8d_DNE_0_v2,b994d6c9-c799-491e-8382-0d43a4945f93_Feb_12__2026__2_59_42_PM.log,3.6.1,aborted,,end,4,47,24,23,,,,,,,
2b221821b38d48f2b5df8389201c1e8d_DNE_1_v2,b994d6c9-c799-491e-8382-0d43a4945f93_Feb_12__2026__3_01_13_PM.log,3.6.1,aborted,,end,4,47,24,23,,,,,,,
2b221821b38d48f2b5df8389201c1e8d_DNE_2_v2,b994d6c9-c799-491e-8382-0d43a4945f93_Feb_12__2026__3_02_28_PM.log,3.6.1,aborted,,end,4,47,24,23,,,,,,,
2b221821b38d48f2b5df8389201c1e8d_DNE_3_v2,b994d6c9-c799-491e-8382-0d43a4945f93_Feb_12__2026__3_04_36_PM.log,3.6.1,aborted,,end,4,47,24,23,,,,,,,
2b221821b38d48f2b5df8389201c1e8d_DNE_4_v2,b994d6c9-c799-491e-8382-0d43a4945f93_Feb_12__2026__3_09_42_PM.log,3.6.1,aborted,,end,4,47,24,23,,,,,,,
2a261872c9bb4016a8dd84988579a850_DNE_0_v2,b9e7390f-361f-49d8-bcae-62251c1fe381-1772201637_Mar_2__2026__10_13_25_AM.log,3.6.1,approve,,end,9,172,10,34,11,36,28,37,,,16
86db06be2eed44788e872cff7251f80c_DNE_0_v2,b9e7390f-361f-49d8-bcae-62251c1fe381_Feb_25__2026__5_06_31_PM.log,3.6.1,approve,,end,10,189,16,24,8,31,31,16,43,14,6
f4796cdf5b2f4e1a859934e74945a758_DNE_0_v2,b9ef2779-6c40-4667-954a-3088cc88e15e_Feb_26__2026__1_27_20_PM.log,3.6.1,approve,,end,10,281,64,24,18,27,35,20,59,13,21
956e15bd65e042d1ab6efd94cf6dc3fd_DNE_0_v2,ba035808-0688-4fe3-81a8-5ef82cc5d981_Mar_3__2026__4_05_40_PM.log,3.6.1,approve,,end,10,410,209,36,14,31,23,11,55,14,17
9d1969608ac84e99b8b6a7263e2c3433_DNE_0_v2,ba125d33-7277-4a27-9c06-366ad0b7c2f1_Feb_17__2026__11_43_21_AM.log,3.6.1,approve,,end,10,239,38,36,16,19,35,16,46,14,19
9b877871f0cf4d53a83341e50ab010af_DNE_0_v2,ba6f7962-2086-4b5d-9aee-48f9baae739c_Feb_19__2026__1_44_29_PM.log,3.6.1,approve,,end,10,277,37,31,15,24,40,18,61,13,38
fc0a12fd6807481aa80c6326ca788226_DNE_0_v2,ba813553-ddad-4d58-ad24-77eaafa8e372_Feb_5__2026__11_58_10_AM.log,3.6.1,approve,,end,10,222,31,25,21,33,31,17,41,14,9
6b4ff8c2e26f4270bd144de4c5df7b79_DNE_0_v2,bc005fd5-46fe-43b6-a067-6ccdbff276cf_Feb_23__2026__7_21_57_PM.log,3.6.1,approve,,end,10,209,36,37,11,18,22,18,48,13,6
0ebab5ff343142ce9fff2696f6f0162c_DNE_0_v2,bc3daa5d-432e-43b1-be37-4aedd24f0c9c-1770726848_Feb_16__2026__11_27_05_AM.log,3.6.1,approve,,end,10,248,19,38,67,21,26,23,32,14,8
1fbd0fdf68bb4c459c730960445c0b86_DNE_0_v2,bca3f723-18f6-4a49-adef-2038a86ea391-1769877255_Feb_9__2026__9_24_02_AM.log,3.6.1,aborted,,end,4,32,11,21,,,,,,,
bbfae489c9f74131a55c476562860fe1_DNE_0_v2,bd0f95bf-6b59-45a1-a6e3-cc3268ea7e18-1770116735_Feb_6__2026__10_39_26_AM.log,3.6.1,approve,,end,10,341,162,19,13,26,30,20,48,14,9
acfa203e75e84d05a654bc26ea88a8c3_DNE_0_v2,bdbaaba6-4415-403a-978f-d217b0c750d7_Feb_24__2026__4_52_39_PM.log,3.6.1,approve,,end,10,215,48,17,11,17,16,16,56,14,20
75857e66642b411f9f51a49f7a5067fd_DNE_0_v2,bdfc12f4-393c-45de-8faa-59847b1c6631_Feb_20__2026__2_57_29_PM.log,3.6.1,approve,,end,10,232,37,18,8,39,23,19,64,14,10
c1b2551375bc40e8b15e1b69d8258471_DNE_0_v2,bdfd689c-fb51-4eb6-b3ed-c5713f1f464f-1772014823_Feb_25__2026__1_45_15_PM.log,3.6.1,approve,,end,10,209,26,10,16,22,24,14,57,14,26
1ea3dd0378f145349908607727b27215_DNE_0_v2,bdfd689c-fb51-4eb6-b3ed-c5713f1f464f_Feb_24__2026__1_46_29_PM.log,3.6.1,aborted,,end,3,54,54,,,,,,,,
1ea3dd0378f145349908607727b27215_DNE_1_v2,bdfd689c-fb51-4eb6-b3ed-c5713f1f464f_Feb_24__2026__1_51_07_PM.log,3.6.1,approve,,end,10,338,54,96,11,24,21,68,50,14,
d018a0a5d6424d61afa1723282ddfc1f_DNE_0_v2,be577b33-d042-4afa-8651-0d0b9937dc3e-1771579221_Feb_23__2026__8_58_20_AM.log,3.6.1,approve,,end,10,192,7,29,9,24,15,16,48,13,31
9d2083c2f43e49a3abfb9e78efb81c59_DNE_0_v2,be577b33-d042-4afa-8651-0d0b9937dc3e_Feb_19__2026__3_48_07_PM.log,3.6.1,approve,,end,10,278,33,23,10,25,33,16,56,13,69
9bf130f207704321a7973b705dd84c92_DNE_2_v2,be725e71-0465-4258-b94a-05c7d67969dd-1772012663_Feb_27__2026__11_56_32_AM.log,3.6.1,approve,,end,10,276,21,13,9,68,43,21,57,18,26
efc8c8af19ba444d8fd24094a4190628_DNE_0_v2,bf4c7541-0f48-409f-8cb1-404abf143e03-1771325887_Feb_17__2026__5_44_10_PM.log,3.6.1,approve,,end,8,157,52,63,10,21,,,,,11
ba0545c0a34c4c3f87001838f0daa2b6_DNE_0_v2,bf4c7541-0f48-409f-8cb1-404abf143e03_Feb_16__2026__5_01_36_PM.log,3.6.1,approve,,end,9,177,18,23,69,21,20,14,,,12
633e0494bfc1408290e7ab148a9dd88b_DNE_0_v2,c00bee61-fc53-451e-ac1c-96d306191e95_Mar_3__2026__3_16_15_PM.log,3.6.1,approve,,end,10,859,654,12,70,15,21,12,45,13,17
79e6a70497ac4163a5d315609ad8cd40_DNE_0_v2,c0b4c826-7e81-4e2f-bd69-fb1f1429943a_Feb_16__2026__2_11_38_PM.log,3.6.1,approve,,end,10,275,84,30,11,28,27,21,46,13,15
af95f87f5a9440c5938191acc4158fa5_DNE_0_v2,c0ccbe0c-6292-4850-880d-f7aa68900d5e_Feb_18__2026__1_37_49_PM.log,3.6.1,approve,,end,10,328,59,48,34,17,70,16,60,14,10
af95f87f5a9440c5938191acc4158fa5_DNE_1_v2,c0ccbe0c-6292-4850-880d-f7aa68900d5e_Feb_18__2026__1_39_14_PM.log,3.6.1,approve,,end,10,328,59,48,34,17,70,16,60,14,10
b41daf92451742d3a9cd736c00416d05_DNE_0_v2,c0d3a3a9-6e58-40ec-88e6-75e9f85b81af_Feb_19__2026__1_20_35_PM.log,3.6.1,aborted,,end,4,187,163,24,,,,,,,
b41daf92451742d3a9cd736c00416d05_DNE_1_v2,c0d3a3a9-6e58-40ec-88e6-75e9f85b81af_Feb_19__2026__1_26_51_PM.log,3.6.1,approve,,end,10,578,163,24,199,23,86,27,43,13,
d5dad9a26c334ef19175a88fc5dd9e54_DNE_0_v2,c15f89f6-a7af-400c-87ad-7408473337ec_Feb_19__2026__1_39_51_PM.log,3.6.1,approve,,end,10,322,45,31,18,37,64,40,41,13,33
5ee7c68555554f1e801cad314bfa3ad9_DNE_0_v2,c18cc785-0801-460c-a03a-a4ca973ba553_Feb_17__2026__6_04_57_PM.log,3.6.1,approve,,end,8,79,12,22,10,27,,,,,8
99a09ae0f879410aad0dc372c950aa60_DNE_0_v2,c2bf3a52-cb8e-4209-9062-5639564c5684_Feb_10__2026__12_33_04_PM.log,3.6.1,aborted,,end,4,97,61,36,,,,,,,
5712bcf83c794e61aedad6e758b71383_DNE_0_v2,c2ca6f60-4ac3-485f-b44d-17dc3c6f4fd7_Feb_6__2026__9_37_42_AM.log,3.6.1,approve,,end,10,270,5,17,67,60,18,16,56,14,17
f46935c059f347e0afe65e86337f871f_DNE_0_v2,c32bfa0a-66cc-485a-b9f1-7f0ab49e0a1a_Feb_12__2026__8_50_05_AM.log,3.6.1,aborted,,end,3,170,170,,,,,,,,
f46935c059f347e0afe65e86337f871f_DNE_1_v2,c32bfa0a-66cc-485a-b9f1-7f0ab49e0a1a_Feb_12__2026__8_54_58_AM.log,3.6.1,aborted,,end,3,170,170,,,,,,,,
f46935c059f347e0afe65e86337f871f_DNE_2_v2,c32bfa0a-66cc-485a-b9f1-7f0ab49e0a1a_Feb_12__2026__9_01_08_AM.log,3.6.1,approve,,end,10,910,170,584,10,19,39,18,56,14,
255e706f893448c9ba04c1dcd765cb7f_DNE_0_v2,c395af23-a03b-480f-a1d5-5b6fd86fd307-1771588949_Feb_20__2026__1_10_02_PM.log,3.6.1,approve,,end,10,263,34,15,30,56,25,26,47,14,16
734869668ac040e2942703c4cfb7014f_DNE_0_v2,c4552107-3fdc-4fa5-9487-17cfc2de6d57_Feb_19__2026__8_43_06_AM.log,3.6.1,approve,,end,10,170,18,9,18,21,24,16,45,14,5
12bd0f7a6257488fbe859c8d290ede60_DNE_0_v2,c47be493-4d4d-4c51-90f6-3f5a68522944_Feb_25__2026__2_33_27_PM.log,3.6.1,approve,,end,10,260,20,16,68,28,24,15,37,14,38
c37b283d600249038cbd55bbf0c2fb6d_DNE_0_v2,c524ea80-9dbd-4e89-8559-a85a7b38d07d_Feb_12__2026__5_05_02_PM.log,3.6.1,approve,,end,10,218,35,25,11,13,15,15,51,13,40
4ec9746742c648e5a7f1353b87ae7043_DNE_0_v2,c57bd66b-b176-468d-9616-a20e66d08cd1_Feb_16__2026__9_42_39_AM.log,3.6.1,approve,,end,10,229,47,23,9,29,29,13,49,13,17
f0acdf44b8934e2caca29427738d2743_DNE_0_v2,c5ff519c-5a58-435b-a7fb-482ded085a9f_Feb_6__2026__10_01_03_AM.log,3.6.1,approve,,end,10,248,22,21,13,24,32,14,57,14,51
3c267ec0d3f248068c80bc78e9906bfb_DNE_0_v2,c66ad5d5-2854-4107-a700-1535ef4b2903_Feb_12__2026__1_58_08_PM.log,3.6.1,approve,,end,10,402,31,21,11,166,35,19,57,33,29
c44c1bb1cb6c4fb49b5be9dbe59c70ef_DNE_0_v2,c6bc06ea-cf36-4582-bc1b-657dc3deecf9_Feb_24__2026__10_51_54_AM.log,3.6.1,approve,,end,10,204,39,14,15,27,22,15,51,13,8
a28cfdbadb0e4fe19c5923f4ab5f827b_DNE_0_v2,c6d5a083-c17a-4e52-af2c-cec166b689e8_Feb_26__2026__2_55_55_PM.log,3.6.1,aborted,,end,8,215,74,37,26,30,30,18,,,
a28cfdbadb0e4fe19c5923f4ab5f827b_DNE_1_v2,c6d5a083-c17a-4e52-af2c-cec166b689e8_Feb_26__2026__3_00_56_PM.log,3.6.1,approve,,end,10,523,74,37,26,30,30,18,294,14,
632bf39319c9480e946d9d9e9e82f5e7_DNE_0_v2,c7e0d37e-7cd2-4b08-96c9-a9fee061f110_Feb_18__2026__7_09_42_PM.log,3.6.1,approve,,end,10,332,77,56,21,21,49,14,51,13,30
b9b7c33421714d2a9fbe13e5752afb39_DNE_0_v2,c7fe369f-6799-4ff2-b286-6028765b5f1e_Feb_24__2026__1_53_23_PM.log,3.6.1,approve,,end,10,226,25,16,36,18,32,21,46,13,19
485e4f9bca97473fab46fae7b6668623_DNE_0_v2,c88676b4-4eda-404e-a996-e31a5e5e0d71_Mar_3__2026__3_13_09_PM.log,3.6.1,approve,,end,10,316,39,26,71,31,43,24,48,14,20
f3056cec49cd4ce39d14486b52afcab6_DNE_0_v2,c89a1479-36d2-4cea-a59f-cf8f988a10d2_Feb_19__2026__1_45_03_PM.log,3.6.1,approve,,end,10,225,20,15,12,27,46,22,43,15,25
85ed39bbbab34e9e9b7f8cac6dfb1574_DNE_0_v2,c8a29b61-6411-4e4d-b99e-51dfa083b016_Mar_6__2026__11_39_16_AM.log,3.6.1,approve,,end,10,483,280,22,10,25,28,25,48,13,32
e1171268a45142fa9fabae56372046d8_DNE_0_v2,c8f78e1b-3dbd-4304-8b58-2d116a49e137_Feb_11__2026__1_20_58_AM.log,3.6.1,aborted,,end,3,11,11,,,,,,,,
e1171268a45142fa9fabae56372046d8_DNE_1_v2,c8f78e1b-3dbd-4304-8b58-2d116a49e137_Feb_11__2026__1_21_58_AM.log,3.6.1,aborted,,end,3,11,11,,,,,,,,
e1171268a45142fa9fabae56372046d8_DNE_2_v2,c8f78e1b-3dbd-4304-8b58-2d116a49e137_Feb_11__2026__1_24_09_AM.log,3.6.1,aborted,,end,3,11,11,,,,,,,,
254b1a0c59664940986da25dff6c60aa_DNE_0_v2,c97d9de4-8c73-407b-8966-ed211a76f7a3_Feb_18__2026__2_23_52_PM.log,3.6.1,approve,,end,10,304,27,19,67,18,24,14,57,14,64
5a8004dd56764d30b82a8ff64cc66c38_DNE_0_v2,c9ef1ef3-6f13-4341-bb74-1df1e8ca8e52-1770365160_Feb_6__2026__11_39_43_AM.log,3.6.1,reject,face_mismatch,end,6,132,19,17,71,25,,,,,
5a8004dd56764d30b82a8ff64cc66c38_DNE_1_v2,c9ef1ef3-6f13-4341-bb74-1df1e8ca8e52-1770365160_Feb_6__2026__11_44_25_AM.log,3.6.1,approve,face_mismatch,end,10,406,19,17,71,25,181,19,60,14,
8160a50b66514deb840958d2578e5670_DNE_0_v2,c9ef1ef3-6f13-4341-bb74-1df1e8ca8e52_Feb_5__2026__4_48_04_PM.log,3.6.1,approve,,end,10,637,293,25,55,64,53,22,57,14,54
b586f1773b33485a9496eb28d54a3182_DNE_0_v2,ca591b47-f6c3-4d7c-84c0-aa15024d8797_Feb_13__2026__11_24_45_PM.log,3.6.1,aborted,,end,4,68,48,20,,,,,,,
b586f1773b33485a9496eb28d54a3182_DNE_1_v2,ca591b47-f6c3-4d7c-84c0-aa15024d8797_Feb_13__2026__11_29_07_PM.log,3.6.1,approve,,end,10,329,48,20,94,33,38,34,48,14,
ef3153c446b649d2afd64422345121f7_DNE_0_v2,cac6f10f-ecda-4cb0-937f-2878cee9f62f_Feb_16__2026__5_33_04_PM.log,3.6.1,approve,,end,10,282,32,41,16,20,63,18,52,14,26
5dadb644a35943b3b70e6f209b80dac9_DNE_0_v2,cb05b12a-3c79-45b2-b442-ad1294d6cf4f_Feb_24__2026__3_08_05_PM.log,3.6.1,approve,,end,10,234,34,33,28,21,22,16,47,13,20
53e0811141114de3905cafa9911acebf_DNE_0_v2,cb542bd7-6b4e-4b45-b980-566eecac7d66_Feb_17__2026__10_59_15_AM.log,3.6.1,approve,,end,10,447,302,29,7,14,25,12,33,14,11
0d3aa03bf61c433faa716ff628180934_DNE_0_v2,cb592676-8605-4c45-97b8-8c0400e59477_Feb_23__2026__10_02_08_AM.log,3.6.1,unknown,,idFront,5,112,68,16,10,18,,,,,
0d3aa03bf61c433faa716ff628180934_DNE_1_v2,cb592676-8605-4c45-97b8-8c0400e59477_Feb_23__2026__10_06_28_AM.log,3.6.1,approve,,end,10,427,68,16,10,18,185,50,56,14,10
d6086924b39e454cbbd3e8dac1594deb_DNE_0_v2,cbf285f7-efff-4598-b8fd-4df01f88a282_Feb_17__2026__9_20_05_AM.log,3.6.1,aborted,,end,4,230,208,22,,,,,,,
d6086924b39e454cbbd3e8dac1594deb_DNE_1_v2,cbf285f7-efff-4598-b8fd-4df01f88a282_Feb_17__2026__9_24_40_AM.log,3.6.1,approve,,end,10,753,208,22,372,47,34,15,42,13,
9a29dd95893f4b7f9ffd36928b076891_DNE_0_v2,cc43b5c6-f0e9-439d-a032-6e4f0c1779a4-1772026360_Feb_25__2026__2_40_12_PM.log,3.6.1,aborted,,end,3,14,14,,,,,,,,
9a29dd95893f4b7f9ffd36928b076891_DNE_1_v2,cc43b5c6-f0e9-439d-a032-6e4f0c1779a4-1772026360_Feb_25__2026__2_43_10_PM.log,3.6.1,approve,,end,10,217,14,71,6,17,30,10,55,14,
3d841c2cc3954573821895854207ae1c_DNE_0_v2,cc9924cc-1f9f-4905-9d3e-9882d7505be0_Feb_20__2026__9_31_54_AM.log,3.6.1,approve,,end,10,249,26,25,13,35,22,17,58,13,40
be720cf3d89542849041e16f9d921633_DNE_0_v2,cca99ff1-3bc2-46d3-a984-e401de8c32bf_Feb_23__2026__9_55_28_AM.log,3.6.1,approve,,end,10,268,29,26,11,18,40,29,52,14,49
01451ac66c7c4f6b879e5c976c4f550e_DNE_0_v2,cce00f17-6d7c-4ad0-859a-8b451ec05485_Feb_26__2026__11_29_45_AM.log,3.6.1,approve,,end,10,351,97,64,20,33,21,17,60,14,25
9689c7424f1d49e2a3170c61261925e1_DNE_0_v2,ccfbf83a-61c5-4000-ae76-3b75ef5f6457_Feb_17__2026__3_52_20_PM.log,3.6.1,aborted,,end,4,69,16,53,,,,,,,
9689c7424f1d49e2a3170c61261925e1_DNE_1_v2,ccfbf83a-61c5-4000-ae76-3b75ef5f6457_Feb_17__2026__4_05_56_PM.log,3.6.1,aborted,,end,4,69,16,53,,,,,,,
ac4c10fee86d456cb7890ec096e2cb7f_DNE_0_v2,cd85be55-8823-4fc0-a698-b43112fcba87-1772189855_Feb_27__2026__12_07_53_PM.log,3.6.1,approve,,end,10,299,24,32,68,29,26,23,47,14,36
9286131b7efd45b298dc524a84638af3_DNE_0_v2,cd9f56ae-20a3-4efd-8b01-1bfbdefca6bf-1770711544_Feb_12__2026__1_04_30_PM.log,3.6.1,reject,no-more-photo-candidate-allowed,end,6,100,29,27,23,21,,,,,
9286131b7efd45b298dc524a84638af3_DNE_2_v2,cd9f56ae-20a3-4efd-8b01-1bfbdefca6bf-1770711544_Feb_12__2026__1_07_11_PM.log,3.6.1,reject,no-more-photo-candidate-allowed,end,6,100,29,27,23,21,,,,,
9286131b7efd45b298dc524a84638af3_DNE_4_v2,cd9f56ae-20a3-4efd-8b01-1bfbdefca6bf-1770711544_Feb_12__2026__1_10_03_PM.log,3.6.1,reject,no-more-photo-candidate-allowed,end,6,100,29,27,23,21,,,,,
bebc4d85f818456a8c9c86f1edc531cd_DNE_0_v2,cd9f56ae-20a3-4efd-8b01-1bfbdefca6bf-1770898484_Feb_12__2026__1_21_28_PM.log,3.6.1,approve,,end,10,274,7,28,74,38,23,13,45,15,31
ba17bf041a5c417ebb0797eed3518b40_DNE_0_v2,cdd6282b-7e4a-4c22-adc7-31d11ad7daea_Feb_23__2026__4_04_04_PM.log,3.6.1,approve,,end,10,1319,842,82,117,26,109,14,55,43,31
f994ce9d098642a3a87496ea4436d81a_DNE_0_v2,cdfac612-b4c7-44b6-a13c-de39f6b0d76f-1770623756_Feb_19__2026__11_17_59_AM.log,3.6.1,approve,,end,10,227,47,17,15,32,36,14,42,13,11
005ab3f9997640438b226ce93662d8e9_DNE_0_v2,ce190769-fdf5-455d-ad97-38c260682c4e-1771336291_Feb_17__2026__5_47_57_PM.log,3.6.1,approve,,end,8,114,22,35,24,16,,,,,17
fdf538dff54742d5a0040e8495b24b8c_DNE_0_v2,ce65aeac-e88a-4217-8fc2-64e200877e78_Feb_26__2026__4_04_56_PM.log,3.6.1,aborted,,end,4,59,41,18,,,,,,,
aaaaa2fe05e14f92a4bbb79ee47b44f5_DNE_0_v2,ce8d4623-441f-4bfb-8a34-aa3c72c06d08-1771938508_Feb_24__2026__3_31_25_PM.log,3.6.1,approve,,end,9,152,26,29,9,31,21,16,,,20
6bf303c740df4d33837cc3d857fe3a5b_DNE_0_v2,cf3db9e3-b1dd-4145-8d87-f00f64e16024_Mar_3__2026__1_02_07_PM.log,3.6.1,approve,,end,10,314,81,22,17,29,34,20,58,13,40
4f1a67d7208843cdaf291bd1dacfeee8_DNE_0_v2,d00bfcf6-73ea-49e0-9882-f486c2f4ee02_Mar_3__2026__11_03_25_AM.log,3.6.1,approve,,end,10,183,9,27,24,11,32,13,47,14,6
5bce5210ffa6461599e367cf99ca1937_DNE_0_v2,d0d00408-9b7a-4b2c-82bd-0c78e775b5fb_Feb_19__2026__9_57_00_PM.log,3.6.1,approve,,end,10,201,9,17,10,24,30,14,48,14,35
731a16b674fc4ee2bc60f17c9ba0b371_DNE_0_v2,d1686226-3122-4398-92a0-e2fd2058b806_Feb_26__2026__3_37_30_PM.log,3.6.1,aborted,,end,4,51,37,14,,,,,,,
731a16b674fc4ee2bc60f17c9ba0b371_DNE_1_v2,d1686226-3122-4398-92a0-e2fd2058b806_Feb_26__2026__3_41_08_PM.log,3.6.1,approve,,end,10,324,37,14,134,25,26,17,58,13,
ef0c7a3e43544c29a0cd3c3b8758bcc0_DNE_0_v2,d16907e2-e987-4afc-8baf-81d60f8d98d6_Feb_19__2026__3_32_14_PM.log,3.6.1,approve,,end,10,222,32,29,9,23,18,27,55,14,15
588ab28645ca4635b04e740d69baa4d3_DNE_0_v2,d2117941-a645-4556-999c-4362b8c7138d-1772532537_Mar_3__2026__11_33_31_AM.log,3.6.1,approve,,end,10,348,58,11,36,19,101,29,56,14,24
86e43125f372478e87f61979d5e3fbf2_DNE_0_v2,d2117941-a645-4556-999c-4362b8c7138d_Mar_3__2026__9_20_31_AM.log,3.6.1,approve,,end,10,366,82,31,59,19,27,57,51,14,26
51c9750b24b44213842886d3b6d8a5cf_DNE_0_v2,d267dc6d-96b8-4aa7-bf68-c463281d68d5_Feb_27__2026__9_27_42_AM.log,3.6.1,approve,,end,10,202,29,23,11,24,24,13,50,14,14
af08ebdd7aa342f9b657b1f24ca0bb3b_DNE_0_v2,d2a0f669-d980-4782-af8e-bbb4b44a3f86_Feb_24__2026__10_28_38_AM.log,3.6.1,approve,,end,10,280,33,24,67,32,24,16,55,13,16
7b8d5328ce5d4fae954945ea793c5928_DNE_0_v2,d2f8a5f0-56d7-4b88-9497-bf109cc48284_Feb_19__2026__10_24_57_AM.log,3.6.1,approve,,end,10,321,25,51,73,27,18,17,68,14,28
535965f82039497cb9c747c533ec2a1a_DNE_2_v2,d3dc3980-29d1-4710-a7b3-c549a01edb59-1772615911_Mar_4__2026__11_08_56_AM.log,3.6.1,approve,,end,10,232,17,32,15,21,43,15,57,15,17
66ae3fd734dc4c79a6ccf8e59a6220f7_DNE_0_v2,d4098b23-4b30-4973-bedd-5eb78ae27ce1-1771594027_Feb_20__2026__2_35_49_PM.log,3.6.1,approve,,end,9,107,6,27,13,16,24,11,,,10
a26ebfc9d0ee454f933e2415799d4b5a_DNE_0_v2,d4098b23-4b30-4973-bedd-5eb78ae27ce1_Feb_19__2026__6_27_27_PM.log,3.6.1,approve,,end,10,284,12,19,13,22,51,10,56,13,88
92d4426d946241fd9775340870bb26bb_DNE_0_v2,d4569a4d-fea8-4120-bd27-977906384469_Feb_12__2026__5_05_49_PM.log,3.6.1,approve,,end,10,193,10,12,13,35,29,21,50,13,10
11e25a67a7c5466db66a71e038146822_DNE_0_v2,d4c32a6c-a30d-4871-be1b-96896b1e2062_Feb_23__2026__2_48_25_PM.log,3.6.1,approve,,end,10,281,27,20,40,28,23,18,51,14,60
314c014a66ba4390bdad2605fe544d85_DNE_0_v2,d57d70d5-4635-43e7-b5c8-6b47a5c143f1_Feb_26__2026__11_04_48_AM.log,3.6.1,aborted,,end,5,87,20,23,44,,,,,,
314c014a66ba4390bdad2605fe544d85_DNE_1_v2,d57d70d5-4635-43e7-b5c8-6b47a5c143f1_Feb_26__2026__11_10_14_AM.log,3.6.1,approve,,end,10,339,20,23,44,112,48,31,47,14,
7c8fc296303c4d249b011fd0a10bfc12_DNE_0_v2,d5da8775-208a-4bd0-bce4-937b361caffb_Feb_19__2026__1_00_50_PM.log,3.6.1,unknown,,start,0,0,,,,,,,,,
7c8fc296303c4d249b011fd0a10bfc12_DNE_1_v2,d5da8775-208a-4bd0-bce4-937b361caffb_Feb_19__2026__1_02_40_PM.log,3.6.1,unknown,,voice-liveness-check,2,23,23,,,,,,,,
3d70735564b74fe688dc13cffb660045_DNE_0_v2,d68f6012-09ec-4c5b-87bb-2b7a8ff629c9_Feb_17__2026__11_20_56_AM.log,3.6.1,approve,,end,10,315,46,29,80,25,31,24,46,14,20
d002b0e38cd447e6b674816423de4665_DNE_0_v2,d6d42acb-7a17-457a-8814-1e0af02d009d_Feb_24__2026__8_17_15_AM.log,3.6.1,approve,,end,10,148,11,9,14,11,12,16,52,14,9
93d91d797cc943e482e8b6065ae601d7_DNE_0_v2,d6f8b60b-3d11-4e60-92fa-02b006e486cb_Feb_16__2026__3_30_04_PM.log,3.6.1,approve,,end,10,301,44,36,69,24,22,17,55,14,20
649d77ce4fd341cc9e7248f69c50993b_DNE_0_v2,d74aa3bd-5140-4eff-893f-8004c47c3671_Feb_17__2026__11_46_47_AM.log,3.6.1,approve,,end,10,192,23,16,15,34,13,13,45,14,19
f47a5019fd4240f8a4f0f4841245eca6_DNE_0_v2,d751cf5d-1179-46be-8cd4-a116e6350eca-1770971302_Feb_13__2026__2_48_17_PM.log,3.6.1,approve,,end,10,325,76,17,81,25,23,16,44,14,29
7f973121072645ff82bff695d31bcb0f_DNE_0_v2,d79440bc-9c42-404b-8737-6932ca992aa5_Feb_6__2026__11_26_48_AM.log,3.6.1,aborted,,end,4,65,28,37,,,,,,,
7f973121072645ff82bff695d31bcb0f_DNE_1_v2,d79440bc-9c42-404b-8737-6932ca992aa5_Feb_6__2026__11_31_27_AM.log,3.6.1,approve,,end,10,350,28,37,177,16,15,17,47,13,
dffef8d6d5674f65a357ea768a08064f_DNE_0_v2,d8244aaa-f4aa-44b0-bc87-c1bde4562ae7_Feb_13__2026__12_22_35_PM.log,3.6.1,aborted,,end,3,0,,,,,,,,,
dffef8d6d5674f65a357ea768a08064f_DNE_1_v2,d8244aaa-f4aa-44b0-bc87-c1bde4562ae7_Feb_13__2026__12_24_20_PM.log,3.6.1,aborted,,end,5,53,32,21,,,,,,,
dffef8d6d5674f65a357ea768a08064f_DNE_2_v2,d8244aaa-f4aa-44b0-bc87-c1bde4562ae7_Feb_13__2026__12_28_57_PM.log,3.6.1,approve,,end,10,660,32,21,199,18,19,17,,354,
4b96868c63d64d37ad7c46b51988fe21_DNE_0_v2,d8503956-30ef-4cbb-8397-1ed4dfd6e57d_Feb_23__2026__10_31_51_AM.log,3.6.1,approve,,end,10,333,27,50,14,39,33,17,48,14,91
d2603546945444d6a8c798c8c1d44580_DNE_0_v2,d87d02ea-d141-4ecb-bb19-1325eb1fb78d_Feb_17__2026__9_09_39_AM.log,3.6.1,aborted,,end,9,148,21,13,19,23,16,11,45,,
bdbcd352c13c4751b8339bcdfb6205ca_DNE_0_v2,d87d02ea-d141-4ecb-bb19-1325eb1fb78d_Feb_17__2026__9_16_52_AM.log,3.6.1,approve,,end,10,144,16,6,12,13,16,14,45,13,9
36c531e23b0342d39b170b686b586198_DNE_0_v2,d9080cb5-28e9-4d58-8ee8-254b676d5802_Feb_16__2026__4_44_58_PM.log,3.6.1,approve,,end,10,293,27,45,13,43,36,12,57,13,47
d4660e9d39c34683adfda0ab5662f9f4_DNE_0_v2,d9a91330-b9b2-4962-a93c-5609ecf5a51a_Mar_3__2026__12_08_46_PM.log,3.6.1,approve,,end,10,287,107,22,12,30,18,16,59,14,9
a7992ba1f26a458ba8c53dfc70b0a80c_DNE_0_v2,d9b2b223-44d6-437d-8c54-fcfcf5e74e53-1772531594_Mar_5__2026__8_38_26_AM.log,3.6.1,approve,,end,10,266,23,15,16,26,53,46,56,14,17
90255e36b7c34d138d636a111b8bcd23_DNE_0_v2,d9b2b223-44d6-437d-8c54-fcfcf5e74e53_Mar_3__2026__8_55_43_AM.log,3.6.1,aborted,,end,8,163,33,36,25,26,26,17,,,
90255e36b7c34d138d636a111b8bcd23_DNE_1_v2,d9b2b223-44d6-437d-8c54-fcfcf5e74e53_Mar_3__2026__9_00_27_AM.log,3.6.1,aborted,,end,8,163,33,36,25,26,26,17,,,
90255e36b7c34d138d636a111b8bcd23_DNE_2_v2,d9b2b223-44d6-437d-8c54-fcfcf5e74e53_Mar_3__2026__9_05_26_AM.log,3.6.1,approve,,end,10,753,33,36,25,26,26,17,576,14,
e1162e8d960e4f7bb1100755a5bb25fe_DNE_0_v2,d9bbdd5c-d411-4479-91d6-0bd4f2b2ae06-1770823258_Feb_11__2026__6_28_32_PM.log,3.6.1,aborted,,end,4,444,19,425,,,,,,,
e1162e8d960e4f7bb1100755a5bb25fe_DNE_1_v2,d9bbdd5c-d411-4479-91d6-0bd4f2b2ae06-1770823258_Feb_11__2026__6_40_06_PM.log,3.6.1,aborted,,end,4,444,19,425,,,,,,,
02efa0bc88c0468bb0a6936a25039652_DNE_0_v2,d9c38477-bc89-4aab-a28b-0c5df2c76df1_Feb_7__2026__7_08_52_AM.log,3.6.1,reject,no-more-photo-candidate-allowed,end,6,137,61,33,15,28,,,,,
02efa0bc88c0468bb0a6936a25039652_DNE_1_v2,d9c38477-bc89-4aab-a28b-0c5df2c76df1_Feb_7__2026__7_13_31_AM.log,3.6.1,approve,no-more-photo-candidate-allowed,end,10,523,61,33,15,28,307,15,50,14,
9ca68511665f465d9eacda6ae54519c4_DNE_0_v2,d9e23688-de25-4261-8c56-d51a1d5d92b7_Feb_10__2026__1_50_55_PM.log,3.6.1,aborted,,end,9,212,24,30,16,28,38,33,43,,
9ca68511665f465d9eacda6ae54519c4_DNE_1_v2,d9e23688-de25-4261-8c56-d51a1d5d92b7_Feb_10__2026__1_55_12_PM.log,3.6.1,aborted,,end,9,212,24,30,16,28,38,33,43,,
3f0348b21f894134b9c2b98cfa534540_DNE_0_v2,d9e94f3a-ef89-4b38-b1d8-777e18d1fc0f_Feb_17__2026__10_43_02_AM.log,3.6.1,approve,,end,10,179,20,9,17,20,21,16,45,14,17
ba469e04feef4fb88162df688dfdfebc_DNE_0_v2,da80e5ca-b045-43a1-9cda-737ecedda1f5_Feb_16__2026__9_06_16_AM.log,3.6.1,approve,,end,10,307,33,133,11,20,30,12,47,14,7
87c54e37b9574b68adc6f9dc12848e35_DNE_0_v2,da9ce603-5620-4b6d-be80-18f5e2b7514e_Feb_25__2026__4_00_37_PM.log,3.6.1,aborted,,end,4,51,28,23,,,,,,,
87c54e37b9574b68adc6f9dc12848e35_DNE_1_v2,da9ce603-5620-4b6d-be80-18f5e2b7514e_Feb_25__2026__4_02_36_PM.log,3.6.1,aborted,,end,4,51,28,23,,,,,,,
87c54e37b9574b68adc6f9dc12848e35_DNE_2_v2,da9ce603-5620-4b6d-be80-18f5e2b7514e_Feb_25__2026__4_03_40_PM.log,3.6.1,aborted,,end,4,51,28,23,,,,,,,
ff89f7b0c0b04e1f9cf21a0919b5e2a7_DNE_0_v2,da9ce603-5620-4b6d-be80-18f5e2b7514e_Feb_25__2026__4_08_48_PM.log,3.6.1,reject,no-more-photo-candidate-allowed,end,6,90,18,14,9,49,,,,,
ff89f7b0c0b04e1f9cf21a0919b5e2a7_DNE_1_v2,da9ce603-5620-4b6d-be80-18f5e2b7514e_Feb_25__2026__4_13_32_PM.log,3.6.1,approve,no-more-photo-candidate-allowed,end,10,432,18,14,9,49,255,17,56,14,
63418fc5ca1a47ea9c3bbd224a355392_DNE_1_v2,dadc7665-c7b1-4103-a8f2-a3edbc4c4ccb_Feb_10__2026__8_43_36_AM.log,3.6.1,aborted,,end,1,0,,,,,,,,,
63418fc5ca1a47ea9c3bbd224a355392_DNE_2_v2,dadc7665-c7b1-4103-a8f2-a3edbc4c4ccb_Feb_10__2026__8_47_59_AM.log,3.6.1,aborted,,end,5,72,16,35,21,,,,,,
63418fc5ca1a47ea9c3bbd224a355392_DNE_3_v2,dadc7665-c7b1-4103-a8f2-a3edbc4c4ccb_Feb_10__2026__8_54_18_AM.log,3.6.1,aborted,,end,5,72,16,35,21,,,,,,
b3b5bc6056854abeaefee50ee68d6709_DNE_0_v2,dae45f25-9869-46b3-a1b5-d0d93aedc66a_Feb_17__2026__8_53_33_AM.log,3.6.1,aborted,,end,3,37,37,,,,,,,,
b3b5bc6056854abeaefee50ee68d6709_DNE_1_v2,dae45f25-9869-46b3-a1b5-d0d93aedc66a_Feb_17__2026__8_57_02_AM.log,3.6.1,approve,,end,10,294,37,108,14,25,32,14,50,14,
fc0d4ba7e4be4af481e916e5fd7cfafb_DNE_0_v2,db16aca2-0949-41c0-b451-2e4b8f8d0eb7_Feb_24__2026__9_11_35_AM.log,3.6.1,approve,,end,10,210,19,26,10,37,22,15,48,13,20
cce41ed126004cd3b78943c3f46e153b_DNE_1_v2,db266db6-bd12-406d-93f7-e240ca4147f9-1772194876_Feb_27__2026__3_20_02_PM.log,3.6.1,reject,no-more-photo-candidate-allowed,end,6,93,14,26,21,32,,,,,
cce41ed126004cd3b78943c3f46e153b_DNE_2_v2,db266db6-bd12-406d-93f7-e240ca4147f9-1772194876_Feb_27__2026__3_23_13_PM.log,3.6.1,approve,no-more-photo-candidate-allowed,end,8,93,14,26,21,32,,,,,
dd760ecf5af94a419b86274313e53c1c_DNE_0_v2,db33f561-916b-449f-8590-e1ac455a0e98_Feb_12__2026__2_52_29_PM.log,3.6.1,approve,,end,10,553,255,46,67,38,38,19,51,13,26
2b056d4322724a1898c3d16401e5c2cf_DNE_0_v2,db3708d0-87c0-4e2a-967e-34e5c19cf6c2_Feb_18__2026__2_49_38_PM.log,3.6.1,approve,,end,10,371,17,64,74,23,37,17,61,13,65
88ec0f111e494f22a3a728b34968585d_DNE_1_v2,db3f0cfc-8e7f-4fde-9e40-a94d85b4cc7f-1771936085_Feb_24__2026__2_25_47_PM.log,3.6.1,approve,,end,10,524,18,20,336,20,20,15,57,14,24
dca3f710c7464aaf9e34fb54b8db0950_DNE_0_v2,db3f0cfc-8e7f-4fde-9e40-a94d85b4cc7f_Feb_24__2026__1_10_39_PM.log,3.6.1,unknown,,twoFactor,9,226,30,31,62,25,21,16,28,13,
f5d1bf623ded4522a51d6b5c80d008c0_DNE_0_v2,db52a933-6fef-43b4-9b60-09e10e2b2f9b_Feb_7__2026__6_47_53_PM.log,3.6.1,unknown,,voice-liveness-check,2,33,33,,,,,,,,
f5d1bf623ded4522a51d6b5c80d008c0_DNE_1_v2,db52a933-6fef-43b4-9b60-09e10e2b2f9b_Feb_7__2026__6_54_39_PM.log,3.6.1,unknown,,voice-liveness-check,2,33,33,,,,,,,,
731b0656ec5b46b0bf21ce4834ccd8aa_DNE_0_v2,dbff0731-373c-4f9c-bf98-b624ecf4a1be_Feb_23__2026__10_35_49_AM.log,3.6.1,approve,,end,10,175,18,23,6,30,19,13,46,13,7
3c2c47711af2450ea7c4fcf4d2c91cf1_DNE_0_v2,dc6a647a-12a3-4c74-ab87-3b4d99654ec5_Mar_2__2026__4_19_40_PM.log,3.6.1,approve,,end,10,234,19,12,33,25,20,31,57,14,23
533b1018990e46f693912ae754aadb93_DNE_0_v2,dd683d69-a43a-44dd-a69e-6936adfb0e3c-1771936722_Feb_24__2026__1_55_09_PM.log,3.6.1,approve,,end,10,244,19,30,15,38,21,31,56,21,13
be48f4d6a1cb491486eb95163b6c1b24_DNE_0_v2,ddb878bf-f1ba-44af-9380-1a843d5e3963_Feb_20__2026__12_32_52_PM.log,3.6.1,approve,,end,10,358,34,24,19,21,112,29,56,14,49
4dca97b082a8497da955601cc19a3627_DNE_0_v2,ddc039e4-d8c1-48ab-be99-8483421fa84c_Feb_12__2026__12_48_30_PM.log,3.6.1,aborted,,end,3,9,9,,,,,,,,
7e99e7bb39fd421caa35c35e15e452b1_DNE_0_v2,ddc039e4-d8c1-48ab-be99-8483421fa84c_Feb_12__2026__12_53_26_PM.log,3.6.1,approve,,end,10,229,8,10,15,29,52,26,56,14,19
c95c1d38671d4ea8aaad933c3a55fb1b_DNE_0_v2,ddc50411-a29c-4ad0-8ca6-e703f23772f9-1770623512_Feb_17__2026__6_13_59_PM.log,3.6.1,aborted,,end,5,105,20,17,68,,,,,,
c95c1d38671d4ea8aaad933c3a55fb1b_DNE_1_v2,ddc50411-a29c-4ad0-8ca6-e703f23772f9-1770623512_Feb_17__2026__6_19_07_PM.log,3.6.1,approve,,end,10,451,20,17,68,194,67,16,56,13,
d14659095db84e14b304826e4e15ec3c_DNE_0_v2,de6546c9-32ee-4d04-ac11-70f250d44ce8_Feb_18__2026__2_27_17_PM.log,3.6.1,aborted,,end,3,22,22,,,,,,,,
d14659095db84e14b304826e4e15ec3c_DNE_1_v2,de6546c9-32ee-4d04-ac11-70f250d44ce8_Feb_18__2026__2_30_19_PM.log,3.6.1,approve,,end,10,330,22,177,17,17,30,15,38,14,
89efee59d3ef4c98bb35471becf9efd2_DNE_0_v2,debaf6a7-9f68-4378-8d2e-870a6c6c4c5b_Feb_25__2026__4_45_06_PM.log,3.6.1,approve,,end,10,296,23,14,70,59,34,15,41,14,26
d72e68d2890b48adb13afe13a050b283_DNE_0_v2,ded7b3e7-3e0a-481c-a01a-e30a36b5d09a-1771400910_Feb_22__2026__6_23_56_PM.log,3.6.1,aborted,,end,3,48,48,,,,,,,,
d72e68d2890b48adb13afe13a050b283_DNE_1_v2,ded7b3e7-3e0a-481c-a01a-e30a36b5d09a-1771400910_Feb_22__2026__6_27_33_PM.log,3.6.1,approve,,end,10,290,48,81,27,32,24,17,47,14,
e663062b2dcb45d98cb427d714160421_DNE_0_v2,ded7b3e7-3e0a-481c-a01a-e30a36b5d09a-1771860172_Feb_24__2026__11_04_43_AM.log,3.6.1,approve,,end,10,321,10,50,70,42,35,26,50,18,20
eb38e7f1665a4d9bbe2a053da3445a1e_DNE_0_v2,ded7b3e7-3e0a-481c-a01a-e30a36b5d09a_Feb_17__2026__5_01_00_PM.log,3.6.1,approve,,end,10,283,17,26,68,33,43,15,49,14,18
b86512e6eeee44ef80749dfb526d0694_DNE_0_v2,deda1eb1-a97c-40f5-ac5f-39e675226770_Feb_20__2026__2_46_03_PM.log,3.6.1,approve,,end,10,236,22,15,70,15,16,14,52,14,18
789530a3899f4202bebb7a5ab65dc422_DNE_0_v2,defbc5e2-9b70-4f08-b126-db7908b3150e-1772799688_Mar_6__2026__1_31_13_PM.log,3.6.1,approve,,end,10,198,11,8,13,21,22,13,58,14,38
7d6deff532f84a2c9a00e8c52932430c_DNE_1_v2,defbc5e2-9b70-4f08-b126-db7908b3150e_Mar_6__2026__10_16_35_AM.log,3.6.1,approve,,end,10,259,16,8,8,121,19,16,57,14,
8bbe1400d16440f48ec71c016eef1701_DNE_0_v2,df1bc233-11ff-4e21-a10c-c0b44c2cf29e_Mar_4__2026__3_27_29_PM.log,3.6.1,approve,,end,10,210,31,29,14,28,18,16,44,14,16
545ce950b150473783a43fa04e2a9fd9_DNE_0_v2,df5df912-1efc-49da-ac07-724ac11427ec-1771399490_Feb_18__2026__7_08_37_PM.log,3.6.1,approve,,end,9,138,28,22,9,18,17,20,,,24
f169cafabf784333800ea0f882ea1611_DNE_0_v2,dfc6ac29-f706-44d7-ae43-3ba354ccacb8_Feb_19__2026__11_00_48_AM.log,3.6.1,approve,,end,10,237,40,14,71,14,17,17,44,13,7
b9c2505e0c4c43209bf5c171235a4c56_DNE_0_v2,dfe01ec8-aa9c-4d6d-bc3d-33b091a319ea-1770800547_Feb_19__2026__12_26_06_PM.log,3.6.1,aborted,,end,4,37,16,21,,,,,,,
b9c2505e0c4c43209bf5c171235a4c56_DNE_1_v2,dfe01ec8-aa9c-4d6d-bc3d-33b091a319ea-1770800547_Feb_19__2026__12_27_12_PM.log,3.6.1,aborted,,end,5,118,16,21,81,,,,,,
b9c2505e0c4c43209bf5c171235a4c56_DNE_2_v2,dfe01ec8-aa9c-4d6d-bc3d-33b091a319ea-1770800547_Feb_19__2026__12_29_45_PM.log,3.6.1,approve,,end,10,268,16,21,81,54,21,14,48,13,
a0e0ce163dd34f5081ab9bdfb58ad045_DNE_0_v2,e0564f7c-a303-4725-9b12-2417125a4cff-1770884268_Feb_18__2026__2_09_06_PM.log,3.6.1,approve,,end,10,246,18,18,67,14,27,18,55,13,16
8e182105385a44a7aaf40a4996f9fda9_DNE_0_v2,e06a5a41-f1c4-4879-b571-e6a302132e74_Feb_17__2026__4_28_05_PM.log,3.6.1,unknown,,twoFactor,9,232,14,29,68,20,25,19,43,14,
2f443c9bf5724b9fb05360beeabc94e9_DNE_0_v2,e0cac374-ee63-4d71-a52b-91479c664ac9_Feb_19__2026__10_14_59_AM.log,3.6.1,reject,no-more-photo-candidate-allowed,end,6,194,33,41,72,48,,,,,
2f443c9bf5724b9fb05360beeabc94e9_DNE_1_v2,e0cac374-ee63-4d71-a52b-91479c664ac9_Feb_19__2026__10_20_11_AM.log,3.6.1,approve,no-more-photo-candidate-allowed,end,10,578,33,41,72,48,300,21,49,14,
c2ec441d45ee4ef890e41de972a1b5cb_DNE_0_v2,e16aa4cd-f5c8-415a-9d47-716f7c6c26e9_Feb_9__2026__2_18_50_PM.log,3.6.1,aborted,,end,4,41,24,17,,,,,,,
84bcfde15069465f9d765096f7ba382e_DNE_0_v2,e174d819-fc3a-4fd2-b55d-11af2bec0ea8_Feb_26__2026__10_03_47_AM.log,3.6.1,approve,,end,10,222,58,24,10,17,17,13,42,14,27
b70a1518c80a4892b53fcc3b363ede58_DNE_0_v2,e18d9aa5-dec1-46f8-ae0e-cd95f8dfb1e3_Feb_26__2026__10_08_51_AM.log,3.6.1,aborted,,end,4,66,25,41,,,,,,,
b720d76ecd674e42a24f7b95618b7a63_DNE_0_v2,e18d9aa5-dec1-46f8-ae0e-cd95f8dfb1e3_Feb_26__2026__10_15_15_AM.log,3.6.1,approve,,end,10,305,18,13,77,33,31,25,49,18,41
ea161c8a0f1746b7bb061337a70897ec_DNE_0_v2,e2508b19-73c8-4167-bd63-f51cb0ecb0b2_Mar_2__2026__7_27_19_PM.log,3.6.1,approve,,end,10,192,23,18,12,17,16,16,48,13,29
376170b8752c44b6bcd4fb9b1b7934e3_DNE_0_v2,e34aea86-ecb2-4ba5-b133-2f188c5856ad_Feb_25__2026__11_35_13_AM.log,3.6.1,approve,,end,10,823,584,35,71,28,16,20,45,14,10
a036790cf23c44acad043375aa10cc8b_DNE_0_v2,e39e932b-52a5-4c98-a674-38502c97f9ee_Mar_3__2026__1_32_04_PM.log,3.6.1,approve,,end,10,250,33,23,39,31,34,14,40,14,22
ad439378b9a848dbbbd7a39bcc8ec575_DNE_0_v2,e3c4e78a-4246-406c-bc31-be56fe055957-1770904334_Feb_12__2026__3_32_24_PM.log,3.6.1,approve,,end,10,182,35,30,7,17,22,17,26,14,14
fcb2e0b249fc46d5b62cb411ec0be15d_DNE_0_v2,e3d0862d-9c14-4343-8dff-78c6deffbb0e_Feb_5__2026__11_50_29_AM.log,3.6.1,aborted,,end,9,161,25,26,6,17,24,15,48,,
5257afa33d614959b1469dba6d71122d_DNE_0_v2,e3d0862d-9c14-4343-8dff-78c6deffbb0e_Feb_5__2026__11_56_33_AM.log,3.6.1,approve,,end,10,139,5,6,6,13,13,15,41,14,26
7fdae87e7251441ebfddda806921c074_DNE_0_v2,e3fbcf5d-1b6c-4d2b-9d07-72011c488d94-1770126396_Feb_20__2026__1_16_10_PM.log,3.6.1,approve,,end,10,467,174,18,50,36,48,27,75,13,26
19871392fde945ada11dd07f28b3ad4e_DNE_0_v2,e49a894b-d003-434e-ac0f-c4c999d0635e_Feb_22__2026__4_11_08_PM.log,3.6.1,approve,,end,10,307,64,24,70,14,31,37,36,14,17
a74f64be26bd4ff7ba279d0c8fdcbb5e_DNE_0_v2,e4c99942-78ad-402a-9555-eff292fba788_Feb_23__2026__11_01_24_AM.log,3.6.1,approve,,end,10,188,28,15,10,19,27,20,47,14,8
5998fb972d6646778d9bf671336e5dd2_DNE_0_v2,e4f0e75f-51ff-44b1-885d-832af9cf14f3_Feb_5__2026__11_17_56_AM.log,3.6.1,approve,,end,10,238,23,15,30,24,54,18,44,13,17
5a69572f824b417dac95bf9f9bc396be_DNE_0_v2,e51f7a39-b51b-4f39-b869-12d0bb3b2bc2_Feb_23__2026__2_51_11_PM.log,3.6.1,aborted,,end,4,115,89,26,,,,,,,
5a69572f824b417dac95bf9f9bc396be_DNE_1_v2,e51f7a39-b51b-4f39-b869-12d0bb3b2bc2_Feb_23__2026__2_54_42_PM.log,3.6.1,approve,,end,10,325,89,26,88,17,23,13,56,13,
c2a9fea931014d698fa54315e6aa656d_DNE_0_v2,e58dd5e5-c4aa-4db4-adeb-999d8bc2d8ec-1770970869_Feb_13__2026__1_18_25_PM.log,3.6.1,approve,,end,10,208,17,27,20,20,19,18,56,19,12
7a1e799956a84bdcb3e0854bfa7d2ada_DNE_0_v2,e5bd4b06-608b-4b4c-9335-42f94cc57d5e_Feb_23__2026__9_41_50_PM.log,3.6.1,approve,,end,10,608,351,17,67,21,30,31,51,14,26
585a0dd57055454f8fa7fcd139f88fac_DNE_0_v2,e5d7a6a9-96d8-448a-b77e-5f9294ecdc47_Feb_20__2026__7_52_01_PM.log,3.6.1,unknown,,voice-liveness-check,2,78,78,,,,,,,,
585a0dd57055454f8fa7fcd139f88fac_DNE_1_v2,e5d7a6a9-96d8-448a-b77e-5f9294ecdc47_Feb_20__2026__7_56_27_PM.log,3.6.1,aborted,,end,3,78,78,,,,,,,,
585a0dd57055454f8fa7fcd139f88fac_DNE_2_v2,e5d7a6a9-96d8-448a-b77e-5f9294ecdc47_Feb_20__2026__7_58_56_PM.log,3.6.1,aborted,,end,3,78,78,,,,,,,,
43c3b353b0fe4005867f977301c2f860_DNE_0_v2,e5d7a6a9-96d8-448a-b77e-5f9294ecdc47_Feb_20__2026__8_04_21_PM.log,3.6.1,aborted,,end,3,24,24,,,,,,,,
43c3b353b0fe4005867f977301c2f860_DNE_1_v2,e5d7a6a9-96d8-448a-b77e-5f9294ecdc47_Feb_20__2026__8_09_00_PM.log,3.6.1,aborted,,end,3,24,24,,,,,,,,
17cacd177c4749dfa9276dca70b5da63_DNE_0_v2,e5d7a6a9-96d8-448a-b77e-5f9294ecdc47_Feb_20__2026__8_11_35_PM.log,3.6.1,unknown,,voice-liveness-check,2,9,9,,,,,,,,
43e0ca3417e043d3a36a5a0ca18dd10e_DNE_0_v2,e6218b41-7023-47f9-aada-2822d7988406_Feb_22__2026__9_19_19_PM.log,3.6.1,approve,,end,10,233,25,18,15,28,30,25,44,13,35
a6b1b2b6a04f467b945e683e4e173fb9_DNE_0_v2,e62d4f6e-a0d0-4240-bad8-9c4570b2b0bd_Feb_12__2026__6_24_33_PM.log,3.6.1,approve,,end,10,237,16,15,15,34,36,20,58,13,30
9ca25f706b094aa7991cb895c40708f6_DNE_0_v2,e688b52a-1214-45a3-9d89-004efb9e7ee7-1772011758_Feb_26__2026__10_50_08_AM.log,3.6.1,approve,,end,10,176,6,31,12,19,26,13,40,13,16
9084c95f34d64d8faa603e663799f22d_DNE_0_v2,e7c8e6f6-e59d-464d-b0d5-2f7c091089b8_Feb_26__2026__11_48_24_AM.log,3.6.1,approve,,end,10,217,18,21,11,33,40,15,47,14,18
bad4594df1874b378b0c647e3ac51c07_DNE_0_v2,e855fb64-5b1c-40cd-9047-c3efcc9a5cf5_Feb_20__2026__9_47_58_AM.log,3.6.1,approve,,end,10,245,62,19,6,35,17,13,44,25,24
7f6dab8bbaa3450cb18739b0749cc1a3_DNE_0_v2,e89f3a5e-edec-4e41-98e6-abcb51df3db5_Feb_15__2026__2_29_29_PM.log,3.6.1,approve,,end,10,291,24,24,19,28,83,25,55,14,19
c790046da2e145aba8c8423c093096db_DNE_0_v2,e8d36464-9f27-430a-a6e3-8bca5f9dea37_Mar_4__2026__5_39_45_PM.log,3.6.1,reject,no-more-photo-candidate-allowed,end,6,344,18,253,34,39,,,,,
5c4e908599bb4495b5008b1188e49fc6_DNE_0_v2,e94d79a1-39f2-4c5d-afc3-3fe35f27c1c8-1770981049_Feb_13__2026__6_50_11_PM.log,3.6.1,approve,,end,9,243,12,13,68,18,41,34,,,57
1ec5f4969ed840b7ac9f2e59ae478f2b_DNE_0_v2,e96bb894-da36-44a6-8f47-aff2dcf50fee-1771238469_Feb_17__2026__3_47_03_PM.log,3.6.1,approve,,end,10,210,7,13,8,53,20,32,44,13,20
33c23804b2ec48ffa0b08d7c5f3e1648_DNE_0_v2,e96bb894-da36-44a6-8f47-aff2dcf50fee_Feb_16__2026__9_20_28_AM.log,3.6.1,approve,,end,10,480,304,26,12,22,30,16,57,13,
724880b3678040d4947506310cd625ca_DNE_0_v2,ea56e99a-bf4e-4205-bdc2-69f8259c0bb0-1771839590_Feb_23__2026__11_57_35_AM.log,3.6.1,approve,,end,10,213,12,35,18,31,22,18,44,14,19
cade13bb27444c4d88106f5cba28798f_DNE_0_v2,ea85a24e-f879-4b50-8bc4-aafee25df2d6_Feb_26__2026__1_02_44_PM.log,3.6.1,aborted,,end,4,42,24,18,,,,,,,
cade13bb27444c4d88106f5cba28798f_DNE_1_v2,ea85a24e-f879-4b50-8bc4-aafee25df2d6_Feb_26__2026__1_07_21_PM.log,3.6.1,approve,,end,10,470,24,18,312,26,26,15,36,13,
c3e4edea9e9b424d847fc682e57e8cdd_DNE_0_v2,eac98fcd-9244-4b79-8942-ddcecb039db2_Feb_26__2026__10_07_36_AM.log,3.6.1,approve,,end,10,195,20,48,14,12,18,15,46,14,8
53481b83c56d45fba490430cb1db0b0d_DNE_0_v2,eb0a0b9b-1373-4df5-819e-02253a047109_Feb_26__2026__11_35_02_AM.log,3.6.1,approve,,end,10,255,26,33,10,29,34,22,56,13,32
97951ca0d4884b83ab20852164f8250c_DNE_0_v2,ebf552a3-46ad-414b-8476-fe711371ac13-1772786896_Mar_6__2026__10_17_47_AM.log,3.6.1,aborted,,end,4,31,7,24,,,,,,,
97951ca0d4884b83ab20852164f8250c_DNE_2_v2,ebf552a3-46ad-414b-8476-fe711371ac13-1772786896_Mar_6__2026__10_23_58_AM.log,3.6.1,approve,,end,10,448,7,24,106,20,17,14,57,203,
9d7b56cd5cd747b59b434ecc774780ec_DNE_0_v2,ec8bbed7-94c6-44c4-aeee-3130235a80c5_Feb_19__2026__4_19_44_PM.log,3.6.1,approve,,end,10,241,35,30,18,35,23,17,55,14,14
6781171ddd414bf39fa6035a1f65a307_DNE_0_v2,ecd4b6d4-78bc-4ff8-9cc7-edc3e5ef8f3a_Feb_19__2026__8_49_35_AM.log,3.6.1,approve,,end,10,241,32,18,26,24,31,14,56,13,27
24ddcf7977b44e438f268eedff41538f_DNE_0_v2,ed1e425b-c125-456b-a7ec-31ff9a342d3d_Feb_26__2026__2_06_08_PM.log,3.6.1,approve,,end,10,260,29,16,67,27,18,14,51,14,24
f3819fe9455b4e5eb303303c32ffd69c_DNE_0_v2,ed644f31-170a-48cf-8289-6b4864b39886_Feb_17__2026__12_26_30_PM.log,3.6.1,approve,,end,10,244,23,16,17,39,30,15,57,15,32
48c659d92526417bab93f70fbbf04237_DNE_0_v2,ed7462ca-9576-4ced-aeda-b7b46a12b9c1_Feb_16__2026__1_10_25_PM.log,3.6.1,approve,,end,10,381,27,18,67,134,37,25,47,13,13
6a68ea4e8d22453491a7375812d86b6a_DNE_0_v2,ed96c9f0-c3bc-4a1c-b7c5-f2c68a2eb297_Feb_25__2026__10_05_21_AM.log,3.6.1,aborted,,end,3,39,39,,,,,,,,
6a68ea4e8d22453491a7375812d86b6a_DNE_1_v2,ed96c9f0-c3bc-4a1c-b7c5-f2c68a2eb297_Feb_25__2026__10_12_23_AM.log,3.6.1,approve,,end,10,575,39,313,32,21,79,27,50,14,
54102053903d45f7ac101d36b425ebfb_DNE_0_v2,ee1444e3-7991-4742-8658-9c36be0cb7ce_Feb_11__2026__8_38_41_AM.log,3.6.1,aborted,,end,9,202,20,22,12,61,22,16,49,,
3eed6399134f40d8b29cc60b3a0cdb9d_DNE_0_v2,ee55c9ce-2f77-4264-a5a8-bf1c532c9ea6_Feb_27__2026__1_57_46_PM.log,3.6.1,approve,,end,10,329,46,27,76,47,37,23,45,14,14
ba5df38ccf8e499399611a8db06874fc_DNE_0_v2,eed0c375-2d5c-4767-aa40-76f2ccfadd05_Feb_18__2026__11_50_00_AM.log,3.6.1,aborted,,end,3,112,112,,,,,,,,
ba5df38ccf8e499399611a8db06874fc_DNE_1_v2,eed0c375-2d5c-4767-aa40-76f2ccfadd05_Feb_18__2026__11_55_41_AM.log,3.6.1,approve,,end,10,476,112,121,77,42,39,18,53,14,
2676bc99032741f3ba8894a8c8ad7dff_DNE_0_v2,ef39cde3-a96c-4d17-b4fe-6afef08747f4-1771317104_Feb_18__2026__8_21_56_AM.log,3.6.1,approve,,end,10,158,16,13,8,22,20,12,46,14,7
0108d163393843d49cadd7b3fdb8deb9_DNE_0_v2,ef4a67d5-aa80-4916-b350-6993fdb2b877_Feb_25__2026__11_41_49_AM.log,3.6.1,aborted,,end,4,63,35,28,,,,,,,
2afaa0f4ecb046bea39b229610a96fac_DNE_0_v2,ef4a67d5-aa80-4916-b350-6993fdb2b877_Feb_25__2026__11_47_25_AM.log,3.6.1,aborted,,end,3,23,23,,,,,,,,
2afaa0f4ecb046bea39b229610a96fac_DNE_1_v2,ef4a67d5-aa80-4916-b350-6993fdb2b877_Feb_25__2026__11_48_49_AM.log,3.6.1,aborted,,end,4,112,23,89,,,,,,,
2afaa0f4ecb046bea39b229610a96fac_DNE_2_v2,ef4a67d5-aa80-4916-b350-6993fdb2b877_Feb_25__2026__11_54_27_AM.log,3.6.1,approve,,end,10,416,23,89,149,23,39,18,62,13,
6029ce7a7db24a719fbba068579188fc_DNE_0_v2,efd2eee1-a836-4556-8a89-2dcc121d33c4_Feb_18__2026__6_37_06_PM.log,3.6.1,approve,,end,10,511,307,16,19,22,18,19,62,14,34
0e3fe3563b0c46f5bf46bbbe4c180cc3_DNE_0_v2,efee175c-607b-4e64-bd61-0bc6172cbecc_Feb_18__2026__7_50_42_AM.log,3.6.1,aborted,,end,5,59,21,19,19,,,,,,
0e3fe3563b0c46f5bf46bbbe4c180cc3_DNE_1_v2,efee175c-607b-4e64-bd61-0bc6172cbecc_Feb_18__2026__7_56_25_AM.log,3.6.1,approve,,end,10,376,21,19,19,186,37,24,56,14,
8c0af48d53e14fa1a939daa22405facf_DNE_0_v2,f06e246e-f82f-425d-99cb-61c3b3162d78_Feb_19__2026__12_25_48_PM.log,3.6.1,approve,,end,10,268,88,26,8,21,31,13,56,13,12
9aef92b6be1b4b8696c1e728e97c280d_DNE_0_v2,f0a9b9dc-3975-4de9-b129-eeee40c0b56a-1770905143_Feb_12__2026__4_12_49_PM.log,3.6.1,reject,no-more-photo-candidate-allowed,end,6,119,11,18,68,22,,,,,
9aef92b6be1b4b8696c1e728e97c280d_DNE_1_v2,f0a9b9dc-3975-4de9-b129-eeee40c0b56a-1770905143_Feb_12__2026__4_15_54_PM.log,3.6.1,reject,no-more-photo-candidate-allowed,end,6,119,11,18,68,22,,,,,
9aef92b6be1b4b8696c1e728e97c280d_DNE_2_v2,f0a9b9dc-3975-4de9-b129-eeee40c0b56a-1770905143_Feb_12__2026__4_19_29_PM.log,3.6.1,reject,no-more-photo-candidate-allowed,end,6,119,11,18,68,22,,,,,
9aef92b6be1b4b8696c1e728e97c280d_DNE_3_v2,f0a9b9dc-3975-4de9-b129-eeee40c0b56a-1770905143_Feb_12__2026__4_22_29_PM.log,3.6.1,reject,no-more-photo-candidate-allowed,end,6,119,11,18,68,22,,,,,
c2ff50e300034195b112ace426c9133e_DNE_0_v2,f0acbad5-39d0-4b1f-875f-477e26fcdfd1_Feb_25__2026__1_15_43_PM.log,3.6.1,approve,,end,10,250,20,19,69,13,34,16,37,13,29
c196c7dd8b114496b5b1e39e71fa26ee_DNE_0_v2,f0ca1b38-3008-4681-b913-6b674da91709_Feb_17__2026__7_22_26_PM.log,3.6.1,approve,,end,10,262,30,19,78,21,17,28,42,14,13
a2f8af54e03a4e6895c8a1fe30ee5d8d_DNE_0_v2,f0f5da36-6b60-4272-815f-60da02e9a572-1771575896_Feb_23__2026__10_09_59_AM.log,3.6.1,approve,,end,10,195,16,9,16,16,21,16,47,13,41
f2a717a7813444f7bd5a909a89482c87_DNE_0_v2,f143f944-a57b-4389-9d3d-873911890db1_Feb_26__2026__6_52_38_PM.log,3.6.1,approve,,end,10,275,23,76,11,28,30,18,61,14,14
1f01038eef894618ab292108b9da69b1_DNE_0_v2,f1dd0bfc-4d5b-4888-ab41-6bd8baaffc98_Feb_17__2026__12_13_11_PM.log,3.6.1,approve,,end,10,314,39,29,68,25,21,16,52,14,50
3653512d163f4c68ba69aee38afaf39a_DNE_0_v2,f2480993-9604-43cb-80ef-9e008cc70685_Feb_12__2026__3_29_30_PM.log,3.6.1,approve,,end,10,212,27,14,14,22,27,23,43,14,28
a954251fba91400e9f444415ce9b31f4_DNE_0_v2,f2df9f42-16d1-494a-9a65-f0bb0b77b5d3-1772447857_Mar_3__2026__11_42_59_AM.log,3.6.1,approve,,end,10,377,23,32,74,52,55,21,59,14,47
51e5d50b76c24f37bcd05d7bb9d94e2c_DNE_0_v2,f2df9f42-16d1-494a-9a65-f0bb0b77b5d3-1772535929_Mar_3__2026__4_31_16_PM.log,3.6.1,approve,,end,10,305,18,16,31,32,69,25,56,13,45
a2a00133142f4bd7a044606ad8dbb3ad_DNE_0_v2,f2df9f42-16d1-494a-9a65-f0bb0b77b5d3_Mar_2__2026__11_04_14_AM.log,3.6.1,approve,,end,10,379,30,55,59,49,47,28,61,14,36
04d61c7270664a06b56f1b8f9cb4f7f8_DNE_0_v2,f2f111d3-236f-450e-bde1-38fee638aeeb_Feb_24__2026__11_26_08_AM.log,3.6.1,approve,,end,10,173,10,11,10,17,19,18,45,14,29
71b4635be41445e2aa9632f99217f1f7_DNE_0_v2,f389a444-8788-4398-9dc1-3746d8312cad-1770803507_Feb_16__2026__8_22_00_AM.log,3.6.1,aborted,,end,9,421,24,53,75,165,35,22,47,,
71b4635be41445e2aa9632f99217f1f7_DNE_1_v2,f389a444-8788-4398-9dc1-3746d8312cad-1770803507_Feb_16__2026__8_32_34_AM.log,3.6.1,approve,,end,10,1007,24,53,75,165,35,22,47,586,
7be25aad179a4da48712f137718898d9_DNE_0_v2,f535693f-81d2-41df-b2ef-4f5b5bf79aa0_Feb_16__2026__10_54_40_AM.log,3.6.1,approve,,end,10,188,21,21,6,25,18,12,56,14,15
36625256c1924fc8951550d8adc6de44_DNE_0_v2,f5565fc6-4fee-4e04-b4c3-f85c65458c04_Feb_26__2026__3_09_36_PM.log,3.6.1,approve,,end,10,191,34,16,8,14,21,22,40,13,23
7734846a47964edb96bec091b8286bf0_DNE_0_v2,f55af81e-8f2b-4125-8407-c4a518d2031e_Feb_26__2026__2_55_43_PM.log,3.6.1,approve,,end,10,238,43,29,17,42,28,12,34,14,19
07e91ee5792d49bf89bdca1cddb59e22_DNE_0_v2,f5c8db15-7a15-4d9b-949a-6d523a1ee634_Feb_25__2026__3_29_22_PM.log,3.6.1,approve,,end,10,347,43,18,9,156,23,15,47,14,22
398f89cf47ff4f6fb81c13676a21c6c5_DNE_0_v2,f5e8dc4c-0a6d-4de5-bcda-beb6cc4cdecf_Feb_6__2026__2_59_30_PM.log,3.6.1,aborted,,end,5,85,42,19,24,,,,,,
398f89cf47ff4f6fb81c13676a21c6c5_DNE_1_v2,f5e8dc4c-0a6d-4de5-bcda-beb6cc4cdecf_Feb_6__2026__3_13_00_PM.log,3.6.1,approve,,end,10,844,42,19,24,501,152,30,62,14,
ab9fc9eef9e744198f390f65ce853074_DNE_0_v2,f5ead5a4-4c14-458d-b35f-770b0a62781d_Feb_5__2026__5_30_09_PM.log,3.6.1,aborted,,end,3,9,9,,,,,,,,
f5142dc32d3943848d5d24e92bd9d556_DNE_0_v2,f611ca26-c872-459a-877c-962098fa46a6_Feb_20__2026__9_38_33_AM.log,3.6.1,approve,,end,10,329,38,41,32,29,42,16,47,14,70
debe0fbd88524fe6bfaf981db01a5c60_DNE_0_v2,f654864d-fc2b-4873-8998-207a8b161cea_Feb_14__2026__12_07_10_PM.log,3.6.1,approve,,end,10,208,26,21,19,22,20,18,46,13,23
889067bbf54c4d548b5e3ebc6d53e4a1_DNE_0_v2,f69b1fee-9c0b-4e92-8f72-01a88c27e9cf-1771257583_Feb_16__2026__8_17_17_PM.log,3.6.1,unknown,,voice-liveness-check,2,60,60,,,,,,,,
889067bbf54c4d548b5e3ebc6d53e4a1_DNE_1_v2,f69b1fee-9c0b-4e92-8f72-01a88c27e9cf-1771257583_Feb_16__2026__8_20_55_PM.log,3.6.1,aborted,,end,3,60,60,,,,,,,,
68b18aa823694f51ad51dad32a5f6795_DNE_0_v2,f69b1fee-9c0b-4e92-8f72-01a88c27e9cf-1771257583_Feb_17__2026__9_42_51_AM.log,3.6.1,unknown,,voice-liveness-check,2,13,13,,,,,,,,
68b18aa823694f51ad51dad32a5f6795_DNE_1_v2,f69b1fee-9c0b-4e92-8f72-01a88c27e9cf-1771257583_Feb_17__2026__9_45_42_AM.log,3.6.1,aborted,,end,3,13,13,,,,,,,,
92777803aac046408b20df2c209eb324_DNE_0_v2,f6b3fc29-4020-43aa-8839-ef258b0a106f_Feb_12__2026__12_02_17_PM.log,3.6.1,approve,,end,10,296,34,33,35,73,24,17,49,14,17
904fee93b6324c5db528727b65381457_DNE_0_v2,f6b7d37f-15fc-4fe5-83ca-a6c7418f8a54_Feb_13__2026__11_46_02_AM.log,3.6.1,approve,,end,10,276,22,14,25,42,44,23,55,14,37
a5f93d6df21b483b96d9ab02aed74ba4_DNE_0_v2,f6cfaac6-2729-4057-b42b-11b2554e1f9d_Feb_24__2026__1_27_54_PM.log,3.6.1,approve,,end,10,374,62,38,67,46,41,15,59,13,33
8d3c1ceb8c364b168da85011c20e4ab8_DNE_0_v2,f6ffb1a5-5c9e-47e4-a9c4-9673a7a32d90_Feb_25__2026__12_32_17_PM.log,3.6.1,approve,,end,10,220,54,21,8,17,21,13,45,14,27
fcb7fcfa1a6c433f8db5009af573536d_DNE_0_v2,f739249b-fc5b-40de-a105-55a6d3eab344_Feb_11__2026__6_54_20_PM.log,3.6.1,aborted,,end,8,203,50,24,15,35,40,39,,,
35d833ef5c154c11b1b4d03d75ff2a19_DNE_0_v2,f7415429-3167-498c-a693-34986e1577a1-1771248082_Feb_18__2026__3_35_50_PM.log,3.6.1,approve,,end,10,254,34,13,70,21,17,12,56,14,17
456c635dd575439ebc5f4017ffb07d4b_DNE_0_v2,f782c300-172b-4dbf-9294-cf55f35e71f9-1772348606_Mar_4__2026__2_35_15_PM.log,3.6.1,approve,,end,10,300,23,11,67,39,39,20,52,13,36
98cff47e6feb4066a9ed93880d61fdc2_DNE_0_v2,f787eb5e-875c-437d-8acc-a2d85ff29b7e_Mar_2__2026__5_29_33_PM.log,3.6.1,approve,,end,10,145,8,14,6,13,18,11,44,14,17
401d1132e4f34a759353f5025dae424f_DNE_0_v2,f79927ef-e0ad-47e4-ac84-3919bc84d007_Feb_20__2026__10_50_51_AM.log,3.6.1,aborted,,end,4,49,36,13,,,,,,,
401d1132e4f34a759353f5025dae424f_DNE_1_v2,f79927ef-e0ad-47e4-ac84-3919bc84d007_Feb_20__2026__10_54_48_AM.log,3.6.1,approve,,end,10,361,36,13,149,33,36,24,56,14,
80c9aa26f71742b4ac356e74bfc31bcf_DNE_0_v2,f816ea92-47f6-45e7-9547-1828e21099d1_Mar_6__2026__1_55_34_PM.log,3.6.1,approve,,end,10,346,36,116,19,22,25,14,40,13,61
cf5bcf4ed8d54de0985aab4e31ad3443_DNE_0_v2,f817473b-b699-41e2-a146-5ff6734ccc83_Feb_26__2026__3_28_19_PM.log,3.6.1,approve,,end,10,335,46,50,68,16,38,22,40,13,42
85b7bf9200f840a79640f3c0e419fedb_DNE_0_v2,f948d223-5f34-4d14-ad19-425bc2ed28d9_Feb_25__2026__3_20_57_PM.log,3.6.1,approve,,end,10,279,66,17,67,21,19,13,43,14,19
5ce4784b1ba34650b53d70991878562e_DNE_0_v2,f95ce818-e764-4a09-8f17-dfb0035b7fd0_Mar_2__2026__9_39_41_AM.log,3.6.1,aborted,,end,9,225,82,25,8,21,28,16,45,,
7e2f94f990db4c6d9c60254210b893ca_DNE_0_v2,f9617d12-3d79-413b-9d9e-ede6eb4f1475-1771849008_Feb_23__2026__1_32_48_PM.log,3.6.1,approve,,end,10,372,45,46,40,46,77,29,55,14,20
f0ec5276c7664f08b320d6a00f7f9e43_DNE_0_v2,f981f719-4af4-4254-b224-7806fc90d759_Feb_6__2026__6_42_06_AM.log,3.6.1,approve,,end,10,222,26,24,12,19,38,13,47,13,30
db6961d457ab48abb3fab5b0b29cd0cf_DNE_0_v2,f983948b-e735-442a-9143-4c14330eaab6_Feb_12__2026__2_12_09_PM.log,3.6.1,approve,,end,10,190,20,19,14,17,23,16,46,14,21
b870a2bd12fc4764aff44676b81d1683_DNE_0_v2,f985f938-0967-465b-bdf4-4a7b003b997b_Feb_25__2026__7_42_10_PM.log,3.6.1,aborted,,end,3,2816,2816,,,,,,,,
b870a2bd12fc4764aff44676b81d1683_DNE_1_v2,f985f938-0967-465b-bdf4-4a7b003b997b_Feb_25__2026__7_44_38_PM.log,3.6.1,approve,,end,9,2911,2816,39,12,17,16,11,,,
b870a2bd12fc4764aff44676b81d1683_DNE_2_v2,f985f938-0967-465b-bdf4-4a7b003b997b_Feb_25__2026__7_45_13_PM.log,3.6.1,approve,,end,9,2911,2816,39,12,17,16,11,,,
0bea71767d434c60bb0fb97968bd6235_DNE_0_v2,fa1a4f84-2afe-4dee-997b-6edf6677400d_Feb_21__2026__5_34_10_PM.log,3.6.1,approve,,end,10,237,10,23,71,12,20,15,43,13,30
bfe20a24085b494eb117302b8e5c1384_DNE_0_v2,fa2dacf5-c1c7-460e-b410-042dc5218ef5-1772104364_Feb_26__2026__12_19_04_PM.log,3.6.1,approve,,end,10,216,32,23,20,14,15,15,66,14,17
b0afbf773dd8452388973dc456f090d3_DNE_0_v2,fa3630f9-afce-43ed-a46e-460b0d82bbc0_Feb_12__2026__10_10_32_AM.log,3.6.1,approve,,end,10,229,75,23,11,29,16,17,31,14,13
6351bff3767a40bbaa99bbd7dc9854c3_DNE_0_v2,fa36eb39-4921-4286-9d8c-a0b401932e81_Mar_5__2026__3_25_50_PM.log,3.6.1,approve,,end,10,266,18,32,23,22,21,18,61,14,57
de7d0028ab54491983aea837e7a1c4ca_DNE_0_v2,fa7f95de-94f1-4f4e-81ba-1f478083468a_Mar_3__2026__2_32_55_PM.log,3.6.1,aborted,,end,3,22,22,,,,,,,,
45c822d9d1d0492faa607168485f44e2_DNE_0_v2,fa7f95de-94f1-4f4e-81ba-1f478083468a_Mar_3__2026__2_35_15_PM.log,3.6.1,aborted,,end,3,6,6,,,,,,,,
8401b4ddfa9b4bb782ba8f8fc8c79f2d_DNE_0_v2,fadbd861-c76e-46e7-a9bb-96ff7526c7a4_Feb_24__2026__2_45_45_PM.log,3.6.1,approve,,end,10,261,23,16,19,22,96,12,54,14,5
936c0c1fdaba4979b22975143f3adf7a_DNE_0_v2,fb0447fe-df83-4277-a4cf-8e8593ac3c81_Feb_20__2026__10_41_56_AM.log,3.6.1,approve,,end,10,997,672,15,67,95,35,20,52,13,28
78f1ca30bab3446a94566012f99aa564_DNE_0_v2,fb9c226a-805d-4fe6-a715-376a406b15cb_Feb_23__2026__1_45_29_PM.log,3.6.1,approve,,end,10,187,35,12,10,15,17,14,40,14,30
0f9a41ea167d4cca8dd37d71f13f54f1_DNE_0_v2,fbd5ef07-730a-45ca-b2d6-433e3a731850_Feb_18__2026__12_10_02_PM.log,3.6.1,approve,,end,10,794,630,22,21,35,16,14,35,13,8
35acfe701fba478aa804af457b3b5510_DNE_0_v2,fbf283a2-2626-48c7-ad96-5908eaa3397a_Mar_3__2026__3_45_16_PM.log,3.6.1,approve,,end,10,266,53,16,16,37,28,21,44,13,38
00cfaedf952a4c7ab8e1793ad54a7d91_DNE_0_v2,fc671f20-1412-417b-b8ab-652e71b7a409_Feb_6__2026__10_58_09_AM.log,3.6.1,approve,,end,10,191,16,16,9,25,16,22,48,13,26
b656c0f3cb01439e82eef30f247a5758_DNE_0_v2,fc860c8a-58c2-4600-b2ef-b592d6ba4343_Feb_11__2026__3_57_36_PM.log,3.6.1,aborted,,end,3,25,25,,,,,,,,
41bf6d4249f54eeda991109f357889a7_DNE_0_v2,fc8bd6d2-e2ed-4808-aec8-9280f5cecaad_Feb_23__2026__10_13_18_AM.log,3.6.1,approve,,end,10,285,28,71,8,27,31,17,47,13,43
c0c99df21b6443da8df3fcf35c3df41d_DNE_0_v2,fd33c361-7c07-41ed-9808-8ed30ac8b97f_Feb_5__2026__1_22_35_PM.log,3.6.1,approve,,end,10,349,142,26,9,42,14,12,47,17,40
cf770550455145e483ebc929473db638_DNE_0_v2,fdbdf10f-e184-49e0-8f52-94bb317bc68c_Feb_18__2026__1_49_56_PM.log,3.6.1,approve,,end,10,222,7,10,67,22,17,23,34,13,29
3eeb1e7c128e4d41908cb3cc2d68fada_DNE_0_v2,fdfbfd2a-8e32-4415-b440-887a3a742f5c-1771255588_Feb_16__2026__5_09_43_PM.log,3.6.1,approve,,end,10,173,5,21,11,21,28,13,55,13,6
0d9ed940d5ce44fca2d01e1b3cb6200d_DNE_0_v2,fdfbfd2a-8e32-4415-b440-887a3a742f5c_Feb_16__2026__8_39_04_AM.log,3.6.1,approve,,end,10,1431,1184,28,69,34,18,13,56,13,16
7df217a4252a4ed2a6050cbdd115da21_DNE_0_v2,fe35240b-9e93-47f6-af04-521a928ed85d_Feb_13__2026__10_53_14_AM.log,3.6.1,aborted,,end,4,346,329,17,,,,,,,
77b9bd2d9d684ff2867b283097f86754_DNE_0_v2,fe35240b-9e93-47f6-af04-521a928ed85d_Feb_13__2026__11_46_49_AM.log,3.6.1,aborted,,end,9,139,6,8,9,18,43,13,42,,
77b9bd2d9d684ff2867b283097f86754_DNE_1_v2,fe35240b-9e93-47f6-af04-521a928ed85d_Feb_13__2026__11_49_56_AM.log,3.6.1,approve,,end,10,317,6,8,9,18,43,13,42,178,
3f4f1f14409a4f1c9163a41205d6bd4a_DNE_0_v2,fe3df15d-1238-480b-b347-91791d18a51b_Feb_20__2026__9_38_03_AM.log,3.6.1,approve,,end,10,203,31,17,16,19,21,29,46,14,10
95845eb579034ba2922dacd18c4867d0_DNE_0_v2,fe626c21-a839-41bd-bfa9-9705aa8567cd_Feb_27__2026__2_11_23_PM.log,3.6.1,approve,,end,10,193,15,14,9,33,30,23,35,14,20
cf86bd3ce7c44fe6a5f182d3c3c0e20e_DNE_0_v2,fe912632-6e21-4a39-a7e9-124062495f46_Mar_2__2026__3_41_39_PM.log,3.6.1,approve,,end,10,199,20,32,12,21,19,19,58,13,5
e74c0582053a473a9a90770a330a2e37_DNE_0_v2,feac9063-38a1-40cb-b8f9-79bf57895151_Mar_4__2026__4_35_14_PM.log,3.6.1,aborted,,end,9,238,21,20,73,30,29,20,45,,
1c9852832ea445a28d45451d29d30a06_DNE_0_v2,feac9063-38a1-40cb-b8f9-79bf57895151_Mar_4__2026__4_56_31_PM.log,3.6.1,approve,,end,10,1233,1006,17,17,29,32,37,53,14,28
1bc91e80d0c7407d919dc6f81ff35d1c_DNE_0_v2,fed42c10-6e32-46ce-b5c0-00574dfa6089_Feb_25__2026__3_17_47_PM.log,3.6.1,approve,,end,10,193,32,12,12,29,21,18,46,14,9
e0c213568ec74ce8b503d83ebbc23126_DNE_0_v2,ff4ef4db-52f8-408a-9e7b-8f0f81f65d3e-1771226045_Feb_16__2026__7_50_57_PM.log,3.6.1,aborted,,end,4,67,28,39,,,,,,,
e0c213568ec74ce8b503d83ebbc23126_DNE_1_v2,ff4ef4db-52f8-408a-9e7b-8f0f81f65d3e-1771226045_Feb_16__2026__7_56_08_PM.log,3.6.1,approve,,end,10,374,28,39,133,37,43,22,58,14,
9ff0664f55ed4ea9b88f4f06af5c656c_DNE_0_v2,ff4ef4db-52f8-408a-9e7b-8f0f81f65d3e-1771315720_Feb_17__2026__8_39_24_PM.log,3.6.1,aborted,,end,4,51,34,17,,,,,,,
9ff0664f55ed4ea9b88f4f06af5c656c_DNE_1_v2,ff4ef4db-52f8-408a-9e7b-8f0f81f65d3e-1771315720_Feb_17__2026__8_43_50_PM.log,3.6.1,approve,,end,10,308,34,17,89,29,47,22,57,13,
5b471831eeba4d09852eb6adab3ed88d_DNE_0_v2,ff83c3e6-3452-46dd-adda-4c9e02ae8959_Feb_14__2026__3_09_52_PM.log,3.6.1,approve,,end,10,228,37,27,9,18,36,30,40,13,18
a021ac9ebf074dc1ad84e18654cd700a_DNE_0_v2,not available_Feb_10__2026__12_35_12_PM.log,3.6.1,no-customer,no-available-customer (user re-scanned QR after completion),end,2,0,,,,,,,,,
53de74d9f7f9472aae988a4700bbd592_DNE_0_v2,not available_Feb_12__2026__12_10_22_PM.log,3.6.1,no-customer,no-available-customer (user re-scanned QR after completion),end,2,0,,,,,,,,,
f560ea16c5994529a31bc8b77194efb5_DNE_0_v2,not available_Feb_18__2026__2_09_38_PM.log,3.6.1,no-customer,no-available-customer (user re-scanned QR after completion),end,2,0,,,,,,,,,
d03aed8e4cb84f06964c489df8032e51_DNE_0_v2,not available_Feb_20__2026__6_47_16_PM.log,3.6.1,no-customer,no-available-customer (user re-scanned QR after completion),end,2,0,,,,,,,,,
ae144f303e4d428aab461ceef3d21770_DNE_1_v2,not available_Feb_23__2026__10_51_57_AM.log,3.6.1,no-customer,no-available-customer (user re-scanned QR after completion),end,2,0,,,,,,,,,
43334f97aefb4a558afc7f023bbdc0ae_DNE_0_v2,not available_Feb_25__2026__12_57_03_PM.log,3.6.1,no-customer,no-available-customer (user re-scanned QR after completion),end,2,0,,,,,,,,,
ea26259bf2ad4435aa4327730f7ef0e4_DNE_0_v2,not available_Feb_25__2026__1_02_29_PM.log,3.6.1,no-customer,no-available-customer (user re-scanned QR after completion),end,2,0,,,,,,,,,
53ef956f9e1c4a82a1bd5b8b18ba16e3_DNE_0_v2,not available_Feb_26__2026__1_54_03_PM.log,3.6.1,no-customer,no-available-customer (user re-scanned QR after completion),end,2,0,,,,,,,,,
de6483ceb5244e4d8f033f7d8bad6a61_DNE_0_v2,not available_Feb_26__2026__5_54_36_PM.log,3.6.1,no-customer,no-available-customer (user re-scanned QR after completion),end,2,0,,,,,,,,,
de6483ceb5244e4d8f033f7d8bad6a61_DNE_1_v2,not available_Feb_26__2026__5_54_46_PM.log,3.6.1,no-customer,no-available-customer (user re-scanned QR after completion),end,2,0,,,,,,,,,
06f8c468119c4160b8a153a127abde96_DNE_0_v2,not available_Feb_26__2026__5_56_28_PM.log,3.6.1,no-customer,no-available-customer (user re-scanned QR after completion),end,2,0,,,,,,,,,
257c307942524201bd13a954603c6182_DNE_0_v2,not available_Mar_2__2026__10_40_51_PM.log,3.6.1,no-customer,no-available-customer (user re-scanned QR after completion),end,2,0,,,,,,,,,
